[debug] [2025-07-17T19:43:39.487Z] [Firebase Plugin] Activating Firebase extension.
[debug] [2025-07-17T19:43:39.867Z] [Firebase Plugin] requireAuthWrapper
[debug] [2025-07-17T19:43:39.868Z] > command requires scopes: ["email","openid","https://www.googleapis.com/auth/cloudplatformprojects.readonly","https://www.googleapis.com/auth/firebase","https://www.googleapis.com/auth/cloud-platform"]
[debug] [2025-07-17T19:43:39.868Z] > authorizing via signed-in user (erickcgabriel123@gmail.com)
[debug] [2025-07-17T19:43:39.871Z] Checked if tokens are valid: true, expires at: 1752783835521
[debug] [2025-07-17T19:43:39.871Z] Checked if tokens are valid: true, expires at: 1752783835521
[debug] [2025-07-17T19:43:39.871Z] [Firebase Plugin] User found:  erickcgabriel123@gmail.com
[info] [Firebase Plugin] (Core:Project) New user detected, fetching projects
[debug] [2025-07-17T19:43:39.872Z] Checked if tokens are valid: true, expires at: 1752783835521
[debug] [2025-07-17T19:43:39.873Z] >>> [apiv2][query] GET https://firebase.googleapis.com/v1beta1/projects pageSize=1000
[debug] [2025-07-17T19:43:39.881Z] [Firebase Plugin] VSCode notification server listening on port 40001
[info] [Firebase Plugin] Starting Data Connect toolkit (version 2.8.0) on port 50001
[info] i  dataconnect: downloading dataconnect-emulator-2.8.0.exe... {"metadata":{"emulator":{"name":"dataconnect"},"message":"downloading dataconnect-emulator-2.8.0.exe..."}}
[debug] [2025-07-17T19:43:40.077Z] >>> [apiv2][query] GET https://storage.googleapis.com/firemat-preview-drop/emulator/dataconnect-emulator-windows-v2.8.0 
[debug] [2025-07-17T19:43:40.385Z] <<< [apiv2][status] GET https://storage.googleapis.com/firemat-preview-drop/emulator/dataconnect-emulator-windows-v2.8.0 200
[debug] [2025-07-17T19:43:40.386Z] <<< [apiv2][body] GET https://storage.googleapis.com/firemat-preview-drop/emulator/dataconnect-emulator-windows-v2.8.0 [stream]
[debug] [2025-07-17T19:43:40.611Z] <<< [apiv2][status] GET https://firebase.googleapis.com/v1beta1/projects 200
[debug] [2025-07-17T19:43:40.612Z] <<< [apiv2][body] GET https://firebase.googleapis.com/v1beta1/projects [omitted]
[debug] [2025-07-17T19:43:44.427Z] 'fdc build' failed with error: Unable to build your Data Connect schema and connectors (exit code 1): E0717 16:43:44.417265   12312 cmd.go:43] Error loading data connect config: could not find dataconnect.yaml in `c:\Dev\focus-bonus-app\dataconnect`
 {"metadata":{"emulator":{"name":"dataconnect"},"message":"'fdc build' failed with error: Unable to build your Data Connect schema and connectors (exit code 1): E0717 16:43:44.417265   12312 cmd.go:43] Error loading data connect config: could not find dataconnect.yaml in `c:\\Dev\\focus-bonus-app\\dataconnect`\n"}}
[debug] [2025-07-17T19:43:44.428Z] Ignoring unsupported arg: auto_download {"metadata":{"emulator":{"name":"dataconnect"},"message":"Ignoring unsupported arg: auto_download"}}
[debug] [2025-07-17T19:43:44.428Z] Ignoring unsupported arg: port {"metadata":{"emulator":{"name":"dataconnect"},"message":"Ignoring unsupported arg: port"}}
[debug] [2025-07-17T19:43:44.428Z] Starting Data Connect Emulator with command {"binary":"C:\\Users\\Erick\\.cache\\firebase\\emulators\\dataconnect-emulator-2.8.0.exe","args":["--logtostderr","-v=2","dev","--listen=localhost:50001","--config_dir=c:\\Dev\\focus-bonus-app\\dataconnect","--enable_output_schema_extensions=true","--enable_output_generated_sdk=true"],"optionalArgs":["listen","config_dir","enable_output_schema_extensions","enable_output_generated_sdk"],"joinArgs":true,"shell":false,"port":9399} {"metadata":{"emulator":{"name":"dataconnect"},"message":"Starting Data Connect Emulator with command {\"binary\":\"C:\\\\Users\\\\Erick\\\\.cache\\\\firebase\\\\emulators\\\\dataconnect-emulator-2.8.0.exe\",\"args\":[\"--logtostderr\",\"-v=2\",\"dev\",\"--listen=localhost:50001\",\"--config_dir=c:\\\\Dev\\\\focus-bonus-app\\\\dataconnect\",\"--enable_output_schema_extensions=true\",\"--enable_output_generated_sdk=true\"],\"optionalArgs\":[\"listen\",\"config_dir\",\"enable_output_schema_extensions\",\"enable_output_generated_sdk\"],\"joinArgs\":true,\"shell\":false,\"port\":9399}"}}
[info] i  dataconnect: Data Connect Emulator logging to dataconnect-debug.log {"metadata":{"emulator":{"name":"dataconnect"},"message":"Data Connect Emulator logging to \u001b[1mdataconnect-debug.log\u001b[22m"}}
[debug] [2025-07-17T19:43:44.476Z] E0717 16:43:44.470265   15868 load.go:23] Could not load config from "c:\\Dev\\focus-bonus-app\\dataconnect": could not find dataconnect.yaml in `c:\Dev\focus-bonus-app\dataconnect`
 {"metadata":{"emulator":{"name":"dataconnect"},"message":"E0717 16:43:44.470265   15868 load.go:23] Could not load config from \"c:\\\\Dev\\\\focus-bonus-app\\\\dataconnect\": could not find dataconnect.yaml in `c:\\Dev\\focus-bonus-app\\dataconnect`\n"}}
[debug] [2025-07-17T19:43:44.477Z] E0717 16:43:44.477271   15868 watch.go:76] watchAllDir unable to walk dir `c:\Dev\focus-bonus-app\dataconnect`: on path "c:\\Dev\\focus-bonus-app\\dataconnect" (DirEntry: <nil>): CreateFile c:\Dev\focus-bonus-app\dataconnect: The system cannot find the file specified.
 {"metadata":{"emulator":{"name":"dataconnect"},"message":"E0717 16:43:44.477271   15868 watch.go:76] watchAllDir unable to walk dir `c:\\Dev\\focus-bonus-app\\dataconnect`: on path \"c:\\\\Dev\\\\focus-bonus-app\\\\dataconnect\" (DirEntry: <nil>): CreateFile c:\\Dev\\focus-bonus-app\\dataconnect: The system cannot find the file specified.\n"}}
[debug] [2025-07-17T19:43:44.485Z] I0717 16:43:44.486216   15868 dev.go:95] Listening on address (HTTP + gRPC): 127.0.0.1:50001
 {"metadata":{"emulator":{"name":"dataconnect"},"message":"I0717 16:43:44.486216   15868 dev.go:95] Listening on address (HTTP + gRPC): 127.0.0.1:50001\n"}}
[error] [Firebase Plugin] error:  {}
[debug] [2025-07-17T19:43:54.477Z] E0717 16:43:54.477670   15868 load.go:23] Could not load config from "c:\\Dev\\focus-bonus-app\\dataconnect": could not find dataconnect.yaml in `c:\Dev\focus-bonus-app\dataconnect`
 {"metadata":{"emulator":{"name":"dataconnect"},"message":"E0717 16:43:54.477670   15868 load.go:23] Could not load config from \"c:\\\\Dev\\\\focus-bonus-app\\\\dataconnect\": could not find dataconnect.yaml in `c:\\Dev\\focus-bonus-app\\dataconnect`\n"}}
[debug] [2025-07-17T19:44:04.478Z] E0717 16:44:04.477928   15868 load.go:23] Could not load config from "c:\\Dev\\focus-bonus-app\\dataconnect": could not find dataconnect.yaml in `c:\Dev\focus-bonus-app\dataconnect`
 {"metadata":{"emulator":{"name":"dataconnect"},"message":"E0717 16:44:04.477928   15868 load.go:23] Could not load config from \"c:\\\\Dev\\\\focus-bonus-app\\\\dataconnect\": could not find dataconnect.yaml in `c:\\Dev\\focus-bonus-app\\dataconnect`\n"}}
[debug] [2025-07-17T19:44:14.478Z] E0717 16:44:14.477957   15868 load.go:23] Could not load config from "c:\\Dev\\focus-bonus-app\\dataconnect": could not find dataconnect.yaml in `c:\Dev\focus-bonus-app\dataconnect`
 {"metadata":{"emulator":{"name":"dataconnect"},"message":"E0717 16:44:14.477957   15868 load.go:23] Could not load config from \"c:\\\\Dev\\\\focus-bonus-app\\\\dataconnect\": could not find dataconnect.yaml in `c:\\Dev\\focus-bonus-app\\dataconnect`\n"}}
[debug] [2025-07-17T19:44:24.477Z] E0717 16:44:24.477409   15868 load.go:23] Could not load config from "c:\\Dev\\focus-bonus-app\\dataconnect": could not find dataconnect.yaml in `c:\Dev\focus-bonus-app\dataconnect`
 {"metadata":{"emulator":{"name":"dataconnect"},"message":"E0717 16:44:24.477409   15868 load.go:23] Could not load config from \"c:\\\\Dev\\\\focus-bonus-app\\\\dataconnect\": could not find dataconnect.yaml in `c:\\Dev\\focus-bonus-app\\dataconnect`\n"}}
[debug] [2025-07-17T19:44:34.477Z] E0717 16:44:34.477540   15868 load.go:23] Could not load config from "c:\\Dev\\focus-bonus-app\\dataconnect": could not find dataconnect.yaml in `c:\Dev\focus-bonus-app\dataconnect`
 {"metadata":{"emulator":{"name":"dataconnect"},"message":"E0717 16:44:34.477540   15868 load.go:23] Could not load config from \"c:\\\\Dev\\\\focus-bonus-app\\\\dataconnect\": could not find dataconnect.yaml in `c:\\Dev\\focus-bonus-app\\dataconnect`\n"}}
[debug] [2025-07-17T19:44:44.478Z] E0717 16:44:44.477913   15868 load.go:23] Could not load config from "c:\\Dev\\focus-bonus-app\\dataconnect": could not find dataconnect.yaml in `c:\Dev\focus-bonus-app\dataconnect`
 {"metadata":{"emulator":{"name":"dataconnect"},"message":"E0717 16:44:44.477913   15868 load.go:23] Could not load config from \"c:\\\\Dev\\\\focus-bonus-app\\\\dataconnect\": could not find dataconnect.yaml in `c:\\Dev\\focus-bonus-app\\dataconnect`\n"}}
[debug] [2025-07-17T19:44:54.479Z] E0717 16:44:54.479585   15868 load.go:23] Could not load config from "c:\\Dev\\focus-bonus-app\\dataconnect": could not find dataconnect.yaml in `c:\Dev\focus-bonus-app\dataconnect`
 {"metadata":{"emulator":{"name":"dataconnect"},"message":"E0717 16:44:54.479585   15868 load.go:23] Could not load config from \"c:\\\\Dev\\\\focus-bonus-app\\\\dataconnect\": could not find dataconnect.yaml in `c:\\Dev\\focus-bonus-app\\dataconnect`\n"}}
[debug] [2025-07-17T19:45:04.478Z] E0717 16:45:04.478054   15868 load.go:23] Could not load config from "c:\\Dev\\focus-bonus-app\\dataconnect": could not find dataconnect.yaml in `c:\Dev\focus-bonus-app\dataconnect`
 {"metadata":{"emulator":{"name":"dataconnect"},"message":"E0717 16:45:04.478054   15868 load.go:23] Could not load config from \"c:\\\\Dev\\\\focus-bonus-app\\\\dataconnect\": could not find dataconnect.yaml in `c:\\Dev\\focus-bonus-app\\dataconnect`\n"}}
[debug] [2025-07-17T19:45:14.478Z] E0717 16:45:14.477879   15868 load.go:23] Could not load config from "c:\\Dev\\focus-bonus-app\\dataconnect": could not find dataconnect.yaml in `c:\Dev\focus-bonus-app\dataconnect`
 {"metadata":{"emulator":{"name":"dataconnect"},"message":"E0717 16:45:14.477879   15868 load.go:23] Could not load config from \"c:\\\\Dev\\\\focus-bonus-app\\\\dataconnect\": could not find dataconnect.yaml in `c:\\Dev\\focus-bonus-app\\dataconnect`\n"}}
[debug] [2025-07-17T19:45:24.478Z] E0717 16:45:24.478084   15868 load.go:23] Could not load config from "c:\\Dev\\focus-bonus-app\\dataconnect": could not find dataconnect.yaml in `c:\Dev\focus-bonus-app\dataconnect`
 {"metadata":{"emulator":{"name":"dataconnect"},"message":"E0717 16:45:24.478084   15868 load.go:23] Could not load config from \"c:\\\\Dev\\\\focus-bonus-app\\\\dataconnect\": could not find dataconnect.yaml in `c:\\Dev\\focus-bonus-app\\dataconnect`\n"}}
[debug] [2025-07-17T19:45:34.478Z] E0717 16:45:34.477701   15868 load.go:23] Could not load config from "c:\\Dev\\focus-bonus-app\\dataconnect": could not find dataconnect.yaml in `c:\Dev\focus-bonus-app\dataconnect`
 {"metadata":{"emulator":{"name":"dataconnect"},"message":"E0717 16:45:34.477701   15868 load.go:23] Could not load config from \"c:\\\\Dev\\\\focus-bonus-app\\\\dataconnect\": could not find dataconnect.yaml in `c:\\Dev\\focus-bonus-app\\dataconnect`\n"}}
[debug] [2025-07-17T19:45:44.478Z] E0717 16:45:44.477773   15868 load.go:23] Could not load config from "c:\\Dev\\focus-bonus-app\\dataconnect": could not find dataconnect.yaml in `c:\Dev\focus-bonus-app\dataconnect`
 {"metadata":{"emulator":{"name":"dataconnect"},"message":"E0717 16:45:44.477773   15868 load.go:23] Could not load config from \"c:\\\\Dev\\\\focus-bonus-app\\\\dataconnect\": could not find dataconnect.yaml in `c:\\Dev\\focus-bonus-app\\dataconnect`\n"}}
[debug] [2025-07-17T19:45:44.511Z] E0717 16:45:44.511767   15868 watch.go:76] watchAllDir unable to walk dir `c:\Dev\focus-bonus-app\dataconnect`: on path "c:\\Dev\\focus-bonus-app\\dataconnect" (DirEntry: <nil>): CreateFile c:\Dev\focus-bonus-app\dataconnect: The system cannot find the file specified.
 {"metadata":{"emulator":{"name":"dataconnect"},"message":"E0717 16:45:44.511767   15868 watch.go:76] watchAllDir unable to walk dir `c:\\Dev\\focus-bonus-app\\dataconnect`: on path \"c:\\\\Dev\\\\focus-bonus-app\\\\dataconnect\" (DirEntry: <nil>): CreateFile c:\\Dev\\focus-bonus-app\\dataconnect: The system cannot find the file specified.\n"}}
[debug] [2025-07-17T19:45:54.477Z] E0717 16:45:54.477532   15868 load.go:23] Could not load config from "c:\\Dev\\focus-bonus-app\\dataconnect": could not find dataconnect.yaml in `c:\Dev\focus-bonus-app\dataconnect`
 {"metadata":{"emulator":{"name":"dataconnect"},"message":"E0717 16:45:54.477532   15868 load.go:23] Could not load config from \"c:\\\\Dev\\\\focus-bonus-app\\\\dataconnect\": could not find dataconnect.yaml in `c:\\Dev\\focus-bonus-app\\dataconnect`\n"}}
[debug] [2025-07-17T19:46:04.479Z] E0717 16:46:04.478954   15868 load.go:23] Could not load config from "c:\\Dev\\focus-bonus-app\\dataconnect": could not find dataconnect.yaml in `c:\Dev\focus-bonus-app\dataconnect`
 {"metadata":{"emulator":{"name":"dataconnect"},"message":"E0717 16:46:04.478954   15868 load.go:23] Could not load config from \"c:\\\\Dev\\\\focus-bonus-app\\\\dataconnect\": could not find dataconnect.yaml in `c:\\Dev\\focus-bonus-app\\dataconnect`\n"}}
[debug] [2025-07-17T19:46:14.479Z] E0717 16:46:14.479227   15868 load.go:23] Could not load config from "c:\\Dev\\focus-bonus-app\\dataconnect": could not find dataconnect.yaml in `c:\Dev\focus-bonus-app\dataconnect`
 {"metadata":{"emulator":{"name":"dataconnect"},"message":"E0717 16:46:14.479227   15868 load.go:23] Could not load config from \"c:\\\\Dev\\\\focus-bonus-app\\\\dataconnect\": could not find dataconnect.yaml in `c:\\Dev\\focus-bonus-app\\dataconnect`\n"}}
[debug] [2025-07-17T19:46:24.478Z] E0717 16:46:24.477699   15868 load.go:23] Could not load config from "c:\\Dev\\focus-bonus-app\\dataconnect": could not find dataconnect.yaml in `c:\Dev\focus-bonus-app\dataconnect`
 {"metadata":{"emulator":{"name":"dataconnect"},"message":"E0717 16:46:24.477699   15868 load.go:23] Could not load config from \"c:\\\\Dev\\\\focus-bonus-app\\\\dataconnect\": could not find dataconnect.yaml in `c:\\Dev\\focus-bonus-app\\dataconnect`\n"}}
[debug] [2025-07-17T19:46:34.478Z] E0717 16:46:34.477949   15868 load.go:23] Could not load config from "c:\\Dev\\focus-bonus-app\\dataconnect": could not find dataconnect.yaml in `c:\Dev\focus-bonus-app\dataconnect`
 {"metadata":{"emulator":{"name":"dataconnect"},"message":"E0717 16:46:34.477949   15868 load.go:23] Could not load config from \"c:\\\\Dev\\\\focus-bonus-app\\\\dataconnect\": could not find dataconnect.yaml in `c:\\Dev\\focus-bonus-app\\dataconnect`\n"}}
[debug] [2025-07-17T19:46:44.477Z] E0717 16:46:44.477593   15868 load.go:23] Could not load config from "c:\\Dev\\focus-bonus-app\\dataconnect": could not find dataconnect.yaml in `c:\Dev\focus-bonus-app\dataconnect`
 {"metadata":{"emulator":{"name":"dataconnect"},"message":"E0717 16:46:44.477593   15868 load.go:23] Could not load config from \"c:\\\\Dev\\\\focus-bonus-app\\\\dataconnect\": could not find dataconnect.yaml in `c:\\Dev\\focus-bonus-app\\dataconnect`\n"}}
[debug] [2025-07-17T19:46:54.478Z] E0717 16:46:54.478491   15868 load.go:23] Could not load config from "c:\\Dev\\focus-bonus-app\\dataconnect": could not find dataconnect.yaml in `c:\Dev\focus-bonus-app\dataconnect`
 {"metadata":{"emulator":{"name":"dataconnect"},"message":"E0717 16:46:54.478491   15868 load.go:23] Could not load config from \"c:\\\\Dev\\\\focus-bonus-app\\\\dataconnect\": could not find dataconnect.yaml in `c:\\Dev\\focus-bonus-app\\dataconnect`\n"}}
[debug] [2025-07-17T19:47:04.477Z] E0717 16:47:04.477778   15868 load.go:23] Could not load config from "c:\\Dev\\focus-bonus-app\\dataconnect": could not find dataconnect.yaml in `c:\Dev\focus-bonus-app\dataconnect`
 {"metadata":{"emulator":{"name":"dataconnect"},"message":"E0717 16:47:04.477778   15868 load.go:23] Could not load config from \"c:\\\\Dev\\\\focus-bonus-app\\\\dataconnect\": could not find dataconnect.yaml in `c:\\Dev\\focus-bonus-app\\dataconnect`\n"}}
[debug] [2025-07-17T19:47:14.478Z] E0717 16:47:14.477905   15868 load.go:23] Could not load config from "c:\\Dev\\focus-bonus-app\\dataconnect": could not find dataconnect.yaml in `c:\Dev\focus-bonus-app\dataconnect`
 {"metadata":{"emulator":{"name":"dataconnect"},"message":"E0717 16:47:14.477905   15868 load.go:23] Could not load config from \"c:\\\\Dev\\\\focus-bonus-app\\\\dataconnect\": could not find dataconnect.yaml in `c:\\Dev\\focus-bonus-app\\dataconnect`\n"}}
[debug] [2025-07-17T19:47:24.477Z] E0717 16:47:24.478185   15868 load.go:23] Could not load config from "c:\\Dev\\focus-bonus-app\\dataconnect": could not find dataconnect.yaml in `c:\Dev\focus-bonus-app\dataconnect`
 {"metadata":{"emulator":{"name":"dataconnect"},"message":"E0717 16:47:24.478185   15868 load.go:23] Could not load config from \"c:\\\\Dev\\\\focus-bonus-app\\\\dataconnect\": could not find dataconnect.yaml in `c:\\Dev\\focus-bonus-app\\dataconnect`\n"}}
[debug] [2025-07-17T19:47:34.477Z] E0717 16:47:34.478024   15868 load.go:23] Could not load config from "c:\\Dev\\focus-bonus-app\\dataconnect": could not find dataconnect.yaml in `c:\Dev\focus-bonus-app\dataconnect`
 {"metadata":{"emulator":{"name":"dataconnect"},"message":"E0717 16:47:34.478024   15868 load.go:23] Could not load config from \"c:\\\\Dev\\\\focus-bonus-app\\\\dataconnect\": could not find dataconnect.yaml in `c:\\Dev\\focus-bonus-app\\dataconnect`\n"}}
[debug] [2025-07-17T19:47:44.477Z] E0717 16:47:44.478104   15868 load.go:23] Could not load config from "c:\\Dev\\focus-bonus-app\\dataconnect": could not find dataconnect.yaml in `c:\Dev\focus-bonus-app\dataconnect`
 {"metadata":{"emulator":{"name":"dataconnect"},"message":"E0717 16:47:44.478104   15868 load.go:23] Could not load config from \"c:\\\\Dev\\\\focus-bonus-app\\\\dataconnect\": could not find dataconnect.yaml in `c:\\Dev\\focus-bonus-app\\dataconnect`\n"}}
[debug] [2025-07-17T19:47:44.508Z] E0717 16:47:44.508934   15868 watch.go:76] watchAllDir unable to walk dir `c:\Dev\focus-bonus-app\dataconnect`: on path "c:\\Dev\\focus-bonus-app\\dataconnect" (DirEntry: <nil>): CreateFile c:\Dev\focus-bonus-app\dataconnect: The system cannot find the file specified.
 {"metadata":{"emulator":{"name":"dataconnect"},"message":"E0717 16:47:44.508934   15868 watch.go:76] watchAllDir unable to walk dir `c:\\Dev\\focus-bonus-app\\dataconnect`: on path \"c:\\\\Dev\\\\focus-bonus-app\\\\dataconnect\" (DirEntry: <nil>): CreateFile c:\\Dev\\focus-bonus-app\\dataconnect: The system cannot find the file specified.\n"}}
[debug] [2025-07-17T19:47:54.478Z] E0717 16:47:54.478810   15868 load.go:23] Could not load config from "c:\\Dev\\focus-bonus-app\\dataconnect": could not find dataconnect.yaml in `c:\Dev\focus-bonus-app\dataconnect`
 {"metadata":{"emulator":{"name":"dataconnect"},"message":"E0717 16:47:54.478810   15868 load.go:23] Could not load config from \"c:\\\\Dev\\\\focus-bonus-app\\\\dataconnect\": could not find dataconnect.yaml in `c:\\Dev\\focus-bonus-app\\dataconnect`\n"}}
[debug] [2025-07-17T19:48:04.478Z] E0717 16:48:04.478564   15868 load.go:23] Could not load config from "c:\\Dev\\focus-bonus-app\\dataconnect": could not find dataconnect.yaml in `c:\Dev\focus-bonus-app\dataconnect`
 {"metadata":{"emulator":{"name":"dataconnect"},"message":"E0717 16:48:04.478564   15868 load.go:23] Could not load config from \"c:\\\\Dev\\\\focus-bonus-app\\\\dataconnect\": could not find dataconnect.yaml in `c:\\Dev\\focus-bonus-app\\dataconnect`\n"}}
[debug] [2025-07-17T19:48:14.477Z] E0717 16:48:14.477831   15868 load.go:23] Could not load config from "c:\\Dev\\focus-bonus-app\\dataconnect": could not find dataconnect.yaml in `c:\Dev\focus-bonus-app\dataconnect`
 {"metadata":{"emulator":{"name":"dataconnect"},"message":"E0717 16:48:14.477831   15868 load.go:23] Could not load config from \"c:\\\\Dev\\\\focus-bonus-app\\\\dataconnect\": could not find dataconnect.yaml in `c:\\Dev\\focus-bonus-app\\dataconnect`\n"}}
[debug] [2025-07-17T19:48:24.478Z] E0717 16:48:24.478330   15868 load.go:23] Could not load config from "c:\\Dev\\focus-bonus-app\\dataconnect": could not find dataconnect.yaml in `c:\Dev\focus-bonus-app\dataconnect`
 {"metadata":{"emulator":{"name":"dataconnect"},"message":"E0717 16:48:24.478330   15868 load.go:23] Could not load config from \"c:\\\\Dev\\\\focus-bonus-app\\\\dataconnect\": could not find dataconnect.yaml in `c:\\Dev\\focus-bonus-app\\dataconnect`\n"}}
[debug] [2025-07-17T19:48:34.478Z] E0717 16:48:34.478428   15868 load.go:23] Could not load config from "c:\\Dev\\focus-bonus-app\\dataconnect": could not find dataconnect.yaml in `c:\Dev\focus-bonus-app\dataconnect`
 {"metadata":{"emulator":{"name":"dataconnect"},"message":"E0717 16:48:34.478428   15868 load.go:23] Could not load config from \"c:\\\\Dev\\\\focus-bonus-app\\\\dataconnect\": could not find dataconnect.yaml in `c:\\Dev\\focus-bonus-app\\dataconnect`\n"}}
[debug] [2025-07-17T19:48:44.478Z] E0717 16:48:44.477711   15868 load.go:23] Could not load config from "c:\\Dev\\focus-bonus-app\\dataconnect": could not find dataconnect.yaml in `c:\Dev\focus-bonus-app\dataconnect`
 {"metadata":{"emulator":{"name":"dataconnect"},"message":"E0717 16:48:44.477711   15868 load.go:23] Could not load config from \"c:\\\\Dev\\\\focus-bonus-app\\\\dataconnect\": could not find dataconnect.yaml in `c:\\Dev\\focus-bonus-app\\dataconnect`\n"}}
[debug] [2025-07-17T19:48:54.478Z] E0717 16:48:54.477892   15868 load.go:23] Could not load config from "c:\\Dev\\focus-bonus-app\\dataconnect": could not find dataconnect.yaml in `c:\Dev\focus-bonus-app\dataconnect`
 {"metadata":{"emulator":{"name":"dataconnect"},"message":"E0717 16:48:54.477892   15868 load.go:23] Could not load config from \"c:\\\\Dev\\\\focus-bonus-app\\\\dataconnect\": could not find dataconnect.yaml in `c:\\Dev\\focus-bonus-app\\dataconnect`\n"}}
[debug] [2025-07-17T19:49:04.478Z] E0717 16:49:04.477960   15868 load.go:23] Could not load config from "c:\\Dev\\focus-bonus-app\\dataconnect": could not find dataconnect.yaml in `c:\Dev\focus-bonus-app\dataconnect`
 {"metadata":{"emulator":{"name":"dataconnect"},"message":"E0717 16:49:04.477960   15868 load.go:23] Could not load config from \"c:\\\\Dev\\\\focus-bonus-app\\\\dataconnect\": could not find dataconnect.yaml in `c:\\Dev\\focus-bonus-app\\dataconnect`\n"}}
[debug] [2025-07-17T19:49:14.478Z] E0717 16:49:14.478095   15868 load.go:23] Could not load config from "c:\\Dev\\focus-bonus-app\\dataconnect": could not find dataconnect.yaml in `c:\Dev\focus-bonus-app\dataconnect`
 {"metadata":{"emulator":{"name":"dataconnect"},"message":"E0717 16:49:14.478095   15868 load.go:23] Could not load config from \"c:\\\\Dev\\\\focus-bonus-app\\\\dataconnect\": could not find dataconnect.yaml in `c:\\Dev\\focus-bonus-app\\dataconnect`\n"}}
[debug] [2025-07-17T19:49:24.478Z] E0717 16:49:24.477869   15868 load.go:23] Could not load config from "c:\\Dev\\focus-bonus-app\\dataconnect": could not find dataconnect.yaml in `c:\Dev\focus-bonus-app\dataconnect`
 {"metadata":{"emulator":{"name":"dataconnect"},"message":"E0717 16:49:24.477869   15868 load.go:23] Could not load config from \"c:\\\\Dev\\\\focus-bonus-app\\\\dataconnect\": could not find dataconnect.yaml in `c:\\Dev\\focus-bonus-app\\dataconnect`\n"}}
[debug] [2025-07-17T19:49:34.478Z] E0717 16:49:34.477777   15868 load.go:23] Could not load config from "c:\\Dev\\focus-bonus-app\\dataconnect": could not find dataconnect.yaml in `c:\Dev\focus-bonus-app\dataconnect`
 {"metadata":{"emulator":{"name":"dataconnect"},"message":"E0717 16:49:34.477777   15868 load.go:23] Could not load config from \"c:\\\\Dev\\\\focus-bonus-app\\\\dataconnect\": could not find dataconnect.yaml in `c:\\Dev\\focus-bonus-app\\dataconnect`\n"}}
[debug] [2025-07-17T19:49:44.539Z] E0717 16:49:44.539242   15868 load.go:23] Could not load config from "c:\\Dev\\focus-bonus-app\\dataconnect": could not find dataconnect.yaml in `c:\Dev\focus-bonus-app\dataconnect`
 {"metadata":{"emulator":{"name":"dataconnect"},"message":"E0717 16:49:44.539242   15868 load.go:23] Could not load config from \"c:\\\\Dev\\\\focus-bonus-app\\\\dataconnect\": could not find dataconnect.yaml in `c:\\Dev\\focus-bonus-app\\dataconnect`\n"}}
[debug] [2025-07-17T19:49:44.540Z] E0717 16:49:44.539751   15868 watch.go:76] watchAllDir unable to walk dir `c:\Dev\focus-bonus-app\dataconnect`: on path "c:\\Dev\\focus-bonus-app\\dataconnect" (DirEntry: <nil>): CreateFile c:\Dev\focus-bonus-app\dataconnect: The system cannot find the file specified.
 {"metadata":{"emulator":{"name":"dataconnect"},"message":"E0717 16:49:44.539751   15868 watch.go:76] watchAllDir unable to walk dir `c:\\Dev\\focus-bonus-app\\dataconnect`: on path \"c:\\\\Dev\\\\focus-bonus-app\\\\dataconnect\" (DirEntry: <nil>): CreateFile c:\\Dev\\focus-bonus-app\\dataconnect: The system cannot find the file specified.\n"}}
[debug] [2025-07-17T19:49:54.478Z] E0717 16:49:54.478242   15868 load.go:23] Could not load config from "c:\\Dev\\focus-bonus-app\\dataconnect": could not find dataconnect.yaml in `c:\Dev\focus-bonus-app\dataconnect`
 {"metadata":{"emulator":{"name":"dataconnect"},"message":"E0717 16:49:54.478242   15868 load.go:23] Could not load config from \"c:\\\\Dev\\\\focus-bonus-app\\\\dataconnect\": could not find dataconnect.yaml in `c:\\Dev\\focus-bonus-app\\dataconnect`\n"}}
[debug] [2025-07-17T19:50:04.481Z] E0717 16:50:04.480771   15868 load.go:23] Could not load config from "c:\\Dev\\focus-bonus-app\\dataconnect": could not find dataconnect.yaml in `c:\Dev\focus-bonus-app\dataconnect`
 {"metadata":{"emulator":{"name":"dataconnect"},"message":"E0717 16:50:04.480771   15868 load.go:23] Could not load config from \"c:\\\\Dev\\\\focus-bonus-app\\\\dataconnect\": could not find dataconnect.yaml in `c:\\Dev\\focus-bonus-app\\dataconnect`\n"}}
[debug] [2025-07-17T19:50:14.479Z] E0717 16:50:14.478904   15868 load.go:23] Could not load config from "c:\\Dev\\focus-bonus-app\\dataconnect": could not find dataconnect.yaml in `c:\Dev\focus-bonus-app\dataconnect`
 {"metadata":{"emulator":{"name":"dataconnect"},"message":"E0717 16:50:14.478904   15868 load.go:23] Could not load config from \"c:\\\\Dev\\\\focus-bonus-app\\\\dataconnect\": could not find dataconnect.yaml in `c:\\Dev\\focus-bonus-app\\dataconnect`\n"}}
[debug] [2025-07-17T19:50:24.478Z] E0717 16:50:24.478591   15868 load.go:23] Could not load config from "c:\\Dev\\focus-bonus-app\\dataconnect": could not find dataconnect.yaml in `c:\Dev\focus-bonus-app\dataconnect`
 {"metadata":{"emulator":{"name":"dataconnect"},"message":"E0717 16:50:24.478591   15868 load.go:23] Could not load config from \"c:\\\\Dev\\\\focus-bonus-app\\\\dataconnect\": could not find dataconnect.yaml in `c:\\Dev\\focus-bonus-app\\dataconnect`\n"}}
[debug] [2025-07-17T19:50:34.477Z] E0717 16:50:34.478208   15868 load.go:23] Could not load config from "c:\\Dev\\focus-bonus-app\\dataconnect": could not find dataconnect.yaml in `c:\Dev\focus-bonus-app\dataconnect`
 {"metadata":{"emulator":{"name":"dataconnect"},"message":"E0717 16:50:34.478208   15868 load.go:23] Could not load config from \"c:\\\\Dev\\\\focus-bonus-app\\\\dataconnect\": could not find dataconnect.yaml in `c:\\Dev\\focus-bonus-app\\dataconnect`\n"}}
[debug] [2025-07-17T19:50:44.479Z] E0717 16:50:44.478060   15868 load.go:23] Could not load config from "c:\\Dev\\focus-bonus-app\\dataconnect": could not find dataconnect.yaml in `c:\Dev\focus-bonus-app\dataconnect`
 {"metadata":{"emulator":{"name":"dataconnect"},"message":"E0717 16:50:44.478060   15868 load.go:23] Could not load config from \"c:\\\\Dev\\\\focus-bonus-app\\\\dataconnect\": could not find dataconnect.yaml in `c:\\Dev\\focus-bonus-app\\dataconnect`\n"}}
[debug] [2025-07-17T19:50:54.478Z] E0717 16:50:54.478324   15868 load.go:23] Could not load config from "c:\\Dev\\focus-bonus-app\\dataconnect": could not find dataconnect.yaml in `c:\Dev\focus-bonus-app\dataconnect`
 {"metadata":{"emulator":{"name":"dataconnect"},"message":"E0717 16:50:54.478324   15868 load.go:23] Could not load config from \"c:\\\\Dev\\\\focus-bonus-app\\\\dataconnect\": could not find dataconnect.yaml in `c:\\Dev\\focus-bonus-app\\dataconnect`\n"}}
[debug] [2025-07-17T19:51:04.478Z] E0717 16:51:04.478363   15868 load.go:23] Could not load config from "c:\\Dev\\focus-bonus-app\\dataconnect": could not find dataconnect.yaml in `c:\Dev\focus-bonus-app\dataconnect`
 {"metadata":{"emulator":{"name":"dataconnect"},"message":"E0717 16:51:04.478363   15868 load.go:23] Could not load config from \"c:\\\\Dev\\\\focus-bonus-app\\\\dataconnect\": could not find dataconnect.yaml in `c:\\Dev\\focus-bonus-app\\dataconnect`\n"}}
[debug] [2025-07-17T19:51:14.477Z] E0717 16:51:14.477876   15868 load.go:23] Could not load config from "c:\\Dev\\focus-bonus-app\\dataconnect": could not find dataconnect.yaml in `c:\Dev\focus-bonus-app\dataconnect`
 {"metadata":{"emulator":{"name":"dataconnect"},"message":"E0717 16:51:14.477876   15868 load.go:23] Could not load config from \"c:\\\\Dev\\\\focus-bonus-app\\\\dataconnect\": could not find dataconnect.yaml in `c:\\Dev\\focus-bonus-app\\dataconnect`\n"}}
[debug] [2025-07-17T19:51:24.476Z] E0717 16:51:24.477506   15868 load.go:23] Could not load config from "c:\\Dev\\focus-bonus-app\\dataconnect": could not find dataconnect.yaml in `c:\Dev\focus-bonus-app\dataconnect`
 {"metadata":{"emulator":{"name":"dataconnect"},"message":"E0717 16:51:24.477506   15868 load.go:23] Could not load config from \"c:\\\\Dev\\\\focus-bonus-app\\\\dataconnect\": could not find dataconnect.yaml in `c:\\Dev\\focus-bonus-app\\dataconnect`\n"}}
[debug] [2025-07-17T19:51:34.479Z] E0717 16:51:34.478792   15868 load.go:23] Could not load config from "c:\\Dev\\focus-bonus-app\\dataconnect": could not find dataconnect.yaml in `c:\Dev\focus-bonus-app\dataconnect`
 {"metadata":{"emulator":{"name":"dataconnect"},"message":"E0717 16:51:34.478792   15868 load.go:23] Could not load config from \"c:\\\\Dev\\\\focus-bonus-app\\\\dataconnect\": could not find dataconnect.yaml in `c:\\Dev\\focus-bonus-app\\dataconnect`\n"}}
[debug] [2025-07-17T19:51:44.479Z] E0717 16:51:44.478314   15868 load.go:23] Could not load config from "c:\\Dev\\focus-bonus-app\\dataconnect": could not find dataconnect.yaml in `c:\Dev\focus-bonus-app\dataconnect`
E0717 16:51:44.479130   15868 watch.go:76] watchAllDir unable to walk dir `c:\Dev\focus-bonus-app\dataconnect`: on path "c:\\Dev\\focus-bonus-app\\dataconnect" (DirEntry: <nil>): CreateFile c:\Dev\focus-bonus-app\dataconnect: The system cannot find the file specified.
 {"metadata":{"emulator":{"name":"dataconnect"},"message":"E0717 16:51:44.478314   15868 load.go:23] Could not load config from \"c:\\\\Dev\\\\focus-bonus-app\\\\dataconnect\": could not find dataconnect.yaml in `c:\\Dev\\focus-bonus-app\\dataconnect`\nE0717 16:51:44.479130   15868 watch.go:76] watchAllDir unable to walk dir `c:\\Dev\\focus-bonus-app\\dataconnect`: on path \"c:\\\\Dev\\\\focus-bonus-app\\\\dataconnect\" (DirEntry: <nil>): CreateFile c:\\Dev\\focus-bonus-app\\dataconnect: The system cannot find the file specified.\n"}}
[debug] [2025-07-17T19:51:54.479Z] E0717 16:51:54.477916   15868 load.go:23] Could not load config from "c:\\Dev\\focus-bonus-app\\dataconnect": could not find dataconnect.yaml in `c:\Dev\focus-bonus-app\dataconnect`
 {"metadata":{"emulator":{"name":"dataconnect"},"message":"E0717 16:51:54.477916   15868 load.go:23] Could not load config from \"c:\\\\Dev\\\\focus-bonus-app\\\\dataconnect\": could not find dataconnect.yaml in `c:\\Dev\\focus-bonus-app\\dataconnect`\n"}}
[debug] [2025-07-17T19:52:04.479Z] E0717 16:52:04.479479   15868 load.go:23] Could not load config from "c:\\Dev\\focus-bonus-app\\dataconnect": could not find dataconnect.yaml in `c:\Dev\focus-bonus-app\dataconnect`
 {"metadata":{"emulator":{"name":"dataconnect"},"message":"E0717 16:52:04.479479   15868 load.go:23] Could not load config from \"c:\\\\Dev\\\\focus-bonus-app\\\\dataconnect\": could not find dataconnect.yaml in `c:\\Dev\\focus-bonus-app\\dataconnect`\n"}}
[debug] [2025-07-17T19:52:14.478Z] E0717 16:52:14.477871   15868 load.go:23] Could not load config from "c:\\Dev\\focus-bonus-app\\dataconnect": could not find dataconnect.yaml in `c:\Dev\focus-bonus-app\dataconnect`
 {"metadata":{"emulator":{"name":"dataconnect"},"message":"E0717 16:52:14.477871   15868 load.go:23] Could not load config from \"c:\\\\Dev\\\\focus-bonus-app\\\\dataconnect\": could not find dataconnect.yaml in `c:\\Dev\\focus-bonus-app\\dataconnect`\n"}}
[debug] [2025-07-17T19:52:24.478Z] E0717 16:52:24.478263   15868 load.go:23] Could not load config from "c:\\Dev\\focus-bonus-app\\dataconnect": could not find dataconnect.yaml in `c:\Dev\focus-bonus-app\dataconnect`
 {"metadata":{"emulator":{"name":"dataconnect"},"message":"E0717 16:52:24.478263   15868 load.go:23] Could not load config from \"c:\\\\Dev\\\\focus-bonus-app\\\\dataconnect\": could not find dataconnect.yaml in `c:\\Dev\\focus-bonus-app\\dataconnect`\n"}}
[debug] [2025-07-17T19:52:34.478Z] E0717 16:52:34.478127   15868 load.go:23] Could not load config from "c:\\Dev\\focus-bonus-app\\dataconnect": could not find dataconnect.yaml in `c:\Dev\focus-bonus-app\dataconnect`
 {"metadata":{"emulator":{"name":"dataconnect"},"message":"E0717 16:52:34.478127   15868 load.go:23] Could not load config from \"c:\\\\Dev\\\\focus-bonus-app\\\\dataconnect\": could not find dataconnect.yaml in `c:\\Dev\\focus-bonus-app\\dataconnect`\n"}}
[debug] [2025-07-17T19:52:44.477Z] E0717 16:52:44.477917   15868 load.go:23] Could not load config from "c:\\Dev\\focus-bonus-app\\dataconnect": could not find dataconnect.yaml in `c:\Dev\focus-bonus-app\dataconnect`
 {"metadata":{"emulator":{"name":"dataconnect"},"message":"E0717 16:52:44.477917   15868 load.go:23] Could not load config from \"c:\\\\Dev\\\\focus-bonus-app\\\\dataconnect\": could not find dataconnect.yaml in `c:\\Dev\\focus-bonus-app\\dataconnect`\n"}}
[debug] [2025-07-17T19:52:54.478Z] E0717 16:52:54.478600   15868 load.go:23] Could not load config from "c:\\Dev\\focus-bonus-app\\dataconnect": could not find dataconnect.yaml in `c:\Dev\focus-bonus-app\dataconnect`
 {"metadata":{"emulator":{"name":"dataconnect"},"message":"E0717 16:52:54.478600   15868 load.go:23] Could not load config from \"c:\\\\Dev\\\\focus-bonus-app\\\\dataconnect\": could not find dataconnect.yaml in `c:\\Dev\\focus-bonus-app\\dataconnect`\n"}}
[debug] [2025-07-17T19:53:04.476Z] E0717 16:53:04.477562   15868 load.go:23] Could not load config from "c:\\Dev\\focus-bonus-app\\dataconnect": could not find dataconnect.yaml in `c:\Dev\focus-bonus-app\dataconnect`
 {"metadata":{"emulator":{"name":"dataconnect"},"message":"E0717 16:53:04.477562   15868 load.go:23] Could not load config from \"c:\\\\Dev\\\\focus-bonus-app\\\\dataconnect\": could not find dataconnect.yaml in `c:\\Dev\\focus-bonus-app\\dataconnect`\n"}}
[debug] [2025-07-17T19:53:14.476Z] E0717 16:53:14.477503   15868 load.go:23] Could not load config from "c:\\Dev\\focus-bonus-app\\dataconnect": could not find dataconnect.yaml in `c:\Dev\focus-bonus-app\dataconnect`
 {"metadata":{"emulator":{"name":"dataconnect"},"message":"E0717 16:53:14.477503   15868 load.go:23] Could not load config from \"c:\\\\Dev\\\\focus-bonus-app\\\\dataconnect\": could not find dataconnect.yaml in `c:\\Dev\\focus-bonus-app\\dataconnect`\n"}}
[debug] [2025-07-17T19:53:24.477Z] E0717 16:53:24.477839   15868 load.go:23] Could not load config from "c:\\Dev\\focus-bonus-app\\dataconnect": could not find dataconnect.yaml in `c:\Dev\focus-bonus-app\dataconnect`
 {"metadata":{"emulator":{"name":"dataconnect"},"message":"E0717 16:53:24.477839   15868 load.go:23] Could not load config from \"c:\\\\Dev\\\\focus-bonus-app\\\\dataconnect\": could not find dataconnect.yaml in `c:\\Dev\\focus-bonus-app\\dataconnect`\n"}}
[debug] [2025-07-17T19:53:34.477Z] E0717 16:53:34.478236   15868 load.go:23] Could not load config from "c:\\Dev\\focus-bonus-app\\dataconnect": could not find dataconnect.yaml in `c:\Dev\focus-bonus-app\dataconnect`
 {"metadata":{"emulator":{"name":"dataconnect"},"message":"E0717 16:53:34.478236   15868 load.go:23] Could not load config from \"c:\\\\Dev\\\\focus-bonus-app\\\\dataconnect\": could not find dataconnect.yaml in `c:\\Dev\\focus-bonus-app\\dataconnect`\n"}}
[debug] [2025-07-17T19:53:44.478Z] E0717 16:53:44.477878   15868 load.go:23] Could not load config from "c:\\Dev\\focus-bonus-app\\dataconnect": could not find dataconnect.yaml in `c:\Dev\focus-bonus-app\dataconnect`
E0717 16:53:44.478456   15868 watch.go:76] watchAllDir unable to walk dir `c:\Dev\focus-bonus-app\dataconnect`: on path "c:\\Dev\\focus-bonus-app\\dataconnect" (DirEntry: <nil>): CreateFile c:\Dev\focus-bonus-app\dataconnect: The system cannot find the file specified.
 {"metadata":{"emulator":{"name":"dataconnect"},"message":"E0717 16:53:44.477878   15868 load.go:23] Could not load config from \"c:\\\\Dev\\\\focus-bonus-app\\\\dataconnect\": could not find dataconnect.yaml in `c:\\Dev\\focus-bonus-app\\dataconnect`\nE0717 16:53:44.478456   15868 watch.go:76] watchAllDir unable to walk dir `c:\\Dev\\focus-bonus-app\\dataconnect`: on path \"c:\\\\Dev\\\\focus-bonus-app\\\\dataconnect\" (DirEntry: <nil>): CreateFile c:\\Dev\\focus-bonus-app\\dataconnect: The system cannot find the file specified.\n"}}
[debug] [2025-07-17T19:53:54.477Z] E0717 16:53:54.477712   15868 load.go:23] Could not load config from "c:\\Dev\\focus-bonus-app\\dataconnect": could not find dataconnect.yaml in `c:\Dev\focus-bonus-app\dataconnect`
 {"metadata":{"emulator":{"name":"dataconnect"},"message":"E0717 16:53:54.477712   15868 load.go:23] Could not load config from \"c:\\\\Dev\\\\focus-bonus-app\\\\dataconnect\": could not find dataconnect.yaml in `c:\\Dev\\focus-bonus-app\\dataconnect`\n"}}
[debug] [2025-07-17T19:54:04.491Z] E0717 16:54:04.491295   15868 load.go:23] Could not load config from "c:\\Dev\\focus-bonus-app\\dataconnect": could not find dataconnect.yaml in `c:\Dev\focus-bonus-app\dataconnect`
 {"metadata":{"emulator":{"name":"dataconnect"},"message":"E0717 16:54:04.491295   15868 load.go:23] Could not load config from \"c:\\\\Dev\\\\focus-bonus-app\\\\dataconnect\": could not find dataconnect.yaml in `c:\\Dev\\focus-bonus-app\\dataconnect`\n"}}
[debug] [2025-07-17T19:54:14.478Z] E0717 16:54:14.478392   15868 load.go:23] Could not load config from "c:\\Dev\\focus-bonus-app\\dataconnect": could not find dataconnect.yaml in `c:\Dev\focus-bonus-app\dataconnect`
 {"metadata":{"emulator":{"name":"dataconnect"},"message":"E0717 16:54:14.478392   15868 load.go:23] Could not load config from \"c:\\\\Dev\\\\focus-bonus-app\\\\dataconnect\": could not find dataconnect.yaml in `c:\\Dev\\focus-bonus-app\\dataconnect`\n"}}
[debug] [2025-07-17T19:54:24.477Z] E0717 16:54:24.478111   15868 load.go:23] Could not load config from "c:\\Dev\\focus-bonus-app\\dataconnect": could not find dataconnect.yaml in `c:\Dev\focus-bonus-app\dataconnect`
 {"metadata":{"emulator":{"name":"dataconnect"},"message":"E0717 16:54:24.478111   15868 load.go:23] Could not load config from \"c:\\\\Dev\\\\focus-bonus-app\\\\dataconnect\": could not find dataconnect.yaml in `c:\\Dev\\focus-bonus-app\\dataconnect`\n"}}
[debug] [2025-07-17T19:54:34.477Z] E0717 16:54:34.478180   15868 load.go:23] Could not load config from "c:\\Dev\\focus-bonus-app\\dataconnect": could not find dataconnect.yaml in `c:\Dev\focus-bonus-app\dataconnect`
 {"metadata":{"emulator":{"name":"dataconnect"},"message":"E0717 16:54:34.478180   15868 load.go:23] Could not load config from \"c:\\\\Dev\\\\focus-bonus-app\\\\dataconnect\": could not find dataconnect.yaml in `c:\\Dev\\focus-bonus-app\\dataconnect`\n"}}
[debug] [2025-07-17T19:54:44.478Z] E0717 16:54:44.478124   15868 load.go:23] Could not load config from "c:\\Dev\\focus-bonus-app\\dataconnect": could not find dataconnect.yaml in `c:\Dev\focus-bonus-app\dataconnect`
 {"metadata":{"emulator":{"name":"dataconnect"},"message":"E0717 16:54:44.478124   15868 load.go:23] Could not load config from \"c:\\\\Dev\\\\focus-bonus-app\\\\dataconnect\": could not find dataconnect.yaml in `c:\\Dev\\focus-bonus-app\\dataconnect`\n"}}
[debug] [2025-07-17T19:54:54.479Z] E0717 16:54:54.479460   15868 load.go:23] Could not load config from "c:\\Dev\\focus-bonus-app\\dataconnect": could not find dataconnect.yaml in `c:\Dev\focus-bonus-app\dataconnect`
 {"metadata":{"emulator":{"name":"dataconnect"},"message":"E0717 16:54:54.479460   15868 load.go:23] Could not load config from \"c:\\\\Dev\\\\focus-bonus-app\\\\dataconnect\": could not find dataconnect.yaml in `c:\\Dev\\focus-bonus-app\\dataconnect`\n"}}
[debug] [2025-07-17T19:55:04.479Z] E0717 16:55:04.478747   15868 load.go:23] Could not load config from "c:\\Dev\\focus-bonus-app\\dataconnect": could not find dataconnect.yaml in `c:\Dev\focus-bonus-app\dataconnect`
 {"metadata":{"emulator":{"name":"dataconnect"},"message":"E0717 16:55:04.478747   15868 load.go:23] Could not load config from \"c:\\\\Dev\\\\focus-bonus-app\\\\dataconnect\": could not find dataconnect.yaml in `c:\\Dev\\focus-bonus-app\\dataconnect`\n"}}
[debug] [2025-07-17T19:55:14.481Z] E0717 16:55:14.481011   15868 load.go:23] Could not load config from "c:\\Dev\\focus-bonus-app\\dataconnect": could not find dataconnect.yaml in `c:\Dev\focus-bonus-app\dataconnect`
 {"metadata":{"emulator":{"name":"dataconnect"},"message":"E0717 16:55:14.481011   15868 load.go:23] Could not load config from \"c:\\\\Dev\\\\focus-bonus-app\\\\dataconnect\": could not find dataconnect.yaml in `c:\\Dev\\focus-bonus-app\\dataconnect`\n"}}
[debug] [2025-07-17T19:55:24.479Z] E0717 16:55:24.478982   15868 load.go:23] Could not load config from "c:\\Dev\\focus-bonus-app\\dataconnect": could not find dataconnect.yaml in `c:\Dev\focus-bonus-app\dataconnect`
 {"metadata":{"emulator":{"name":"dataconnect"},"message":"E0717 16:55:24.478982   15868 load.go:23] Could not load config from \"c:\\\\Dev\\\\focus-bonus-app\\\\dataconnect\": could not find dataconnect.yaml in `c:\\Dev\\focus-bonus-app\\dataconnect`\n"}}
[debug] [2025-07-17T19:55:34.478Z] E0717 16:55:34.477849   15868 load.go:23] Could not load config from "c:\\Dev\\focus-bonus-app\\dataconnect": could not find dataconnect.yaml in `c:\Dev\focus-bonus-app\dataconnect`
 {"metadata":{"emulator":{"name":"dataconnect"},"message":"E0717 16:55:34.477849   15868 load.go:23] Could not load config from \"c:\\\\Dev\\\\focus-bonus-app\\\\dataconnect\": could not find dataconnect.yaml in `c:\\Dev\\focus-bonus-app\\dataconnect`\n"}}
[debug] [2025-07-17T19:55:44.479Z] E0717 16:55:44.479420   15868 load.go:23] Could not load config from "c:\\Dev\\focus-bonus-app\\dataconnect": could not find dataconnect.yaml in `c:\Dev\focus-bonus-app\dataconnect`
 {"metadata":{"emulator":{"name":"dataconnect"},"message":"E0717 16:55:44.479420   15868 load.go:23] Could not load config from \"c:\\\\Dev\\\\focus-bonus-app\\\\dataconnect\": could not find dataconnect.yaml in `c:\\Dev\\focus-bonus-app\\dataconnect`\n"}}
[debug] [2025-07-17T19:55:44.481Z] E0717 16:55:44.480419   15868 watch.go:76] watchAllDir unable to walk dir `c:\Dev\focus-bonus-app\dataconnect`: on path "c:\\Dev\\focus-bonus-app\\dataconnect" (DirEntry: <nil>): CreateFile c:\Dev\focus-bonus-app\dataconnect: The system cannot find the file specified.
 {"metadata":{"emulator":{"name":"dataconnect"},"message":"E0717 16:55:44.480419   15868 watch.go:76] watchAllDir unable to walk dir `c:\\Dev\\focus-bonus-app\\dataconnect`: on path \"c:\\\\Dev\\\\focus-bonus-app\\\\dataconnect\" (DirEntry: <nil>): CreateFile c:\\Dev\\focus-bonus-app\\dataconnect: The system cannot find the file specified.\n"}}
[debug] [2025-07-17T19:55:54.478Z] E0717 16:55:54.479053   15868 load.go:23] Could not load config from "c:\\Dev\\focus-bonus-app\\dataconnect": could not find dataconnect.yaml in `c:\Dev\focus-bonus-app\dataconnect`
 {"metadata":{"emulator":{"name":"dataconnect"},"message":"E0717 16:55:54.479053   15868 load.go:23] Could not load config from \"c:\\\\Dev\\\\focus-bonus-app\\\\dataconnect\": could not find dataconnect.yaml in `c:\\Dev\\focus-bonus-app\\dataconnect`\n"}}
[debug] [2025-07-17T19:56:04.477Z] E0717 16:56:04.477794   15868 load.go:23] Could not load config from "c:\\Dev\\focus-bonus-app\\dataconnect": could not find dataconnect.yaml in `c:\Dev\focus-bonus-app\dataconnect`
 {"metadata":{"emulator":{"name":"dataconnect"},"message":"E0717 16:56:04.477794   15868 load.go:23] Could not load config from \"c:\\\\Dev\\\\focus-bonus-app\\\\dataconnect\": could not find dataconnect.yaml in `c:\\Dev\\focus-bonus-app\\dataconnect`\n"}}
[debug] [2025-07-17T19:56:14.478Z] E0717 16:56:14.478356   15868 load.go:23] Could not load config from "c:\\Dev\\focus-bonus-app\\dataconnect": could not find dataconnect.yaml in `c:\Dev\focus-bonus-app\dataconnect`
 {"metadata":{"emulator":{"name":"dataconnect"},"message":"E0717 16:56:14.478356   15868 load.go:23] Could not load config from \"c:\\\\Dev\\\\focus-bonus-app\\\\dataconnect\": could not find dataconnect.yaml in `c:\\Dev\\focus-bonus-app\\dataconnect`\n"}}
[debug] [2025-07-17T19:56:24.479Z] E0717 16:56:24.478854   15868 load.go:23] Could not load config from "c:\\Dev\\focus-bonus-app\\dataconnect": could not find dataconnect.yaml in `c:\Dev\focus-bonus-app\dataconnect`
 {"metadata":{"emulator":{"name":"dataconnect"},"message":"E0717 16:56:24.478854   15868 load.go:23] Could not load config from \"c:\\\\Dev\\\\focus-bonus-app\\\\dataconnect\": could not find dataconnect.yaml in `c:\\Dev\\focus-bonus-app\\dataconnect`\n"}}
[debug] [2025-07-17T19:56:34.516Z] E0717 16:56:34.517194   15868 load.go:23] Could not load config from "c:\\Dev\\focus-bonus-app\\dataconnect": could not find dataconnect.yaml in `c:\Dev\focus-bonus-app\dataconnect`
 {"metadata":{"emulator":{"name":"dataconnect"},"message":"E0717 16:56:34.517194   15868 load.go:23] Could not load config from \"c:\\\\Dev\\\\focus-bonus-app\\\\dataconnect\": could not find dataconnect.yaml in `c:\\Dev\\focus-bonus-app\\dataconnect`\n"}}
[debug] [2025-07-17T19:56:44.477Z] E0717 16:56:44.477511   15868 load.go:23] Could not load config from "c:\\Dev\\focus-bonus-app\\dataconnect": could not find dataconnect.yaml in `c:\Dev\focus-bonus-app\dataconnect`
 {"metadata":{"emulator":{"name":"dataconnect"},"message":"E0717 16:56:44.477511   15868 load.go:23] Could not load config from \"c:\\\\Dev\\\\focus-bonus-app\\\\dataconnect\": could not find dataconnect.yaml in `c:\\Dev\\focus-bonus-app\\dataconnect`\n"}}
[debug] [2025-07-17T19:56:54.478Z] E0717 16:56:54.478076   15868 load.go:23] Could not load config from "c:\\Dev\\focus-bonus-app\\dataconnect": could not find dataconnect.yaml in `c:\Dev\focus-bonus-app\dataconnect`
 {"metadata":{"emulator":{"name":"dataconnect"},"message":"E0717 16:56:54.478076   15868 load.go:23] Could not load config from \"c:\\\\Dev\\\\focus-bonus-app\\\\dataconnect\": could not find dataconnect.yaml in `c:\\Dev\\focus-bonus-app\\dataconnect`\n"}}
[debug] [2025-07-17T19:57:04.477Z] E0717 16:57:04.477815   15868 load.go:23] Could not load config from "c:\\Dev\\focus-bonus-app\\dataconnect": could not find dataconnect.yaml in `c:\Dev\focus-bonus-app\dataconnect`
 {"metadata":{"emulator":{"name":"dataconnect"},"message":"E0717 16:57:04.477815   15868 load.go:23] Could not load config from \"c:\\\\Dev\\\\focus-bonus-app\\\\dataconnect\": could not find dataconnect.yaml in `c:\\Dev\\focus-bonus-app\\dataconnect`\n"}}
[debug] [2025-07-17T19:57:14.477Z] E0717 16:57:14.477725   15868 load.go:23] Could not load config from "c:\\Dev\\focus-bonus-app\\dataconnect": could not find dataconnect.yaml in `c:\Dev\focus-bonus-app\dataconnect`
 {"metadata":{"emulator":{"name":"dataconnect"},"message":"E0717 16:57:14.477725   15868 load.go:23] Could not load config from \"c:\\\\Dev\\\\focus-bonus-app\\\\dataconnect\": could not find dataconnect.yaml in `c:\\Dev\\focus-bonus-app\\dataconnect`\n"}}
[debug] [2025-07-17T19:57:24.477Z] E0717 16:57:24.477663   15868 load.go:23] Could not load config from "c:\\Dev\\focus-bonus-app\\dataconnect": could not find dataconnect.yaml in `c:\Dev\focus-bonus-app\dataconnect`
 {"metadata":{"emulator":{"name":"dataconnect"},"message":"E0717 16:57:24.477663   15868 load.go:23] Could not load config from \"c:\\\\Dev\\\\focus-bonus-app\\\\dataconnect\": could not find dataconnect.yaml in `c:\\Dev\\focus-bonus-app\\dataconnect`\n"}}
[debug] [2025-07-17T20:32:14.359Z] [Firebase Plugin] Activating Firebase extension.
[debug] [2025-07-17T20:32:14.661Z] [Firebase Plugin] requireAuthWrapper
[debug] [2025-07-17T20:32:14.665Z] > command requires scopes: ["email","openid","https://www.googleapis.com/auth/cloudplatformprojects.readonly","https://www.googleapis.com/auth/firebase","https://www.googleapis.com/auth/cloud-platform"]
[debug] [2025-07-17T20:32:14.666Z] > authorizing via signed-in user (erickcgabriel123@gmail.com)
[debug] [2025-07-17T20:32:14.675Z] Checked if tokens are valid: false, expires at: 1752783835521
[debug] [2025-07-17T20:32:14.676Z] Checked if tokens are valid: false, expires at: 1752783835521
[debug] [2025-07-17T20:32:14.676Z] > refreshing access token with scopes: []
[debug] [2025-07-17T20:32:14.680Z] >>> [apiv2][query] POST https://www.googleapis.com/oauth2/v3/token [none]
[debug] [2025-07-17T20:32:14.681Z] >>> [apiv2][body] POST https://www.googleapis.com/oauth2/v3/token [omitted]
[debug] [2025-07-17T20:32:14.706Z] [Firebase Plugin] VSCode notification server listening on port 40001
[info] [Firebase Plugin] Starting Data Connect toolkit (version 2.8.0) on port 50001
[debug] [2025-07-17T20:32:15.366Z] 'fdc build' failed with error: Unable to build your Data Connect schema and connectors (exit code 1): E0717 17:32:15.355093   17072 cmd.go:43] Error loading data connect config: could not find dataconnect.yaml in `c:\Dev\focus-bonus-app\dataconnect`
 {"metadata":{"emulator":{"name":"dataconnect"},"message":"'fdc build' failed with error: Unable to build your Data Connect schema and connectors (exit code 1): E0717 17:32:15.355093   17072 cmd.go:43] Error loading data connect config: could not find dataconnect.yaml in `c:\\Dev\\focus-bonus-app\\dataconnect`\n"}}
[debug] [2025-07-17T20:32:15.367Z] Ignoring unsupported arg: auto_download {"metadata":{"emulator":{"name":"dataconnect"},"message":"Ignoring unsupported arg: auto_download"}}
[debug] [2025-07-17T20:32:15.368Z] Ignoring unsupported arg: port {"metadata":{"emulator":{"name":"dataconnect"},"message":"Ignoring unsupported arg: port"}}
[debug] [2025-07-17T20:32:15.368Z] Starting Data Connect Emulator with command {"binary":"C:\\Users\\Erick\\.cache\\firebase\\emulators\\dataconnect-emulator-2.8.0.exe","args":["--logtostderr","-v=2","dev","--listen=localhost:50001","--config_dir=c:\\Dev\\focus-bonus-app\\dataconnect","--enable_output_schema_extensions=true","--enable_output_generated_sdk=true"],"optionalArgs":["listen","config_dir","enable_output_schema_extensions","enable_output_generated_sdk"],"joinArgs":true,"shell":false,"port":9399} {"metadata":{"emulator":{"name":"dataconnect"},"message":"Starting Data Connect Emulator with command {\"binary\":\"C:\\\\Users\\\\Erick\\\\.cache\\\\firebase\\\\emulators\\\\dataconnect-emulator-2.8.0.exe\",\"args\":[\"--logtostderr\",\"-v=2\",\"dev\",\"--listen=localhost:50001\",\"--config_dir=c:\\\\Dev\\\\focus-bonus-app\\\\dataconnect\",\"--enable_output_schema_extensions=true\",\"--enable_output_generated_sdk=true\"],\"optionalArgs\":[\"listen\",\"config_dir\",\"enable_output_schema_extensions\",\"enable_output_generated_sdk\"],\"joinArgs\":true,\"shell\":false,\"port\":9399}"}}
[info] i  dataconnect: Data Connect Emulator logging to dataconnect-debug.log {"metadata":{"emulator":{"name":"dataconnect"},"message":"Data Connect Emulator logging to \u001b[1mdataconnect-debug.log\u001b[22m"}}
[debug] [2025-07-17T20:32:15.409Z] E0717 17:32:15.403655   10384 load.go:23] Could not load config from "c:\\Dev\\focus-bonus-app\\dataconnect": could not find dataconnect.yaml in `c:\Dev\focus-bonus-app\dataconnect`
 {"metadata":{"emulator":{"name":"dataconnect"},"message":"E0717 17:32:15.403655   10384 load.go:23] Could not load config from \"c:\\\\Dev\\\\focus-bonus-app\\\\dataconnect\": could not find dataconnect.yaml in `c:\\Dev\\focus-bonus-app\\dataconnect`\n"}}
[debug] [2025-07-17T20:32:15.410Z] E0717 17:32:15.409193   10384 watch.go:76] watchAllDir unable to walk dir `c:\Dev\focus-bonus-app\dataconnect`: on path "c:\\Dev\\focus-bonus-app\\dataconnect" (DirEntry: <nil>): CreateFile c:\Dev\focus-bonus-app\dataconnect: The system cannot find the file specified.
 {"metadata":{"emulator":{"name":"dataconnect"},"message":"E0717 17:32:15.409193   10384 watch.go:76] watchAllDir unable to walk dir `c:\\Dev\\focus-bonus-app\\dataconnect`: on path \"c:\\\\Dev\\\\focus-bonus-app\\\\dataconnect\" (DirEntry: <nil>): CreateFile c:\\Dev\\focus-bonus-app\\dataconnect: The system cannot find the file specified.\n"}}
[debug] [2025-07-17T20:32:15.415Z] I0717 17:32:15.415512   10384 dev.go:95] Listening on address (HTTP + gRPC): 127.0.0.1:50001
 {"metadata":{"emulator":{"name":"dataconnect"},"message":"I0717 17:32:15.415512   10384 dev.go:95] Listening on address (HTTP + gRPC): 127.0.0.1:50001\n"}}
[error] [Firebase Plugin] error:  {}
[debug] [2025-07-17T20:32:16.082Z] <<< [apiv2][status] POST https://www.googleapis.com/oauth2/v3/token 200
[debug] [2025-07-17T20:32:16.083Z] <<< [apiv2][body] POST https://www.googleapis.com/oauth2/v3/token [omitted]
[debug] [2025-07-17T20:32:16.116Z] [Firebase Plugin] User found:  erickcgabriel123@gmail.com
[info] [Firebase Plugin] (Core:Project) New user detected, fetching projects
[debug] [2025-07-17T20:32:16.120Z] Checked if tokens are valid: true, expires at: 1752787935083
[debug] [2025-07-17T20:32:16.122Z] >>> [apiv2][query] GET https://firebase.googleapis.com/v1beta1/projects pageSize=1000
[debug] [2025-07-17T20:32:16.834Z] <<< [apiv2][status] GET https://firebase.googleapis.com/v1beta1/projects 200
[debug] [2025-07-17T20:32:16.835Z] <<< [apiv2][body] GET https://firebase.googleapis.com/v1beta1/projects [omitted]
[debug] [2025-07-17T20:32:25.413Z] E0717 17:32:25.412326   10384 load.go:23] Could not load config from "c:\\Dev\\focus-bonus-app\\dataconnect": could not find dataconnect.yaml in `c:\Dev\focus-bonus-app\dataconnect`
 {"metadata":{"emulator":{"name":"dataconnect"},"message":"E0717 17:32:25.412326   10384 load.go:23] Could not load config from \"c:\\\\Dev\\\\focus-bonus-app\\\\dataconnect\": could not find dataconnect.yaml in `c:\\Dev\\focus-bonus-app\\dataconnect`\n"}}
[debug] [2025-07-17T20:32:35.410Z] E0717 17:32:35.410473   10384 load.go:23] Could not load config from "c:\\Dev\\focus-bonus-app\\dataconnect": could not find dataconnect.yaml in `c:\Dev\focus-bonus-app\dataconnect`
 {"metadata":{"emulator":{"name":"dataconnect"},"message":"E0717 17:32:35.410473   10384 load.go:23] Could not load config from \"c:\\\\Dev\\\\focus-bonus-app\\\\dataconnect\": could not find dataconnect.yaml in `c:\\Dev\\focus-bonus-app\\dataconnect`\n"}}
[debug] [2025-07-17T20:32:45.411Z] E0717 17:32:45.410410   10384 load.go:23] Could not load config from "c:\\Dev\\focus-bonus-app\\dataconnect": could not find dataconnect.yaml in `c:\Dev\focus-bonus-app\dataconnect`
 {"metadata":{"emulator":{"name":"dataconnect"},"message":"E0717 17:32:45.410410   10384 load.go:23] Could not load config from \"c:\\\\Dev\\\\focus-bonus-app\\\\dataconnect\": could not find dataconnect.yaml in `c:\\Dev\\focus-bonus-app\\dataconnect`\n"}}
[debug] [2025-07-17T20:32:55.411Z] E0717 17:32:55.411312   10384 load.go:23] Could not load config from "c:\\Dev\\focus-bonus-app\\dataconnect": could not find dataconnect.yaml in `c:\Dev\focus-bonus-app\dataconnect`
 {"metadata":{"emulator":{"name":"dataconnect"},"message":"E0717 17:32:55.411312   10384 load.go:23] Could not load config from \"c:\\\\Dev\\\\focus-bonus-app\\\\dataconnect\": could not find dataconnect.yaml in `c:\\Dev\\focus-bonus-app\\dataconnect`\n"}}
[debug] [2025-07-17T20:33:05.411Z] E0717 17:33:05.410545   10384 load.go:23] Could not load config from "c:\\Dev\\focus-bonus-app\\dataconnect": could not find dataconnect.yaml in `c:\Dev\focus-bonus-app\dataconnect`
 {"metadata":{"emulator":{"name":"dataconnect"},"message":"E0717 17:33:05.410545   10384 load.go:23] Could not load config from \"c:\\\\Dev\\\\focus-bonus-app\\\\dataconnect\": could not find dataconnect.yaml in `c:\\Dev\\focus-bonus-app\\dataconnect`\n"}}
[debug] [2025-07-17T20:33:15.411Z] E0717 17:33:15.410420   10384 load.go:23] Could not load config from "c:\\Dev\\focus-bonus-app\\dataconnect": could not find dataconnect.yaml in `c:\Dev\focus-bonus-app\dataconnect`
 {"metadata":{"emulator":{"name":"dataconnect"},"message":"E0717 17:33:15.410420   10384 load.go:23] Could not load config from \"c:\\\\Dev\\\\focus-bonus-app\\\\dataconnect\": could not find dataconnect.yaml in `c:\\Dev\\focus-bonus-app\\dataconnect`\n"}}
[debug] [2025-07-17T20:33:25.411Z] E0717 17:33:25.411024   10384 load.go:23] Could not load config from "c:\\Dev\\focus-bonus-app\\dataconnect": could not find dataconnect.yaml in `c:\Dev\focus-bonus-app\dataconnect`
 {"metadata":{"emulator":{"name":"dataconnect"},"message":"E0717 17:33:25.411024   10384 load.go:23] Could not load config from \"c:\\\\Dev\\\\focus-bonus-app\\\\dataconnect\": could not find dataconnect.yaml in `c:\\Dev\\focus-bonus-app\\dataconnect`\n"}}
[debug] [2025-07-17T20:33:35.411Z] E0717 17:33:35.410991   10384 load.go:23] Could not load config from "c:\\Dev\\focus-bonus-app\\dataconnect": could not find dataconnect.yaml in `c:\Dev\focus-bonus-app\dataconnect`
 {"metadata":{"emulator":{"name":"dataconnect"},"message":"E0717 17:33:35.410991   10384 load.go:23] Could not load config from \"c:\\\\Dev\\\\focus-bonus-app\\\\dataconnect\": could not find dataconnect.yaml in `c:\\Dev\\focus-bonus-app\\dataconnect`\n"}}
[debug] [2025-07-17T20:33:45.411Z] E0717 17:33:45.410479   10384 load.go:23] Could not load config from "c:\\Dev\\focus-bonus-app\\dataconnect": could not find dataconnect.yaml in `c:\Dev\focus-bonus-app\dataconnect`
 {"metadata":{"emulator":{"name":"dataconnect"},"message":"E0717 17:33:45.410479   10384 load.go:23] Could not load config from \"c:\\\\Dev\\\\focus-bonus-app\\\\dataconnect\": could not find dataconnect.yaml in `c:\\Dev\\focus-bonus-app\\dataconnect`\n"}}
[debug] [2025-07-17T20:33:55.410Z] E0717 17:33:55.410161   10384 load.go:23] Could not load config from "c:\\Dev\\focus-bonus-app\\dataconnect": could not find dataconnect.yaml in `c:\Dev\focus-bonus-app\dataconnect`
 {"metadata":{"emulator":{"name":"dataconnect"},"message":"E0717 17:33:55.410161   10384 load.go:23] Could not load config from \"c:\\\\Dev\\\\focus-bonus-app\\\\dataconnect\": could not find dataconnect.yaml in `c:\\Dev\\focus-bonus-app\\dataconnect`\n"}}
[debug] [2025-07-17T20:34:05.410Z] E0717 17:34:05.410604   10384 load.go:23] Could not load config from "c:\\Dev\\focus-bonus-app\\dataconnect": could not find dataconnect.yaml in `c:\Dev\focus-bonus-app\dataconnect`
 {"metadata":{"emulator":{"name":"dataconnect"},"message":"E0717 17:34:05.410604   10384 load.go:23] Could not load config from \"c:\\\\Dev\\\\focus-bonus-app\\\\dataconnect\": could not find dataconnect.yaml in `c:\\Dev\\focus-bonus-app\\dataconnect`\n"}}
[debug] [2025-07-17T20:34:15.409Z] E0717 17:34:15.410305   10384 load.go:23] Could not load config from "c:\\Dev\\focus-bonus-app\\dataconnect": could not find dataconnect.yaml in `c:\Dev\focus-bonus-app\dataconnect`
E0717 17:34:15.410305   10384 watch.go:76] watchAllDir unable to walk dir `c:\Dev\focus-bonus-app\dataconnect`: on path "c:\\Dev\\focus-bonus-app\\dataconnect" (DirEntry: <nil>): CreateFile c:\Dev\focus-bonus-app\dataconnect: The system cannot find the file specified.
 {"metadata":{"emulator":{"name":"dataconnect"},"message":"E0717 17:34:15.410305   10384 load.go:23] Could not load config from \"c:\\\\Dev\\\\focus-bonus-app\\\\dataconnect\": could not find dataconnect.yaml in `c:\\Dev\\focus-bonus-app\\dataconnect`\nE0717 17:34:15.410305   10384 watch.go:76] watchAllDir unable to walk dir `c:\\Dev\\focus-bonus-app\\dataconnect`: on path \"c:\\\\Dev\\\\focus-bonus-app\\\\dataconnect\" (DirEntry: <nil>): CreateFile c:\\Dev\\focus-bonus-app\\dataconnect: The system cannot find the file specified.\n"}}
[debug] [2025-07-17T20:34:25.412Z] E0717 17:34:25.413430   10384 load.go:23] Could not load config from "c:\\Dev\\focus-bonus-app\\dataconnect": could not find dataconnect.yaml in `c:\Dev\focus-bonus-app\dataconnect`
 {"metadata":{"emulator":{"name":"dataconnect"},"message":"E0717 17:34:25.413430   10384 load.go:23] Could not load config from \"c:\\\\Dev\\\\focus-bonus-app\\\\dataconnect\": could not find dataconnect.yaml in `c:\\Dev\\focus-bonus-app\\dataconnect`\n"}}
[debug] [2025-07-17T20:34:35.410Z] E0717 17:34:35.411145   10384 load.go:23] Could not load config from "c:\\Dev\\focus-bonus-app\\dataconnect": could not find dataconnect.yaml in `c:\Dev\focus-bonus-app\dataconnect`
 {"metadata":{"emulator":{"name":"dataconnect"},"message":"E0717 17:34:35.411145   10384 load.go:23] Could not load config from \"c:\\\\Dev\\\\focus-bonus-app\\\\dataconnect\": could not find dataconnect.yaml in `c:\\Dev\\focus-bonus-app\\dataconnect`\n"}}
[debug] [2025-07-17T20:34:45.411Z] E0717 17:34:45.411448   10384 load.go:23] Could not load config from "c:\\Dev\\focus-bonus-app\\dataconnect": could not find dataconnect.yaml in `c:\Dev\focus-bonus-app\dataconnect`
 {"metadata":{"emulator":{"name":"dataconnect"},"message":"E0717 17:34:45.411448   10384 load.go:23] Could not load config from \"c:\\\\Dev\\\\focus-bonus-app\\\\dataconnect\": could not find dataconnect.yaml in `c:\\Dev\\focus-bonus-app\\dataconnect`\n"}}
[debug] [2025-07-17T20:34:55.409Z] E0717 17:34:55.410423   10384 load.go:23] Could not load config from "c:\\Dev\\focus-bonus-app\\dataconnect": could not find dataconnect.yaml in `c:\Dev\focus-bonus-app\dataconnect`
 {"metadata":{"emulator":{"name":"dataconnect"},"message":"E0717 17:34:55.410423   10384 load.go:23] Could not load config from \"c:\\\\Dev\\\\focus-bonus-app\\\\dataconnect\": could not find dataconnect.yaml in `c:\\Dev\\focus-bonus-app\\dataconnect`\n"}}
[debug] [2025-07-17T20:35:05.410Z] E0717 17:35:05.410560   10384 load.go:23] Could not load config from "c:\\Dev\\focus-bonus-app\\dataconnect": could not find dataconnect.yaml in `c:\Dev\focus-bonus-app\dataconnect`
 {"metadata":{"emulator":{"name":"dataconnect"},"message":"E0717 17:35:05.410560   10384 load.go:23] Could not load config from \"c:\\\\Dev\\\\focus-bonus-app\\\\dataconnect\": could not find dataconnect.yaml in `c:\\Dev\\focus-bonus-app\\dataconnect`\n"}}
[debug] [2025-07-17T20:35:15.409Z] E0717 17:35:15.410227   10384 load.go:23] Could not load config from "c:\\Dev\\focus-bonus-app\\dataconnect": could not find dataconnect.yaml in `c:\Dev\focus-bonus-app\dataconnect`
 {"metadata":{"emulator":{"name":"dataconnect"},"message":"E0717 17:35:15.410227   10384 load.go:23] Could not load config from \"c:\\\\Dev\\\\focus-bonus-app\\\\dataconnect\": could not find dataconnect.yaml in `c:\\Dev\\focus-bonus-app\\dataconnect`\n"}}
[debug] [2025-07-17T20:35:25.410Z] E0717 17:35:25.410643   10384 load.go:23] Could not load config from "c:\\Dev\\focus-bonus-app\\dataconnect": could not find dataconnect.yaml in `c:\Dev\focus-bonus-app\dataconnect`
 {"metadata":{"emulator":{"name":"dataconnect"},"message":"E0717 17:35:25.410643   10384 load.go:23] Could not load config from \"c:\\\\Dev\\\\focus-bonus-app\\\\dataconnect\": could not find dataconnect.yaml in `c:\\Dev\\focus-bonus-app\\dataconnect`\n"}}
[debug] [2025-07-17T20:35:35.410Z] E0717 17:35:35.410542   10384 load.go:23] Could not load config from "c:\\Dev\\focus-bonus-app\\dataconnect": could not find dataconnect.yaml in `c:\Dev\focus-bonus-app\dataconnect`
 {"metadata":{"emulator":{"name":"dataconnect"},"message":"E0717 17:35:35.410542   10384 load.go:23] Could not load config from \"c:\\\\Dev\\\\focus-bonus-app\\\\dataconnect\": could not find dataconnect.yaml in `c:\\Dev\\focus-bonus-app\\dataconnect`\n"}}
[debug] [2025-07-17T20:35:45.411Z] E0717 17:35:45.411146   10384 load.go:23] Could not load config from "c:\\Dev\\focus-bonus-app\\dataconnect": could not find dataconnect.yaml in `c:\Dev\focus-bonus-app\dataconnect`
 {"metadata":{"emulator":{"name":"dataconnect"},"message":"E0717 17:35:45.411146   10384 load.go:23] Could not load config from \"c:\\\\Dev\\\\focus-bonus-app\\\\dataconnect\": could not find dataconnect.yaml in `c:\\Dev\\focus-bonus-app\\dataconnect`\n"}}
[debug] [2025-07-17T20:35:55.411Z] E0717 17:35:55.410719   10384 load.go:23] Could not load config from "c:\\Dev\\focus-bonus-app\\dataconnect": could not find dataconnect.yaml in `c:\Dev\focus-bonus-app\dataconnect`
 {"metadata":{"emulator":{"name":"dataconnect"},"message":"E0717 17:35:55.410719   10384 load.go:23] Could not load config from \"c:\\\\Dev\\\\focus-bonus-app\\\\dataconnect\": could not find dataconnect.yaml in `c:\\Dev\\focus-bonus-app\\dataconnect`\n"}}
[debug] [2025-07-17T20:36:05.410Z] E0717 17:36:05.410224   10384 load.go:23] Could not load config from "c:\\Dev\\focus-bonus-app\\dataconnect": could not find dataconnect.yaml in `c:\Dev\focus-bonus-app\dataconnect`
 {"metadata":{"emulator":{"name":"dataconnect"},"message":"E0717 17:36:05.410224   10384 load.go:23] Could not load config from \"c:\\\\Dev\\\\focus-bonus-app\\\\dataconnect\": could not find dataconnect.yaml in `c:\\Dev\\focus-bonus-app\\dataconnect`\n"}}
[debug] [2025-07-17T20:36:15.410Z] E0717 17:36:15.410515   10384 load.go:23] Could not load config from "c:\\Dev\\focus-bonus-app\\dataconnect": could not find dataconnect.yaml in `c:\Dev\focus-bonus-app\dataconnect`
E0717 17:36:15.410515   10384 watch.go:76] watchAllDir unable to walk dir `c:\Dev\focus-bonus-app\dataconnect`: on path "c:\\Dev\\focus-bonus-app\\dataconnect" (DirEntry: <nil>): CreateFile c:\Dev\focus-bonus-app\dataconnect: The system cannot find the file specified.
 {"metadata":{"emulator":{"name":"dataconnect"},"message":"E0717 17:36:15.410515   10384 load.go:23] Could not load config from \"c:\\\\Dev\\\\focus-bonus-app\\\\dataconnect\": could not find dataconnect.yaml in `c:\\Dev\\focus-bonus-app\\dataconnect`\nE0717 17:36:15.410515   10384 watch.go:76] watchAllDir unable to walk dir `c:\\Dev\\focus-bonus-app\\dataconnect`: on path \"c:\\\\Dev\\\\focus-bonus-app\\\\dataconnect\" (DirEntry: <nil>): CreateFile c:\\Dev\\focus-bonus-app\\dataconnect: The system cannot find the file specified.\n"}}
[debug] [2025-07-17T20:36:25.411Z] E0717 17:36:25.410860   10384 load.go:23] Could not load config from "c:\\Dev\\focus-bonus-app\\dataconnect": could not find dataconnect.yaml in `c:\Dev\focus-bonus-app\dataconnect`
 {"metadata":{"emulator":{"name":"dataconnect"},"message":"E0717 17:36:25.410860   10384 load.go:23] Could not load config from \"c:\\\\Dev\\\\focus-bonus-app\\\\dataconnect\": could not find dataconnect.yaml in `c:\\Dev\\focus-bonus-app\\dataconnect`\n"}}
[debug] [2025-07-17T20:36:35.411Z] E0717 17:36:35.410640   10384 load.go:23] Could not load config from "c:\\Dev\\focus-bonus-app\\dataconnect": could not find dataconnect.yaml in `c:\Dev\focus-bonus-app\dataconnect`
 {"metadata":{"emulator":{"name":"dataconnect"},"message":"E0717 17:36:35.410640   10384 load.go:23] Could not load config from \"c:\\\\Dev\\\\focus-bonus-app\\\\dataconnect\": could not find dataconnect.yaml in `c:\\Dev\\focus-bonus-app\\dataconnect`\n"}}
[debug] [2025-07-17T20:36:45.410Z] E0717 17:36:45.410420   10384 load.go:23] Could not load config from "c:\\Dev\\focus-bonus-app\\dataconnect": could not find dataconnect.yaml in `c:\Dev\focus-bonus-app\dataconnect`
 {"metadata":{"emulator":{"name":"dataconnect"},"message":"E0717 17:36:45.410420   10384 load.go:23] Could not load config from \"c:\\\\Dev\\\\focus-bonus-app\\\\dataconnect\": could not find dataconnect.yaml in `c:\\Dev\\focus-bonus-app\\dataconnect`\n"}}
[debug] [2025-07-17T20:36:55.410Z] E0717 17:36:55.410367   10384 load.go:23] Could not load config from "c:\\Dev\\focus-bonus-app\\dataconnect": could not find dataconnect.yaml in `c:\Dev\focus-bonus-app\dataconnect`
 {"metadata":{"emulator":{"name":"dataconnect"},"message":"E0717 17:36:55.410367   10384 load.go:23] Could not load config from \"c:\\\\Dev\\\\focus-bonus-app\\\\dataconnect\": could not find dataconnect.yaml in `c:\\Dev\\focus-bonus-app\\dataconnect`\n"}}
[debug] [2025-07-17T20:37:05.410Z] E0717 17:37:05.410521   10384 load.go:23] Could not load config from "c:\\Dev\\focus-bonus-app\\dataconnect": could not find dataconnect.yaml in `c:\Dev\focus-bonus-app\dataconnect`
 {"metadata":{"emulator":{"name":"dataconnect"},"message":"E0717 17:37:05.410521   10384 load.go:23] Could not load config from \"c:\\\\Dev\\\\focus-bonus-app\\\\dataconnect\": could not find dataconnect.yaml in `c:\\Dev\\focus-bonus-app\\dataconnect`\n"}}
[debug] [2025-07-17T20:37:15.410Z] E0717 17:37:15.410097   10384 load.go:23] Could not load config from "c:\\Dev\\focus-bonus-app\\dataconnect": could not find dataconnect.yaml in `c:\Dev\focus-bonus-app\dataconnect`
 {"metadata":{"emulator":{"name":"dataconnect"},"message":"E0717 17:37:15.410097   10384 load.go:23] Could not load config from \"c:\\\\Dev\\\\focus-bonus-app\\\\dataconnect\": could not find dataconnect.yaml in `c:\\Dev\\focus-bonus-app\\dataconnect`\n"}}
[debug] [2025-07-17T20:37:25.410Z] E0717 17:37:25.409938   10384 load.go:23] Could not load config from "c:\\Dev\\focus-bonus-app\\dataconnect": could not find dataconnect.yaml in `c:\Dev\focus-bonus-app\dataconnect`
 {"metadata":{"emulator":{"name":"dataconnect"},"message":"E0717 17:37:25.409938   10384 load.go:23] Could not load config from \"c:\\\\Dev\\\\focus-bonus-app\\\\dataconnect\": could not find dataconnect.yaml in `c:\\Dev\\focus-bonus-app\\dataconnect`\n"}}
[debug] [2025-07-17T20:37:35.410Z] E0717 17:37:35.410127   10384 load.go:23] Could not load config from "c:\\Dev\\focus-bonus-app\\dataconnect": could not find dataconnect.yaml in `c:\Dev\focus-bonus-app\dataconnect`
 {"metadata":{"emulator":{"name":"dataconnect"},"message":"E0717 17:37:35.410127   10384 load.go:23] Could not load config from \"c:\\\\Dev\\\\focus-bonus-app\\\\dataconnect\": could not find dataconnect.yaml in `c:\\Dev\\focus-bonus-app\\dataconnect`\n"}}
[debug] [2025-07-17T20:37:45.410Z] E0717 17:37:45.410316   10384 load.go:23] Could not load config from "c:\\Dev\\focus-bonus-app\\dataconnect": could not find dataconnect.yaml in `c:\Dev\focus-bonus-app\dataconnect`
 {"metadata":{"emulator":{"name":"dataconnect"},"message":"E0717 17:37:45.410316   10384 load.go:23] Could not load config from \"c:\\\\Dev\\\\focus-bonus-app\\\\dataconnect\": could not find dataconnect.yaml in `c:\\Dev\\focus-bonus-app\\dataconnect`\n"}}
[debug] [2025-07-17T20:37:55.414Z] E0717 17:37:55.414687   10384 load.go:23] Could not load config from "c:\\Dev\\focus-bonus-app\\dataconnect": could not find dataconnect.yaml in `c:\Dev\focus-bonus-app\dataconnect`
 {"metadata":{"emulator":{"name":"dataconnect"},"message":"E0717 17:37:55.414687   10384 load.go:23] Could not load config from \"c:\\\\Dev\\\\focus-bonus-app\\\\dataconnect\": could not find dataconnect.yaml in `c:\\Dev\\focus-bonus-app\\dataconnect`\n"}}
[debug] [2025-07-17T20:38:05.410Z] E0717 17:38:05.410207   10384 load.go:23] Could not load config from "c:\\Dev\\focus-bonus-app\\dataconnect": could not find dataconnect.yaml in `c:\Dev\focus-bonus-app\dataconnect`
 {"metadata":{"emulator":{"name":"dataconnect"},"message":"E0717 17:38:05.410207   10384 load.go:23] Could not load config from \"c:\\\\Dev\\\\focus-bonus-app\\\\dataconnect\": could not find dataconnect.yaml in `c:\\Dev\\focus-bonus-app\\dataconnect`\n"}}
[debug] [2025-07-17T20:38:15.412Z] E0717 17:38:15.412898   10384 load.go:23] Could not load config from "c:\\Dev\\focus-bonus-app\\dataconnect": could not find dataconnect.yaml in `c:\Dev\focus-bonus-app\dataconnect`
 {"metadata":{"emulator":{"name":"dataconnect"},"message":"E0717 17:38:15.412898   10384 load.go:23] Could not load config from \"c:\\\\Dev\\\\focus-bonus-app\\\\dataconnect\": could not find dataconnect.yaml in `c:\\Dev\\focus-bonus-app\\dataconnect`\n"}}
[debug] [2025-07-17T20:38:15.414Z] E0717 17:38:15.413406   10384 watch.go:76] watchAllDir unable to walk dir `c:\Dev\focus-bonus-app\dataconnect`: on path "c:\\Dev\\focus-bonus-app\\dataconnect" (DirEntry: <nil>): CreateFile c:\Dev\focus-bonus-app\dataconnect: The system cannot find the file specified.
 {"metadata":{"emulator":{"name":"dataconnect"},"message":"E0717 17:38:15.413406   10384 watch.go:76] watchAllDir unable to walk dir `c:\\Dev\\focus-bonus-app\\dataconnect`: on path \"c:\\\\Dev\\\\focus-bonus-app\\\\dataconnect\" (DirEntry: <nil>): CreateFile c:\\Dev\\focus-bonus-app\\dataconnect: The system cannot find the file specified.\n"}}
[debug] [2025-07-17T20:38:25.412Z] E0717 17:38:25.411762   10384 load.go:23] Could not load config from "c:\\Dev\\focus-bonus-app\\dataconnect": could not find dataconnect.yaml in `c:\Dev\focus-bonus-app\dataconnect`
 {"metadata":{"emulator":{"name":"dataconnect"},"message":"E0717 17:38:25.411762   10384 load.go:23] Could not load config from \"c:\\\\Dev\\\\focus-bonus-app\\\\dataconnect\": could not find dataconnect.yaml in `c:\\Dev\\focus-bonus-app\\dataconnect`\n"}}
[debug] [2025-07-17T20:38:35.412Z] E0717 17:38:35.412111   10384 load.go:23] Could not load config from "c:\\Dev\\focus-bonus-app\\dataconnect": could not find dataconnect.yaml in `c:\Dev\focus-bonus-app\dataconnect`
 {"metadata":{"emulator":{"name":"dataconnect"},"message":"E0717 17:38:35.412111   10384 load.go:23] Could not load config from \"c:\\\\Dev\\\\focus-bonus-app\\\\dataconnect\": could not find dataconnect.yaml in `c:\\Dev\\focus-bonus-app\\dataconnect`\n"}}
[debug] [2025-07-17T20:38:45.410Z] E0717 17:38:45.410678   10384 load.go:23] Could not load config from "c:\\Dev\\focus-bonus-app\\dataconnect": could not find dataconnect.yaml in `c:\Dev\focus-bonus-app\dataconnect`
 {"metadata":{"emulator":{"name":"dataconnect"},"message":"E0717 17:38:45.410678   10384 load.go:23] Could not load config from \"c:\\\\Dev\\\\focus-bonus-app\\\\dataconnect\": could not find dataconnect.yaml in `c:\\Dev\\focus-bonus-app\\dataconnect`\n"}}
[debug] [2025-07-17T20:38:55.410Z] E0717 17:38:55.410080   10384 load.go:23] Could not load config from "c:\\Dev\\focus-bonus-app\\dataconnect": could not find dataconnect.yaml in `c:\Dev\focus-bonus-app\dataconnect`
 {"metadata":{"emulator":{"name":"dataconnect"},"message":"E0717 17:38:55.410080   10384 load.go:23] Could not load config from \"c:\\\\Dev\\\\focus-bonus-app\\\\dataconnect\": could not find dataconnect.yaml in `c:\\Dev\\focus-bonus-app\\dataconnect`\n"}}
[debug] [2025-07-17T20:39:05.410Z] E0717 17:39:05.410501   10384 load.go:23] Could not load config from "c:\\Dev\\focus-bonus-app\\dataconnect": could not find dataconnect.yaml in `c:\Dev\focus-bonus-app\dataconnect`
 {"metadata":{"emulator":{"name":"dataconnect"},"message":"E0717 17:39:05.410501   10384 load.go:23] Could not load config from \"c:\\\\Dev\\\\focus-bonus-app\\\\dataconnect\": could not find dataconnect.yaml in `c:\\Dev\\focus-bonus-app\\dataconnect`\n"}}
[debug] [2025-07-17T20:39:15.410Z] E0717 17:39:15.410411   10384 load.go:23] Could not load config from "c:\\Dev\\focus-bonus-app\\dataconnect": could not find dataconnect.yaml in `c:\Dev\focus-bonus-app\dataconnect`
 {"metadata":{"emulator":{"name":"dataconnect"},"message":"E0717 17:39:15.410411   10384 load.go:23] Could not load config from \"c:\\\\Dev\\\\focus-bonus-app\\\\dataconnect\": could not find dataconnect.yaml in `c:\\Dev\\focus-bonus-app\\dataconnect`\n"}}
[debug] [2025-07-17T20:39:25.410Z] E0717 17:39:25.410750   10384 load.go:23] Could not load config from "c:\\Dev\\focus-bonus-app\\dataconnect": could not find dataconnect.yaml in `c:\Dev\focus-bonus-app\dataconnect`
 {"metadata":{"emulator":{"name":"dataconnect"},"message":"E0717 17:39:25.410750   10384 load.go:23] Could not load config from \"c:\\\\Dev\\\\focus-bonus-app\\\\dataconnect\": could not find dataconnect.yaml in `c:\\Dev\\focus-bonus-app\\dataconnect`\n"}}
[debug] [2025-07-17T20:39:35.409Z] E0717 17:39:35.410696   10384 load.go:23] Could not load config from "c:\\Dev\\focus-bonus-app\\dataconnect": could not find dataconnect.yaml in `c:\Dev\focus-bonus-app\dataconnect`
 {"metadata":{"emulator":{"name":"dataconnect"},"message":"E0717 17:39:35.410696   10384 load.go:23] Could not load config from \"c:\\\\Dev\\\\focus-bonus-app\\\\dataconnect\": could not find dataconnect.yaml in `c:\\Dev\\focus-bonus-app\\dataconnect`\n"}}
[debug] [2025-07-17T20:39:45.409Z] E0717 17:39:45.410450   10384 load.go:23] Could not load config from "c:\\Dev\\focus-bonus-app\\dataconnect": could not find dataconnect.yaml in `c:\Dev\focus-bonus-app\dataconnect`
 {"metadata":{"emulator":{"name":"dataconnect"},"message":"E0717 17:39:45.410450   10384 load.go:23] Could not load config from \"c:\\\\Dev\\\\focus-bonus-app\\\\dataconnect\": could not find dataconnect.yaml in `c:\\Dev\\focus-bonus-app\\dataconnect`\n"}}
[debug] [2025-07-17T20:39:55.410Z] E0717 17:39:55.411228   10384 load.go:23] Could not load config from "c:\\Dev\\focus-bonus-app\\dataconnect": could not find dataconnect.yaml in `c:\Dev\focus-bonus-app\dataconnect`
 {"metadata":{"emulator":{"name":"dataconnect"},"message":"E0717 17:39:55.411228   10384 load.go:23] Could not load config from \"c:\\\\Dev\\\\focus-bonus-app\\\\dataconnect\": could not find dataconnect.yaml in `c:\\Dev\\focus-bonus-app\\dataconnect`\n"}}
[debug] [2025-07-17T20:40:05.411Z] E0717 17:40:05.411037   10384 load.go:23] Could not load config from "c:\\Dev\\focus-bonus-app\\dataconnect": could not find dataconnect.yaml in `c:\Dev\focus-bonus-app\dataconnect`
 {"metadata":{"emulator":{"name":"dataconnect"},"message":"E0717 17:40:05.411037   10384 load.go:23] Could not load config from \"c:\\\\Dev\\\\focus-bonus-app\\\\dataconnect\": could not find dataconnect.yaml in `c:\\Dev\\focus-bonus-app\\dataconnect`\n"}}
[debug] [2025-07-17T20:40:15.410Z] E0717 17:40:15.410298   10384 load.go:23] Could not load config from "c:\\Dev\\focus-bonus-app\\dataconnect": could not find dataconnect.yaml in `c:\Dev\focus-bonus-app\dataconnect`
 {"metadata":{"emulator":{"name":"dataconnect"},"message":"E0717 17:40:15.410298   10384 load.go:23] Could not load config from \"c:\\\\Dev\\\\focus-bonus-app\\\\dataconnect\": could not find dataconnect.yaml in `c:\\Dev\\focus-bonus-app\\dataconnect`\n"}}
[debug] [2025-07-17T20:40:15.411Z] E0717 17:40:15.410623   10384 watch.go:76] watchAllDir unable to walk dir `c:\Dev\focus-bonus-app\dataconnect`: on path "c:\\Dev\\focus-bonus-app\\dataconnect" (DirEntry: <nil>): CreateFile c:\Dev\focus-bonus-app\dataconnect: The system cannot find the file specified.
 {"metadata":{"emulator":{"name":"dataconnect"},"message":"E0717 17:40:15.410623   10384 watch.go:76] watchAllDir unable to walk dir `c:\\Dev\\focus-bonus-app\\dataconnect`: on path \"c:\\\\Dev\\\\focus-bonus-app\\\\dataconnect\" (DirEntry: <nil>): CreateFile c:\\Dev\\focus-bonus-app\\dataconnect: The system cannot find the file specified.\n"}}
[debug] [2025-07-17T20:40:25.411Z] E0717 17:40:25.410489   10384 load.go:23] Could not load config from "c:\\Dev\\focus-bonus-app\\dataconnect": could not find dataconnect.yaml in `c:\Dev\focus-bonus-app\dataconnect`
 {"metadata":{"emulator":{"name":"dataconnect"},"message":"E0717 17:40:25.410489   10384 load.go:23] Could not load config from \"c:\\\\Dev\\\\focus-bonus-app\\\\dataconnect\": could not find dataconnect.yaml in `c:\\Dev\\focus-bonus-app\\dataconnect`\n"}}
[debug] [2025-07-17T20:40:35.410Z] E0717 17:40:35.410324   10384 load.go:23] Could not load config from "c:\\Dev\\focus-bonus-app\\dataconnect": could not find dataconnect.yaml in `c:\Dev\focus-bonus-app\dataconnect`
 {"metadata":{"emulator":{"name":"dataconnect"},"message":"E0717 17:40:35.410324   10384 load.go:23] Could not load config from \"c:\\\\Dev\\\\focus-bonus-app\\\\dataconnect\": could not find dataconnect.yaml in `c:\\Dev\\focus-bonus-app\\dataconnect`\n"}}
[debug] [2025-07-17T20:40:45.410Z] E0717 17:40:45.410262   10384 load.go:23] Could not load config from "c:\\Dev\\focus-bonus-app\\dataconnect": could not find dataconnect.yaml in `c:\Dev\focus-bonus-app\dataconnect`
 {"metadata":{"emulator":{"name":"dataconnect"},"message":"E0717 17:40:45.410262   10384 load.go:23] Could not load config from \"c:\\\\Dev\\\\focus-bonus-app\\\\dataconnect\": could not find dataconnect.yaml in `c:\\Dev\\focus-bonus-app\\dataconnect`\n"}}
[debug] [2025-07-17T20:40:55.412Z] E0717 17:40:55.411849   10384 load.go:23] Could not load config from "c:\\Dev\\focus-bonus-app\\dataconnect": could not find dataconnect.yaml in `c:\Dev\focus-bonus-app\dataconnect`
 {"metadata":{"emulator":{"name":"dataconnect"},"message":"E0717 17:40:55.411849   10384 load.go:23] Could not load config from \"c:\\\\Dev\\\\focus-bonus-app\\\\dataconnect\": could not find dataconnect.yaml in `c:\\Dev\\focus-bonus-app\\dataconnect`\n"}}
[debug] [2025-07-17T20:41:05.410Z] E0717 17:41:05.410023   10384 load.go:23] Could not load config from "c:\\Dev\\focus-bonus-app\\dataconnect": could not find dataconnect.yaml in `c:\Dev\focus-bonus-app\dataconnect`
 {"metadata":{"emulator":{"name":"dataconnect"},"message":"E0717 17:41:05.410023   10384 load.go:23] Could not load config from \"c:\\\\Dev\\\\focus-bonus-app\\\\dataconnect\": could not find dataconnect.yaml in `c:\\Dev\\focus-bonus-app\\dataconnect`\n"}}
[debug] [2025-07-17T20:41:15.408Z] E0717 17:41:15.410131   10384 load.go:23] Could not load config from "c:\\Dev\\focus-bonus-app\\dataconnect": could not find dataconnect.yaml in `c:\Dev\focus-bonus-app\dataconnect`
 {"metadata":{"emulator":{"name":"dataconnect"},"message":"E0717 17:41:15.410131   10384 load.go:23] Could not load config from \"c:\\\\Dev\\\\focus-bonus-app\\\\dataconnect\": could not find dataconnect.yaml in `c:\\Dev\\focus-bonus-app\\dataconnect`\n"}}
[debug] [2025-07-17T20:41:25.408Z] E0717 17:41:25.410294   10384 load.go:23] Could not load config from "c:\\Dev\\focus-bonus-app\\dataconnect": could not find dataconnect.yaml in `c:\Dev\focus-bonus-app\dataconnect`
 {"metadata":{"emulator":{"name":"dataconnect"},"message":"E0717 17:41:25.410294   10384 load.go:23] Could not load config from \"c:\\\\Dev\\\\focus-bonus-app\\\\dataconnect\": could not find dataconnect.yaml in `c:\\Dev\\focus-bonus-app\\dataconnect`\n"}}
[debug] [2025-07-17T20:41:35.409Z] E0717 17:41:35.410945   10384 load.go:23] Could not load config from "c:\\Dev\\focus-bonus-app\\dataconnect": could not find dataconnect.yaml in `c:\Dev\focus-bonus-app\dataconnect`
 {"metadata":{"emulator":{"name":"dataconnect"},"message":"E0717 17:41:35.410945   10384 load.go:23] Could not load config from \"c:\\\\Dev\\\\focus-bonus-app\\\\dataconnect\": could not find dataconnect.yaml in `c:\\Dev\\focus-bonus-app\\dataconnect`\n"}}
[debug] [2025-07-17T20:41:45.411Z] E0717 17:41:45.412314   10384 load.go:23] Could not load config from "c:\\Dev\\focus-bonus-app\\dataconnect": could not find dataconnect.yaml in `c:\Dev\focus-bonus-app\dataconnect`
 {"metadata":{"emulator":{"name":"dataconnect"},"message":"E0717 17:41:45.412314   10384 load.go:23] Could not load config from \"c:\\\\Dev\\\\focus-bonus-app\\\\dataconnect\": could not find dataconnect.yaml in `c:\\Dev\\focus-bonus-app\\dataconnect`\n"}}
[debug] [2025-07-17T20:41:55.409Z] E0717 17:41:55.411122   10384 load.go:23] Could not load config from "c:\\Dev\\focus-bonus-app\\dataconnect": could not find dataconnect.yaml in `c:\Dev\focus-bonus-app\dataconnect`
 {"metadata":{"emulator":{"name":"dataconnect"},"message":"E0717 17:41:55.411122   10384 load.go:23] Could not load config from \"c:\\\\Dev\\\\focus-bonus-app\\\\dataconnect\": could not find dataconnect.yaml in `c:\\Dev\\focus-bonus-app\\dataconnect`\n"}}
[debug] [2025-07-17T20:42:05.409Z] E0717 17:42:05.410612   10384 load.go:23] Could not load config from "c:\\Dev\\focus-bonus-app\\dataconnect": could not find dataconnect.yaml in `c:\Dev\focus-bonus-app\dataconnect`
 {"metadata":{"emulator":{"name":"dataconnect"},"message":"E0717 17:42:05.410612   10384 load.go:23] Could not load config from \"c:\\\\Dev\\\\focus-bonus-app\\\\dataconnect\": could not find dataconnect.yaml in `c:\\Dev\\focus-bonus-app\\dataconnect`\n"}}
[debug] [2025-07-17T20:42:15.409Z] E0717 17:42:15.410349   10384 load.go:23] Could not load config from "c:\\Dev\\focus-bonus-app\\dataconnect": could not find dataconnect.yaml in `c:\Dev\focus-bonus-app\dataconnect`
 {"metadata":{"emulator":{"name":"dataconnect"},"message":"E0717 17:42:15.410349   10384 load.go:23] Could not load config from \"c:\\\\Dev\\\\focus-bonus-app\\\\dataconnect\": could not find dataconnect.yaml in `c:\\Dev\\focus-bonus-app\\dataconnect`\n"}}
[debug] [2025-07-17T20:42:15.410Z] E0717 17:42:15.412135   10384 watch.go:76] watchAllDir unable to walk dir `c:\Dev\focus-bonus-app\dataconnect`: on path "c:\\Dev\\focus-bonus-app\\dataconnect" (DirEntry: <nil>): CreateFile c:\Dev\focus-bonus-app\dataconnect: The system cannot find the file specified.
 {"metadata":{"emulator":{"name":"dataconnect"},"message":"E0717 17:42:15.412135   10384 watch.go:76] watchAllDir unable to walk dir `c:\\Dev\\focus-bonus-app\\dataconnect`: on path \"c:\\\\Dev\\\\focus-bonus-app\\\\dataconnect\" (DirEntry: <nil>): CreateFile c:\\Dev\\focus-bonus-app\\dataconnect: The system cannot find the file specified.\n"}}
[debug] [2025-07-17T20:42:25.410Z] E0717 17:42:25.411998   10384 load.go:23] Could not load config from "c:\\Dev\\focus-bonus-app\\dataconnect": could not find dataconnect.yaml in `c:\Dev\focus-bonus-app\dataconnect`
 {"metadata":{"emulator":{"name":"dataconnect"},"message":"E0717 17:42:25.411998   10384 load.go:23] Could not load config from \"c:\\\\Dev\\\\focus-bonus-app\\\\dataconnect\": could not find dataconnect.yaml in `c:\\Dev\\focus-bonus-app\\dataconnect`\n"}}
[debug] [2025-07-17T20:42:35.408Z] E0717 17:42:35.410098   10384 load.go:23] Could not load config from "c:\\Dev\\focus-bonus-app\\dataconnect": could not find dataconnect.yaml in `c:\Dev\focus-bonus-app\dataconnect`
 {"metadata":{"emulator":{"name":"dataconnect"},"message":"E0717 17:42:35.410098   10384 load.go:23] Could not load config from \"c:\\\\Dev\\\\focus-bonus-app\\\\dataconnect\": could not find dataconnect.yaml in `c:\\Dev\\focus-bonus-app\\dataconnect`\n"}}
[debug] [2025-07-17T20:42:45.409Z] E0717 17:42:45.410652   10384 load.go:23] Could not load config from "c:\\Dev\\focus-bonus-app\\dataconnect": could not find dataconnect.yaml in `c:\Dev\focus-bonus-app\dataconnect`
 {"metadata":{"emulator":{"name":"dataconnect"},"message":"E0717 17:42:45.410652   10384 load.go:23] Could not load config from \"c:\\\\Dev\\\\focus-bonus-app\\\\dataconnect\": could not find dataconnect.yaml in `c:\\Dev\\focus-bonus-app\\dataconnect`\n"}}
[debug] [2025-07-17T20:42:55.409Z] E0717 17:42:55.410668   10384 load.go:23] Could not load config from "c:\\Dev\\focus-bonus-app\\dataconnect": could not find dataconnect.yaml in `c:\Dev\focus-bonus-app\dataconnect`
 {"metadata":{"emulator":{"name":"dataconnect"},"message":"E0717 17:42:55.410668   10384 load.go:23] Could not load config from \"c:\\\\Dev\\\\focus-bonus-app\\\\dataconnect\": could not find dataconnect.yaml in `c:\\Dev\\focus-bonus-app\\dataconnect`\n"}}
[debug] [2025-07-17T20:43:05.408Z] E0717 17:43:05.410425   10384 load.go:23] Could not load config from "c:\\Dev\\focus-bonus-app\\dataconnect": could not find dataconnect.yaml in `c:\Dev\focus-bonus-app\dataconnect`
 {"metadata":{"emulator":{"name":"dataconnect"},"message":"E0717 17:43:05.410425   10384 load.go:23] Could not load config from \"c:\\\\Dev\\\\focus-bonus-app\\\\dataconnect\": could not find dataconnect.yaml in `c:\\Dev\\focus-bonus-app\\dataconnect`\n"}}
[debug] [2025-07-17T20:43:15.410Z] E0717 17:43:15.410956   10384 load.go:23] Could not load config from "c:\\Dev\\focus-bonus-app\\dataconnect": could not find dataconnect.yaml in `c:\Dev\focus-bonus-app\dataconnect`
 {"metadata":{"emulator":{"name":"dataconnect"},"message":"E0717 17:43:15.410956   10384 load.go:23] Could not load config from \"c:\\\\Dev\\\\focus-bonus-app\\\\dataconnect\": could not find dataconnect.yaml in `c:\\Dev\\focus-bonus-app\\dataconnect`\n"}}
[debug] [2025-07-17T20:43:25.410Z] E0717 17:43:25.410627   10384 load.go:23] Could not load config from "c:\\Dev\\focus-bonus-app\\dataconnect": could not find dataconnect.yaml in `c:\Dev\focus-bonus-app\dataconnect`
 {"metadata":{"emulator":{"name":"dataconnect"},"message":"E0717 17:43:25.410627   10384 load.go:23] Could not load config from \"c:\\\\Dev\\\\focus-bonus-app\\\\dataconnect\": could not find dataconnect.yaml in `c:\\Dev\\focus-bonus-app\\dataconnect`\n"}}
[debug] [2025-07-17T20:43:35.412Z] E0717 17:43:35.410973   10384 load.go:23] Could not load config from "c:\\Dev\\focus-bonus-app\\dataconnect": could not find dataconnect.yaml in `c:\Dev\focus-bonus-app\dataconnect`
 {"metadata":{"emulator":{"name":"dataconnect"},"message":"E0717 17:43:35.410973   10384 load.go:23] Could not load config from \"c:\\\\Dev\\\\focus-bonus-app\\\\dataconnect\": could not find dataconnect.yaml in `c:\\Dev\\focus-bonus-app\\dataconnect`\n"}}
[debug] [2025-07-17T20:43:45.413Z] E0717 17:43:45.410205   10384 load.go:23] Could not load config from "c:\\Dev\\focus-bonus-app\\dataconnect": could not find dataconnect.yaml in `c:\Dev\focus-bonus-app\dataconnect`
 {"metadata":{"emulator":{"name":"dataconnect"},"message":"E0717 17:43:45.410205   10384 load.go:23] Could not load config from \"c:\\\\Dev\\\\focus-bonus-app\\\\dataconnect\": could not find dataconnect.yaml in `c:\\Dev\\focus-bonus-app\\dataconnect`\n"}}
[debug] [2025-07-17T20:43:55.411Z] E0717 17:43:55.411347   10384 load.go:23] Could not load config from "c:\\Dev\\focus-bonus-app\\dataconnect": could not find dataconnect.yaml in `c:\Dev\focus-bonus-app\dataconnect`
 {"metadata":{"emulator":{"name":"dataconnect"},"message":"E0717 17:43:55.411347   10384 load.go:23] Could not load config from \"c:\\\\Dev\\\\focus-bonus-app\\\\dataconnect\": could not find dataconnect.yaml in `c:\\Dev\\focus-bonus-app\\dataconnect`\n"}}
[debug] [2025-07-17T20:44:05.409Z] E0717 17:44:05.409973   10384 load.go:23] Could not load config from "c:\\Dev\\focus-bonus-app\\dataconnect": could not find dataconnect.yaml in `c:\Dev\focus-bonus-app\dataconnect`
 {"metadata":{"emulator":{"name":"dataconnect"},"message":"E0717 17:44:05.409973   10384 load.go:23] Could not load config from \"c:\\\\Dev\\\\focus-bonus-app\\\\dataconnect\": could not find dataconnect.yaml in `c:\\Dev\\focus-bonus-app\\dataconnect`\n"}}
[debug] [2025-07-17T20:44:15.410Z] E0717 17:44:15.410508   10384 load.go:23] Could not load config from "c:\\Dev\\focus-bonus-app\\dataconnect": could not find dataconnect.yaml in `c:\Dev\focus-bonus-app\dataconnect`
 {"metadata":{"emulator":{"name":"dataconnect"},"message":"E0717 17:44:15.410508   10384 load.go:23] Could not load config from \"c:\\\\Dev\\\\focus-bonus-app\\\\dataconnect\": could not find dataconnect.yaml in `c:\\Dev\\focus-bonus-app\\dataconnect`\n"}}
[debug] [2025-07-17T20:44:15.411Z] E0717 17:44:15.410508   10384 watch.go:76] watchAllDir unable to walk dir `c:\Dev\focus-bonus-app\dataconnect`: on path "c:\\Dev\\focus-bonus-app\\dataconnect" (DirEntry: <nil>): CreateFile c:\Dev\focus-bonus-app\dataconnect: The system cannot find the file specified.
 {"metadata":{"emulator":{"name":"dataconnect"},"message":"E0717 17:44:15.410508   10384 watch.go:76] watchAllDir unable to walk dir `c:\\Dev\\focus-bonus-app\\dataconnect`: on path \"c:\\\\Dev\\\\focus-bonus-app\\\\dataconnect\" (DirEntry: <nil>): CreateFile c:\\Dev\\focus-bonus-app\\dataconnect: The system cannot find the file specified.\n"}}
[debug] [2025-07-17T20:44:25.412Z] E0717 17:44:25.412276   10384 load.go:23] Could not load config from "c:\\Dev\\focus-bonus-app\\dataconnect": could not find dataconnect.yaml in `c:\Dev\focus-bonus-app\dataconnect`
 {"metadata":{"emulator":{"name":"dataconnect"},"message":"E0717 17:44:25.412276   10384 load.go:23] Could not load config from \"c:\\\\Dev\\\\focus-bonus-app\\\\dataconnect\": could not find dataconnect.yaml in `c:\\Dev\\focus-bonus-app\\dataconnect`\n"}}
[debug] [2025-07-17T20:44:35.410Z] E0717 17:44:35.411122   10384 load.go:23] Could not load config from "c:\\Dev\\focus-bonus-app\\dataconnect": could not find dataconnect.yaml in `c:\Dev\focus-bonus-app\dataconnect`
 {"metadata":{"emulator":{"name":"dataconnect"},"message":"E0717 17:44:35.411122   10384 load.go:23] Could not load config from \"c:\\\\Dev\\\\focus-bonus-app\\\\dataconnect\": could not find dataconnect.yaml in `c:\\Dev\\focus-bonus-app\\dataconnect`\n"}}
[debug] [2025-07-17T20:44:45.415Z] E0717 17:44:45.415284   10384 load.go:23] Could not load config from "c:\\Dev\\focus-bonus-app\\dataconnect": could not find dataconnect.yaml in `c:\Dev\focus-bonus-app\dataconnect`
 {"metadata":{"emulator":{"name":"dataconnect"},"message":"E0717 17:44:45.415284   10384 load.go:23] Could not load config from \"c:\\\\Dev\\\\focus-bonus-app\\\\dataconnect\": could not find dataconnect.yaml in `c:\\Dev\\focus-bonus-app\\dataconnect`\n"}}
[debug] [2025-07-17T20:44:55.409Z] E0717 17:44:55.410420   10384 load.go:23] Could not load config from "c:\\Dev\\focus-bonus-app\\dataconnect": could not find dataconnect.yaml in `c:\Dev\focus-bonus-app\dataconnect`
 {"metadata":{"emulator":{"name":"dataconnect"},"message":"E0717 17:44:55.410420   10384 load.go:23] Could not load config from \"c:\\\\Dev\\\\focus-bonus-app\\\\dataconnect\": could not find dataconnect.yaml in `c:\\Dev\\focus-bonus-app\\dataconnect`\n"}}
[debug] [2025-07-17T20:45:05.411Z] E0717 17:45:05.410007   10384 load.go:23] Could not load config from "c:\\Dev\\focus-bonus-app\\dataconnect": could not find dataconnect.yaml in `c:\Dev\focus-bonus-app\dataconnect`
 {"metadata":{"emulator":{"name":"dataconnect"},"message":"E0717 17:45:05.410007   10384 load.go:23] Could not load config from \"c:\\\\Dev\\\\focus-bonus-app\\\\dataconnect\": could not find dataconnect.yaml in `c:\\Dev\\focus-bonus-app\\dataconnect`\n"}}
[debug] [2025-07-17T20:45:15.409Z] E0717 17:45:15.410042   10384 load.go:23] Could not load config from "c:\\Dev\\focus-bonus-app\\dataconnect": could not find dataconnect.yaml in `c:\Dev\focus-bonus-app\dataconnect`
 {"metadata":{"emulator":{"name":"dataconnect"},"message":"E0717 17:45:15.410042   10384 load.go:23] Could not load config from \"c:\\\\Dev\\\\focus-bonus-app\\\\dataconnect\": could not find dataconnect.yaml in `c:\\Dev\\focus-bonus-app\\dataconnect`\n"}}
[debug] [2025-07-17T20:45:25.408Z] E0717 17:45:25.410274   10384 load.go:23] Could not load config from "c:\\Dev\\focus-bonus-app\\dataconnect": could not find dataconnect.yaml in `c:\Dev\focus-bonus-app\dataconnect`
 {"metadata":{"emulator":{"name":"dataconnect"},"message":"E0717 17:45:25.410274   10384 load.go:23] Could not load config from \"c:\\\\Dev\\\\focus-bonus-app\\\\dataconnect\": could not find dataconnect.yaml in `c:\\Dev\\focus-bonus-app\\dataconnect`\n"}}
[debug] [2025-07-17T20:45:35.408Z] E0717 17:45:35.410014   10384 load.go:23] Could not load config from "c:\\Dev\\focus-bonus-app\\dataconnect": could not find dataconnect.yaml in `c:\Dev\focus-bonus-app\dataconnect`
 {"metadata":{"emulator":{"name":"dataconnect"},"message":"E0717 17:45:35.410014   10384 load.go:23] Could not load config from \"c:\\\\Dev\\\\focus-bonus-app\\\\dataconnect\": could not find dataconnect.yaml in `c:\\Dev\\focus-bonus-app\\dataconnect`\n"}}
[debug] [2025-07-17T20:45:45.409Z] E0717 17:45:45.410675   10384 load.go:23] Could not load config from "c:\\Dev\\focus-bonus-app\\dataconnect": could not find dataconnect.yaml in `c:\Dev\focus-bonus-app\dataconnect`
 {"metadata":{"emulator":{"name":"dataconnect"},"message":"E0717 17:45:45.410675   10384 load.go:23] Could not load config from \"c:\\\\Dev\\\\focus-bonus-app\\\\dataconnect\": could not find dataconnect.yaml in `c:\\Dev\\focus-bonus-app\\dataconnect`\n"}}
[debug] [2025-07-17T20:45:55.408Z] E0717 17:45:55.410126   10384 load.go:23] Could not load config from "c:\\Dev\\focus-bonus-app\\dataconnect": could not find dataconnect.yaml in `c:\Dev\focus-bonus-app\dataconnect`
 {"metadata":{"emulator":{"name":"dataconnect"},"message":"E0717 17:45:55.410126   10384 load.go:23] Could not load config from \"c:\\\\Dev\\\\focus-bonus-app\\\\dataconnect\": could not find dataconnect.yaml in `c:\\Dev\\focus-bonus-app\\dataconnect`\n"}}
[debug] [2025-07-17T20:46:05.409Z] E0717 17:46:05.410305   10384 load.go:23] Could not load config from "c:\\Dev\\focus-bonus-app\\dataconnect": could not find dataconnect.yaml in `c:\Dev\focus-bonus-app\dataconnect`
 {"metadata":{"emulator":{"name":"dataconnect"},"message":"E0717 17:46:05.410305   10384 load.go:23] Could not load config from \"c:\\\\Dev\\\\focus-bonus-app\\\\dataconnect\": could not find dataconnect.yaml in `c:\\Dev\\focus-bonus-app\\dataconnect`\n"}}
[debug] [2025-07-17T20:46:15.409Z] E0717 17:46:15.410830   10384 load.go:23] Could not load config from "c:\\Dev\\focus-bonus-app\\dataconnect": could not find dataconnect.yaml in `c:\Dev\focus-bonus-app\dataconnect`
 {"metadata":{"emulator":{"name":"dataconnect"},"message":"E0717 17:46:15.410830   10384 load.go:23] Could not load config from \"c:\\\\Dev\\\\focus-bonus-app\\\\dataconnect\": could not find dataconnect.yaml in `c:\\Dev\\focus-bonus-app\\dataconnect`\n"}}
[debug] [2025-07-17T20:46:15.410Z] E0717 17:46:15.411248   10384 watch.go:76] watchAllDir unable to walk dir `c:\Dev\focus-bonus-app\dataconnect`: on path "c:\\Dev\\focus-bonus-app\\dataconnect" (DirEntry: <nil>): CreateFile c:\Dev\focus-bonus-app\dataconnect: The system cannot find the file specified.
 {"metadata":{"emulator":{"name":"dataconnect"},"message":"E0717 17:46:15.411248   10384 watch.go:76] watchAllDir unable to walk dir `c:\\Dev\\focus-bonus-app\\dataconnect`: on path \"c:\\\\Dev\\\\focus-bonus-app\\\\dataconnect\" (DirEntry: <nil>): CreateFile c:\\Dev\\focus-bonus-app\\dataconnect: The system cannot find the file specified.\n"}}
[debug] [2025-07-17T20:46:25.405Z] E0717 17:46:25.410354   10384 load.go:23] Could not load config from "c:\\Dev\\focus-bonus-app\\dataconnect": could not find dataconnect.yaml in `c:\Dev\focus-bonus-app\dataconnect`
 {"metadata":{"emulator":{"name":"dataconnect"},"message":"E0717 17:46:25.410354   10384 load.go:23] Could not load config from \"c:\\\\Dev\\\\focus-bonus-app\\\\dataconnect\": could not find dataconnect.yaml in `c:\\Dev\\focus-bonus-app\\dataconnect`\n"}}
[debug] [2025-07-17T20:46:35.405Z] E0717 17:46:35.410461   10384 load.go:23] Could not load config from "c:\\Dev\\focus-bonus-app\\dataconnect": could not find dataconnect.yaml in `c:\Dev\focus-bonus-app\dataconnect`
 {"metadata":{"emulator":{"name":"dataconnect"},"message":"E0717 17:46:35.410461   10384 load.go:23] Could not load config from \"c:\\\\Dev\\\\focus-bonus-app\\\\dataconnect\": could not find dataconnect.yaml in `c:\\Dev\\focus-bonus-app\\dataconnect`\n"}}
[debug] [2025-07-17T20:46:45.405Z] E0717 17:46:45.410515   10384 load.go:23] Could not load config from "c:\\Dev\\focus-bonus-app\\dataconnect": could not find dataconnect.yaml in `c:\Dev\focus-bonus-app\dataconnect`
 {"metadata":{"emulator":{"name":"dataconnect"},"message":"E0717 17:46:45.410515   10384 load.go:23] Could not load config from \"c:\\\\Dev\\\\focus-bonus-app\\\\dataconnect\": could not find dataconnect.yaml in `c:\\Dev\\focus-bonus-app\\dataconnect`\n"}}
[debug] [2025-07-17T20:46:55.405Z] E0717 17:46:55.410322   10384 load.go:23] Could not load config from "c:\\Dev\\focus-bonus-app\\dataconnect": could not find dataconnect.yaml in `c:\Dev\focus-bonus-app\dataconnect`
 {"metadata":{"emulator":{"name":"dataconnect"},"message":"E0717 17:46:55.410322   10384 load.go:23] Could not load config from \"c:\\\\Dev\\\\focus-bonus-app\\\\dataconnect\": could not find dataconnect.yaml in `c:\\Dev\\focus-bonus-app\\dataconnect`\n"}}
[debug] [2025-07-17T20:47:05.405Z] E0717 17:47:05.410119   10384 load.go:23] Could not load config from "c:\\Dev\\focus-bonus-app\\dataconnect": could not find dataconnect.yaml in `c:\Dev\focus-bonus-app\dataconnect`
 {"metadata":{"emulator":{"name":"dataconnect"},"message":"E0717 17:47:05.410119   10384 load.go:23] Could not load config from \"c:\\\\Dev\\\\focus-bonus-app\\\\dataconnect\": could not find dataconnect.yaml in `c:\\Dev\\focus-bonus-app\\dataconnect`\n"}}
[debug] [2025-07-17T20:47:15.404Z] E0717 17:47:15.410058   10384 load.go:23] Could not load config from "c:\\Dev\\focus-bonus-app\\dataconnect": could not find dataconnect.yaml in `c:\Dev\focus-bonus-app\dataconnect`
 {"metadata":{"emulator":{"name":"dataconnect"},"message":"E0717 17:47:15.410058   10384 load.go:23] Could not load config from \"c:\\\\Dev\\\\focus-bonus-app\\\\dataconnect\": could not find dataconnect.yaml in `c:\\Dev\\focus-bonus-app\\dataconnect`\n"}}
[debug] [2025-07-17T20:47:25.410Z] E0717 17:47:25.410153   10384 load.go:23] Could not load config from "c:\\Dev\\focus-bonus-app\\dataconnect": could not find dataconnect.yaml in `c:\Dev\focus-bonus-app\dataconnect`
 {"metadata":{"emulator":{"name":"dataconnect"},"message":"E0717 17:47:25.410153   10384 load.go:23] Could not load config from \"c:\\\\Dev\\\\focus-bonus-app\\\\dataconnect\": could not find dataconnect.yaml in `c:\\Dev\\focus-bonus-app\\dataconnect`\n"}}
[debug] [2025-07-17T20:47:35.410Z] E0717 17:47:35.410026   10384 load.go:23] Could not load config from "c:\\Dev\\focus-bonus-app\\dataconnect": could not find dataconnect.yaml in `c:\Dev\focus-bonus-app\dataconnect`
 {"metadata":{"emulator":{"name":"dataconnect"},"message":"E0717 17:47:35.410026   10384 load.go:23] Could not load config from \"c:\\\\Dev\\\\focus-bonus-app\\\\dataconnect\": could not find dataconnect.yaml in `c:\\Dev\\focus-bonus-app\\dataconnect`\n"}}
[debug] [2025-07-17T20:47:45.428Z] E0717 17:47:45.428688   10384 load.go:23] Could not load config from "c:\\Dev\\focus-bonus-app\\dataconnect": could not find dataconnect.yaml in `c:\Dev\focus-bonus-app\dataconnect`
 {"metadata":{"emulator":{"name":"dataconnect"},"message":"E0717 17:47:45.428688   10384 load.go:23] Could not load config from \"c:\\\\Dev\\\\focus-bonus-app\\\\dataconnect\": could not find dataconnect.yaml in `c:\\Dev\\focus-bonus-app\\dataconnect`\n"}}
[debug] [2025-07-17T20:47:55.413Z] E0717 17:47:55.413129   10384 load.go:23] Could not load config from "c:\\Dev\\focus-bonus-app\\dataconnect": could not find dataconnect.yaml in `c:\Dev\focus-bonus-app\dataconnect`
 {"metadata":{"emulator":{"name":"dataconnect"},"message":"E0717 17:47:55.413129   10384 load.go:23] Could not load config from \"c:\\\\Dev\\\\focus-bonus-app\\\\dataconnect\": could not find dataconnect.yaml in `c:\\Dev\\focus-bonus-app\\dataconnect`\n"}}
[debug] [2025-07-17T20:48:05.412Z] E0717 17:48:05.410321   10384 load.go:23] Could not load config from "c:\\Dev\\focus-bonus-app\\dataconnect": could not find dataconnect.yaml in `c:\Dev\focus-bonus-app\dataconnect`
 {"metadata":{"emulator":{"name":"dataconnect"},"message":"E0717 17:48:05.410321   10384 load.go:23] Could not load config from \"c:\\\\Dev\\\\focus-bonus-app\\\\dataconnect\": could not find dataconnect.yaml in `c:\\Dev\\focus-bonus-app\\dataconnect`\n"}}
[debug] [2025-07-17T20:48:15.410Z] E0717 17:48:15.410596   10384 load.go:23] Could not load config from "c:\\Dev\\focus-bonus-app\\dataconnect": could not find dataconnect.yaml in `c:\Dev\focus-bonus-app\dataconnect`
E0717 17:48:15.410596   10384 watch.go:76] watchAllDir unable to walk dir `c:\Dev\focus-bonus-app\dataconnect`: on path "c:\\Dev\\focus-bonus-app\\dataconnect" (DirEntry: <nil>): CreateFile c:\Dev\focus-bonus-app\dataconnect: The system cannot find the file specified.
 {"metadata":{"emulator":{"name":"dataconnect"},"message":"E0717 17:48:15.410596   10384 load.go:23] Could not load config from \"c:\\\\Dev\\\\focus-bonus-app\\\\dataconnect\": could not find dataconnect.yaml in `c:\\Dev\\focus-bonus-app\\dataconnect`\nE0717 17:48:15.410596   10384 watch.go:76] watchAllDir unable to walk dir `c:\\Dev\\focus-bonus-app\\dataconnect`: on path \"c:\\\\Dev\\\\focus-bonus-app\\\\dataconnect\" (DirEntry: <nil>): CreateFile c:\\Dev\\focus-bonus-app\\dataconnect: The system cannot find the file specified.\n"}}
[debug] [2025-07-17T20:48:25.410Z] E0717 17:48:25.410084   10384 load.go:23] Could not load config from "c:\\Dev\\focus-bonus-app\\dataconnect": could not find dataconnect.yaml in `c:\Dev\focus-bonus-app\dataconnect`
 {"metadata":{"emulator":{"name":"dataconnect"},"message":"E0717 17:48:25.410084   10384 load.go:23] Could not load config from \"c:\\\\Dev\\\\focus-bonus-app\\\\dataconnect\": could not find dataconnect.yaml in `c:\\Dev\\focus-bonus-app\\dataconnect`\n"}}
[debug] [2025-07-17T20:48:35.410Z] E0717 17:48:35.410020   10384 load.go:23] Could not load config from "c:\\Dev\\focus-bonus-app\\dataconnect": could not find dataconnect.yaml in `c:\Dev\focus-bonus-app\dataconnect`
 {"metadata":{"emulator":{"name":"dataconnect"},"message":"E0717 17:48:35.410020   10384 load.go:23] Could not load config from \"c:\\\\Dev\\\\focus-bonus-app\\\\dataconnect\": could not find dataconnect.yaml in `c:\\Dev\\focus-bonus-app\\dataconnect`\n"}}
[debug] [2025-07-17T20:48:45.410Z] E0717 17:48:45.409914   10384 load.go:23] Could not load config from "c:\\Dev\\focus-bonus-app\\dataconnect": could not find dataconnect.yaml in `c:\Dev\focus-bonus-app\dataconnect`
 {"metadata":{"emulator":{"name":"dataconnect"},"message":"E0717 17:48:45.409914   10384 load.go:23] Could not load config from \"c:\\\\Dev\\\\focus-bonus-app\\\\dataconnect\": could not find dataconnect.yaml in `c:\\Dev\\focus-bonus-app\\dataconnect`\n"}}
[debug] [2025-07-17T20:48:55.410Z] E0717 17:48:55.410100   10384 load.go:23] Could not load config from "c:\\Dev\\focus-bonus-app\\dataconnect": could not find dataconnect.yaml in `c:\Dev\focus-bonus-app\dataconnect`
 {"metadata":{"emulator":{"name":"dataconnect"},"message":"E0717 17:48:55.410100   10384 load.go:23] Could not load config from \"c:\\\\Dev\\\\focus-bonus-app\\\\dataconnect\": could not find dataconnect.yaml in `c:\\Dev\\focus-bonus-app\\dataconnect`\n"}}
[debug] [2025-07-17T20:49:05.433Z] E0717 17:49:05.433968   10384 load.go:23] Could not load config from "c:\\Dev\\focus-bonus-app\\dataconnect": could not find dataconnect.yaml in `c:\Dev\focus-bonus-app\dataconnect`
 {"metadata":{"emulator":{"name":"dataconnect"},"message":"E0717 17:49:05.433968   10384 load.go:23] Could not load config from \"c:\\\\Dev\\\\focus-bonus-app\\\\dataconnect\": could not find dataconnect.yaml in `c:\\Dev\\focus-bonus-app\\dataconnect`\n"}}
[debug] [2025-07-17T20:49:15.410Z] E0717 17:49:15.410330   10384 load.go:23] Could not load config from "c:\\Dev\\focus-bonus-app\\dataconnect": could not find dataconnect.yaml in `c:\Dev\focus-bonus-app\dataconnect`
 {"metadata":{"emulator":{"name":"dataconnect"},"message":"E0717 17:49:15.410330   10384 load.go:23] Could not load config from \"c:\\\\Dev\\\\focus-bonus-app\\\\dataconnect\": could not find dataconnect.yaml in `c:\\Dev\\focus-bonus-app\\dataconnect`\n"}}
[debug] [2025-07-17T20:49:25.410Z] E0717 17:49:25.410237   10384 load.go:23] Could not load config from "c:\\Dev\\focus-bonus-app\\dataconnect": could not find dataconnect.yaml in `c:\Dev\focus-bonus-app\dataconnect`
 {"metadata":{"emulator":{"name":"dataconnect"},"message":"E0717 17:49:25.410237   10384 load.go:23] Could not load config from \"c:\\\\Dev\\\\focus-bonus-app\\\\dataconnect\": could not find dataconnect.yaml in `c:\\Dev\\focus-bonus-app\\dataconnect`\n"}}
[debug] [2025-07-17T20:49:35.410Z] E0717 17:49:35.410218   10384 load.go:23] Could not load config from "c:\\Dev\\focus-bonus-app\\dataconnect": could not find dataconnect.yaml in `c:\Dev\focus-bonus-app\dataconnect`
 {"metadata":{"emulator":{"name":"dataconnect"},"message":"E0717 17:49:35.410218   10384 load.go:23] Could not load config from \"c:\\\\Dev\\\\focus-bonus-app\\\\dataconnect\": could not find dataconnect.yaml in `c:\\Dev\\focus-bonus-app\\dataconnect`\n"}}
[debug] [2025-07-17T20:49:45.410Z] E0717 17:49:45.410227   10384 load.go:23] Could not load config from "c:\\Dev\\focus-bonus-app\\dataconnect": could not find dataconnect.yaml in `c:\Dev\focus-bonus-app\dataconnect`
 {"metadata":{"emulator":{"name":"dataconnect"},"message":"E0717 17:49:45.410227   10384 load.go:23] Could not load config from \"c:\\\\Dev\\\\focus-bonus-app\\\\dataconnect\": could not find dataconnect.yaml in `c:\\Dev\\focus-bonus-app\\dataconnect`\n"}}
[debug] [2025-07-17T20:49:55.410Z] E0717 17:49:55.410003   10384 load.go:23] Could not load config from "c:\\Dev\\focus-bonus-app\\dataconnect": could not find dataconnect.yaml in `c:\Dev\focus-bonus-app\dataconnect`
 {"metadata":{"emulator":{"name":"dataconnect"},"message":"E0717 17:49:55.410003   10384 load.go:23] Could not load config from \"c:\\\\Dev\\\\focus-bonus-app\\\\dataconnect\": could not find dataconnect.yaml in `c:\\Dev\\focus-bonus-app\\dataconnect`\n"}}
[debug] [2025-07-17T20:50:05.410Z] E0717 17:50:05.410277   10384 load.go:23] Could not load config from "c:\\Dev\\focus-bonus-app\\dataconnect": could not find dataconnect.yaml in `c:\Dev\focus-bonus-app\dataconnect`
 {"metadata":{"emulator":{"name":"dataconnect"},"message":"E0717 17:50:05.410277   10384 load.go:23] Could not load config from \"c:\\\\Dev\\\\focus-bonus-app\\\\dataconnect\": could not find dataconnect.yaml in `c:\\Dev\\focus-bonus-app\\dataconnect`\n"}}
[debug] [2025-07-17T20:50:15.412Z] E0717 17:50:15.412049   10384 load.go:23] Could not load config from "c:\\Dev\\focus-bonus-app\\dataconnect": could not find dataconnect.yaml in `c:\Dev\focus-bonus-app\dataconnect`
 {"metadata":{"emulator":{"name":"dataconnect"},"message":"E0717 17:50:15.412049   10384 load.go:23] Could not load config from \"c:\\\\Dev\\\\focus-bonus-app\\\\dataconnect\": could not find dataconnect.yaml in `c:\\Dev\\focus-bonus-app\\dataconnect`\n"}}
[debug] [2025-07-17T20:50:15.413Z] E0717 17:50:15.412556   10384 watch.go:76] watchAllDir unable to walk dir `c:\Dev\focus-bonus-app\dataconnect`: on path "c:\\Dev\\focus-bonus-app\\dataconnect" (DirEntry: <nil>): CreateFile c:\Dev\focus-bonus-app\dataconnect: The system cannot find the file specified.
 {"metadata":{"emulator":{"name":"dataconnect"},"message":"E0717 17:50:15.412556   10384 watch.go:76] watchAllDir unable to walk dir `c:\\Dev\\focus-bonus-app\\dataconnect`: on path \"c:\\\\Dev\\\\focus-bonus-app\\\\dataconnect\" (DirEntry: <nil>): CreateFile c:\\Dev\\focus-bonus-app\\dataconnect: The system cannot find the file specified.\n"}}
[debug] [2025-07-17T20:50:25.412Z] E0717 17:50:25.412078   10384 load.go:23] Could not load config from "c:\\Dev\\focus-bonus-app\\dataconnect": could not find dataconnect.yaml in `c:\Dev\focus-bonus-app\dataconnect`
 {"metadata":{"emulator":{"name":"dataconnect"},"message":"E0717 17:50:25.412078   10384 load.go:23] Could not load config from \"c:\\\\Dev\\\\focus-bonus-app\\\\dataconnect\": could not find dataconnect.yaml in `c:\\Dev\\focus-bonus-app\\dataconnect`\n"}}
[debug] [2025-07-18T06:10:25.732Z] E0717 18:16:04.347556   10384 load.go:23] Could not load config from "c:\\Dev\\focus-bonus-app\\dataconnect": could not find dataconnect.yaml in `c:\Dev\focus-bonus-app\dataconnect`
E0717 18:16:04.362033   10384 watch.go:76] watchAllDir unable to walk dir `c:\Dev\focus-bonus-app\dataconnect`: on path "c:\\Dev\\focus-bonus-app\\dataconnect" (DirEntry: <nil>): CreateFile c:\Dev\focus-bonus-app\dataconnect: The system cannot find the file specified.
E0718 03:10:25.327048   10384 load.go:23] Could not load config from "c:\\Dev\\focus-bonus-app\\dataconnect": could not find dataconnect.yaml in `c:\Dev\focus-bonus-app\dataconnect`
E0718 03:10:25.328045   10384 watch.go:76] watchAllDir unable to walk dir `c:\Dev\focus-bonus-app\dataconnect`: on path "c:\\Dev\\focus-bonus-app\\dataconnect" (DirEntry: <nil>): CreateFile c:\Dev\focus-bonus-app\dataconnect: The system cannot find the file specified.
E0718 03:10:25.428159   10384 load.go:23] Could not load config from "c:\\Dev\\focus-bonus-app\\dataconnect": could not find dataconnect.yaml in `c:\Dev\focus-bonus-app\dataconnect`
 {"metadata":{"emulator":{"name":"dataconnect"},"message":"E0717 18:16:04.347556   10384 load.go:23] Could not load config from \"c:\\\\Dev\\\\focus-bonus-app\\\\dataconnect\": could not find dataconnect.yaml in `c:\\Dev\\focus-bonus-app\\dataconnect`\nE0717 18:16:04.362033   10384 watch.go:76] watchAllDir unable to walk dir `c:\\Dev\\focus-bonus-app\\dataconnect`: on path \"c:\\\\Dev\\\\focus-bonus-app\\\\dataconnect\" (DirEntry: <nil>): CreateFile c:\\Dev\\focus-bonus-app\\dataconnect: The system cannot find the file specified.\nE0718 03:10:25.327048   10384 load.go:23] Could not load config from \"c:\\\\Dev\\\\focus-bonus-app\\\\dataconnect\": could not find dataconnect.yaml in `c:\\Dev\\focus-bonus-app\\dataconnect`\nE0718 03:10:25.328045   10384 watch.go:76] watchAllDir unable to walk dir `c:\\Dev\\focus-bonus-app\\dataconnect`: on path \"c:\\\\Dev\\\\focus-bonus-app\\\\dataconnect\" (DirEntry: <nil>): CreateFile c:\\Dev\\focus-bonus-app\\dataconnect: The system cannot find the file specified.\nE0718 03:10:25.428159   10384 load.go:23] Could not load config from \"c:\\\\Dev\\\\focus-bonus-app\\\\dataconnect\": could not find dataconnect.yaml in `c:\\Dev\\focus-bonus-app\\dataconnect`\n"}}
[debug] [2025-07-18T10:38:11.502Z] E0718 07:38:11.313592   10384 load.go:23] Could not load config from "c:\\Dev\\focus-bonus-app\\dataconnect": could not find dataconnect.yaml in `c:\Dev\focus-bonus-app\dataconnect`
E0718 07:38:11.313592   10384 watch.go:76] watchAllDir unable to walk dir `c:\Dev\focus-bonus-app\dataconnect`: on path "c:\\Dev\\focus-bonus-app\\dataconnect" (DirEntry: <nil>): CreateFile c:\Dev\focus-bonus-app\dataconnect: The system cannot find the file specified.
 {"metadata":{"emulator":{"name":"dataconnect"},"message":"E0718 07:38:11.313592   10384 load.go:23] Could not load config from \"c:\\\\Dev\\\\focus-bonus-app\\\\dataconnect\": could not find dataconnect.yaml in `c:\\Dev\\focus-bonus-app\\dataconnect`\nE0718 07:38:11.313592   10384 watch.go:76] watchAllDir unable to walk dir `c:\\Dev\\focus-bonus-app\\dataconnect`: on path \"c:\\\\Dev\\\\focus-bonus-app\\\\dataconnect\" (DirEntry: <nil>): CreateFile c:\\Dev\\focus-bonus-app\\dataconnect: The system cannot find the file specified.\n"}}
[debug] [2025-07-18T10:38:15.409Z] E0718 07:38:15.410466   10384 watch.go:76] watchAllDir unable to walk dir `c:\Dev\focus-bonus-app\dataconnect`: on path "c:\\Dev\\focus-bonus-app\\dataconnect" (DirEntry: <nil>): CreateFile c:\Dev\focus-bonus-app\dataconnect: The system cannot find the file specified.
E0718 07:38:15.410466   10384 load.go:23] Could not load config from "c:\\Dev\\focus-bonus-app\\dataconnect": could not find dataconnect.yaml in `c:\Dev\focus-bonus-app\dataconnect`
 {"metadata":{"emulator":{"name":"dataconnect"},"message":"E0718 07:38:15.410466   10384 watch.go:76] watchAllDir unable to walk dir `c:\\Dev\\focus-bonus-app\\dataconnect`: on path \"c:\\\\Dev\\\\focus-bonus-app\\\\dataconnect\" (DirEntry: <nil>): CreateFile c:\\Dev\\focus-bonus-app\\dataconnect: The system cannot find the file specified.\nE0718 07:38:15.410466   10384 load.go:23] Could not load config from \"c:\\\\Dev\\\\focus-bonus-app\\\\dataconnect\": could not find dataconnect.yaml in `c:\\Dev\\focus-bonus-app\\dataconnect`\n"}}
[debug] [2025-07-18T10:38:25.409Z] E0718 07:38:25.410001   10384 load.go:23] Could not load config from "c:\\Dev\\focus-bonus-app\\dataconnect": could not find dataconnect.yaml in `c:\Dev\focus-bonus-app\dataconnect`
 {"metadata":{"emulator":{"name":"dataconnect"},"message":"E0718 07:38:25.410001   10384 load.go:23] Could not load config from \"c:\\\\Dev\\\\focus-bonus-app\\\\dataconnect\": could not find dataconnect.yaml in `c:\\Dev\\focus-bonus-app\\dataconnect`\n"}}
[debug] [2025-07-18T10:38:35.409Z] E0718 07:38:35.410872   10384 load.go:23] Could not load config from "c:\\Dev\\focus-bonus-app\\dataconnect": could not find dataconnect.yaml in `c:\Dev\focus-bonus-app\dataconnect`
 {"metadata":{"emulator":{"name":"dataconnect"},"message":"E0718 07:38:35.410872   10384 load.go:23] Could not load config from \"c:\\\\Dev\\\\focus-bonus-app\\\\dataconnect\": could not find dataconnect.yaml in `c:\\Dev\\focus-bonus-app\\dataconnect`\n"}}
[debug] [2025-07-18T10:38:45.409Z] E0718 07:38:45.410476   10384 load.go:23] Could not load config from "c:\\Dev\\focus-bonus-app\\dataconnect": could not find dataconnect.yaml in `c:\Dev\focus-bonus-app\dataconnect`
 {"metadata":{"emulator":{"name":"dataconnect"},"message":"E0718 07:38:45.410476   10384 load.go:23] Could not load config from \"c:\\\\Dev\\\\focus-bonus-app\\\\dataconnect\": could not find dataconnect.yaml in `c:\\Dev\\focus-bonus-app\\dataconnect`\n"}}
[debug] [2025-07-18T10:38:55.409Z] E0718 07:38:55.410212   10384 load.go:23] Could not load config from "c:\\Dev\\focus-bonus-app\\dataconnect": could not find dataconnect.yaml in `c:\Dev\focus-bonus-app\dataconnect`
 {"metadata":{"emulator":{"name":"dataconnect"},"message":"E0718 07:38:55.410212   10384 load.go:23] Could not load config from \"c:\\\\Dev\\\\focus-bonus-app\\\\dataconnect\": could not find dataconnect.yaml in `c:\\Dev\\focus-bonus-app\\dataconnect`\n"}}
[debug] [2025-07-18T10:39:05.409Z] E0718 07:39:05.410166   10384 load.go:23] Could not load config from "c:\\Dev\\focus-bonus-app\\dataconnect": could not find dataconnect.yaml in `c:\Dev\focus-bonus-app\dataconnect`
 {"metadata":{"emulator":{"name":"dataconnect"},"message":"E0718 07:39:05.410166   10384 load.go:23] Could not load config from \"c:\\\\Dev\\\\focus-bonus-app\\\\dataconnect\": could not find dataconnect.yaml in `c:\\Dev\\focus-bonus-app\\dataconnect`\n"}}
[debug] [2025-07-18T10:39:15.410Z] E0718 07:39:15.410181   10384 load.go:23] Could not load config from "c:\\Dev\\focus-bonus-app\\dataconnect": could not find dataconnect.yaml in `c:\Dev\focus-bonus-app\dataconnect`
 {"metadata":{"emulator":{"name":"dataconnect"},"message":"E0718 07:39:15.410181   10384 load.go:23] Could not load config from \"c:\\\\Dev\\\\focus-bonus-app\\\\dataconnect\": could not find dataconnect.yaml in `c:\\Dev\\focus-bonus-app\\dataconnect`\n"}}
[debug] [2025-07-18T10:39:25.418Z] E0718 07:39:25.410164   10384 load.go:23] Could not load config from "c:\\Dev\\focus-bonus-app\\dataconnect": could not find dataconnect.yaml in `c:\Dev\focus-bonus-app\dataconnect`
 {"metadata":{"emulator":{"name":"dataconnect"},"message":"E0718 07:39:25.410164   10384 load.go:23] Could not load config from \"c:\\\\Dev\\\\focus-bonus-app\\\\dataconnect\": could not find dataconnect.yaml in `c:\\Dev\\focus-bonus-app\\dataconnect`\n"}}
[debug] [2025-07-18T10:39:35.409Z] E0718 07:39:35.409955   10384 load.go:23] Could not load config from "c:\\Dev\\focus-bonus-app\\dataconnect": could not find dataconnect.yaml in `c:\Dev\focus-bonus-app\dataconnect`
 {"metadata":{"emulator":{"name":"dataconnect"},"message":"E0718 07:39:35.409955   10384 load.go:23] Could not load config from \"c:\\\\Dev\\\\focus-bonus-app\\\\dataconnect\": could not find dataconnect.yaml in `c:\\Dev\\focus-bonus-app\\dataconnect`\n"}}
[debug] [2025-07-18T10:39:45.410Z] E0718 07:39:45.410315   10384 load.go:23] Could not load config from "c:\\Dev\\focus-bonus-app\\dataconnect": could not find dataconnect.yaml in `c:\Dev\focus-bonus-app\dataconnect`
 {"metadata":{"emulator":{"name":"dataconnect"},"message":"E0718 07:39:45.410315   10384 load.go:23] Could not load config from \"c:\\\\Dev\\\\focus-bonus-app\\\\dataconnect\": could not find dataconnect.yaml in `c:\\Dev\\focus-bonus-app\\dataconnect`\n"}}
[debug] [2025-07-18T10:39:55.409Z] E0718 07:39:55.410008   10384 load.go:23] Could not load config from "c:\\Dev\\focus-bonus-app\\dataconnect": could not find dataconnect.yaml in `c:\Dev\focus-bonus-app\dataconnect`
 {"metadata":{"emulator":{"name":"dataconnect"},"message":"E0718 07:39:55.410008   10384 load.go:23] Could not load config from \"c:\\\\Dev\\\\focus-bonus-app\\\\dataconnect\": could not find dataconnect.yaml in `c:\\Dev\\focus-bonus-app\\dataconnect`\n"}}
[debug] [2025-07-18T10:40:05.411Z] E0718 07:40:05.412134   10384 load.go:23] Could not load config from "c:\\Dev\\focus-bonus-app\\dataconnect": could not find dataconnect.yaml in `c:\Dev\focus-bonus-app\dataconnect`
 {"metadata":{"emulator":{"name":"dataconnect"},"message":"E0718 07:40:05.412134   10384 load.go:23] Could not load config from \"c:\\\\Dev\\\\focus-bonus-app\\\\dataconnect\": could not find dataconnect.yaml in `c:\\Dev\\focus-bonus-app\\dataconnect`\n"}}
[debug] [2025-07-18T10:40:15.411Z] E0718 07:40:15.410590   10384 load.go:23] Could not load config from "c:\\Dev\\focus-bonus-app\\dataconnect": could not find dataconnect.yaml in `c:\Dev\focus-bonus-app\dataconnect`
E0718 07:40:15.410590   10384 watch.go:76] watchAllDir unable to walk dir `c:\Dev\focus-bonus-app\dataconnect`: on path "c:\\Dev\\focus-bonus-app\\dataconnect" (DirEntry: <nil>): CreateFile c:\Dev\focus-bonus-app\dataconnect: The system cannot find the file specified.
 {"metadata":{"emulator":{"name":"dataconnect"},"message":"E0718 07:40:15.410590   10384 load.go:23] Could not load config from \"c:\\\\Dev\\\\focus-bonus-app\\\\dataconnect\": could not find dataconnect.yaml in `c:\\Dev\\focus-bonus-app\\dataconnect`\nE0718 07:40:15.410590   10384 watch.go:76] watchAllDir unable to walk dir `c:\\Dev\\focus-bonus-app\\dataconnect`: on path \"c:\\\\Dev\\\\focus-bonus-app\\\\dataconnect\" (DirEntry: <nil>): CreateFile c:\\Dev\\focus-bonus-app\\dataconnect: The system cannot find the file specified.\n"}}
[debug] [2025-07-18T10:40:25.410Z] E0718 07:40:25.410397   10384 load.go:23] Could not load config from "c:\\Dev\\focus-bonus-app\\dataconnect": could not find dataconnect.yaml in `c:\Dev\focus-bonus-app\dataconnect`
 {"metadata":{"emulator":{"name":"dataconnect"},"message":"E0718 07:40:25.410397   10384 load.go:23] Could not load config from \"c:\\\\Dev\\\\focus-bonus-app\\\\dataconnect\": could not find dataconnect.yaml in `c:\\Dev\\focus-bonus-app\\dataconnect`\n"}}
[debug] [2025-07-18T10:40:35.411Z] E0718 07:40:35.410352   10384 load.go:23] Could not load config from "c:\\Dev\\focus-bonus-app\\dataconnect": could not find dataconnect.yaml in `c:\Dev\focus-bonus-app\dataconnect`
 {"metadata":{"emulator":{"name":"dataconnect"},"message":"E0718 07:40:35.410352   10384 load.go:23] Could not load config from \"c:\\\\Dev\\\\focus-bonus-app\\\\dataconnect\": could not find dataconnect.yaml in `c:\\Dev\\focus-bonus-app\\dataconnect`\n"}}
[debug] [2025-07-18T10:40:45.410Z] E0718 07:40:45.410278   10384 load.go:23] Could not load config from "c:\\Dev\\focus-bonus-app\\dataconnect": could not find dataconnect.yaml in `c:\Dev\focus-bonus-app\dataconnect`
 {"metadata":{"emulator":{"name":"dataconnect"},"message":"E0718 07:40:45.410278   10384 load.go:23] Could not load config from \"c:\\\\Dev\\\\focus-bonus-app\\\\dataconnect\": could not find dataconnect.yaml in `c:\\Dev\\focus-bonus-app\\dataconnect`\n"}}
[debug] [2025-07-18T10:40:55.410Z] E0718 07:40:55.410261   10384 load.go:23] Could not load config from "c:\\Dev\\focus-bonus-app\\dataconnect": could not find dataconnect.yaml in `c:\Dev\focus-bonus-app\dataconnect`
 {"metadata":{"emulator":{"name":"dataconnect"},"message":"E0718 07:40:55.410261   10384 load.go:23] Could not load config from \"c:\\\\Dev\\\\focus-bonus-app\\\\dataconnect\": could not find dataconnect.yaml in `c:\\Dev\\focus-bonus-app\\dataconnect`\n"}}
[debug] [2025-07-18T10:41:05.411Z] E0718 07:41:05.410811   10384 load.go:23] Could not load config from "c:\\Dev\\focus-bonus-app\\dataconnect": could not find dataconnect.yaml in `c:\Dev\focus-bonus-app\dataconnect`
 {"metadata":{"emulator":{"name":"dataconnect"},"message":"E0718 07:41:05.410811   10384 load.go:23] Could not load config from \"c:\\\\Dev\\\\focus-bonus-app\\\\dataconnect\": could not find dataconnect.yaml in `c:\\Dev\\focus-bonus-app\\dataconnect`\n"}}
[debug] [2025-07-18T10:41:15.410Z] E0718 07:41:15.410305   10384 load.go:23] Could not load config from "c:\\Dev\\focus-bonus-app\\dataconnect": could not find dataconnect.yaml in `c:\Dev\focus-bonus-app\dataconnect`
 {"metadata":{"emulator":{"name":"dataconnect"},"message":"E0718 07:41:15.410305   10384 load.go:23] Could not load config from \"c:\\\\Dev\\\\focus-bonus-app\\\\dataconnect\": could not find dataconnect.yaml in `c:\\Dev\\focus-bonus-app\\dataconnect`\n"}}
[debug] [2025-07-18T10:41:25.410Z] E0718 07:41:25.409983   10384 load.go:23] Could not load config from "c:\\Dev\\focus-bonus-app\\dataconnect": could not find dataconnect.yaml in `c:\Dev\focus-bonus-app\dataconnect`
 {"metadata":{"emulator":{"name":"dataconnect"},"message":"E0718 07:41:25.409983   10384 load.go:23] Could not load config from \"c:\\\\Dev\\\\focus-bonus-app\\\\dataconnect\": could not find dataconnect.yaml in `c:\\Dev\\focus-bonus-app\\dataconnect`\n"}}
[debug] [2025-07-18T10:41:35.409Z] E0718 07:41:35.409828   10384 load.go:23] Could not load config from "c:\\Dev\\focus-bonus-app\\dataconnect": could not find dataconnect.yaml in `c:\Dev\focus-bonus-app\dataconnect`
 {"metadata":{"emulator":{"name":"dataconnect"},"message":"E0718 07:41:35.409828   10384 load.go:23] Could not load config from \"c:\\\\Dev\\\\focus-bonus-app\\\\dataconnect\": could not find dataconnect.yaml in `c:\\Dev\\focus-bonus-app\\dataconnect`\n"}}
[debug] [2025-07-18T10:41:45.410Z] E0718 07:41:45.410399   10384 load.go:23] Could not load config from "c:\\Dev\\focus-bonus-app\\dataconnect": could not find dataconnect.yaml in `c:\Dev\focus-bonus-app\dataconnect`
 {"metadata":{"emulator":{"name":"dataconnect"},"message":"E0718 07:41:45.410399   10384 load.go:23] Could not load config from \"c:\\\\Dev\\\\focus-bonus-app\\\\dataconnect\": could not find dataconnect.yaml in `c:\\Dev\\focus-bonus-app\\dataconnect`\n"}}
[debug] [2025-07-18T10:41:55.409Z] E0718 07:41:55.410399   10384 load.go:23] Could not load config from "c:\\Dev\\focus-bonus-app\\dataconnect": could not find dataconnect.yaml in `c:\Dev\focus-bonus-app\dataconnect`
 {"metadata":{"emulator":{"name":"dataconnect"},"message":"E0718 07:41:55.410399   10384 load.go:23] Could not load config from \"c:\\\\Dev\\\\focus-bonus-app\\\\dataconnect\": could not find dataconnect.yaml in `c:\\Dev\\focus-bonus-app\\dataconnect`\n"}}
[debug] [2025-07-18T10:42:05.409Z] E0718 07:42:05.410088   10384 load.go:23] Could not load config from "c:\\Dev\\focus-bonus-app\\dataconnect": could not find dataconnect.yaml in `c:\Dev\focus-bonus-app\dataconnect`
 {"metadata":{"emulator":{"name":"dataconnect"},"message":"E0718 07:42:05.410088   10384 load.go:23] Could not load config from \"c:\\\\Dev\\\\focus-bonus-app\\\\dataconnect\": could not find dataconnect.yaml in `c:\\Dev\\focus-bonus-app\\dataconnect`\n"}}
[debug] [2025-07-18T10:42:15.411Z] E0718 07:42:15.412390   10384 load.go:23] Could not load config from "c:\\Dev\\focus-bonus-app\\dataconnect": could not find dataconnect.yaml in `c:\Dev\focus-bonus-app\dataconnect`
E0718 07:42:15.412390   10384 watch.go:76] watchAllDir unable to walk dir `c:\Dev\focus-bonus-app\dataconnect`: on path "c:\\Dev\\focus-bonus-app\\dataconnect" (DirEntry: <nil>): CreateFile c:\Dev\focus-bonus-app\dataconnect: The system cannot find the file specified.
 {"metadata":{"emulator":{"name":"dataconnect"},"message":"E0718 07:42:15.412390   10384 load.go:23] Could not load config from \"c:\\\\Dev\\\\focus-bonus-app\\\\dataconnect\": could not find dataconnect.yaml in `c:\\Dev\\focus-bonus-app\\dataconnect`\nE0718 07:42:15.412390   10384 watch.go:76] watchAllDir unable to walk dir `c:\\Dev\\focus-bonus-app\\dataconnect`: on path \"c:\\\\Dev\\\\focus-bonus-app\\\\dataconnect\" (DirEntry: <nil>): CreateFile c:\\Dev\\focus-bonus-app\\dataconnect: The system cannot find the file specified.\n"}}
[debug] [2025-07-18T10:42:25.410Z] E0718 07:42:25.410115   10384 load.go:23] Could not load config from "c:\\Dev\\focus-bonus-app\\dataconnect": could not find dataconnect.yaml in `c:\Dev\focus-bonus-app\dataconnect`
 {"metadata":{"emulator":{"name":"dataconnect"},"message":"E0718 07:42:25.410115   10384 load.go:23] Could not load config from \"c:\\\\Dev\\\\focus-bonus-app\\\\dataconnect\": could not find dataconnect.yaml in `c:\\Dev\\focus-bonus-app\\dataconnect`\n"}}
[debug] [2025-07-18T10:42:35.410Z] E0718 07:42:35.410214   10384 load.go:23] Could not load config from "c:\\Dev\\focus-bonus-app\\dataconnect": could not find dataconnect.yaml in `c:\Dev\focus-bonus-app\dataconnect`
 {"metadata":{"emulator":{"name":"dataconnect"},"message":"E0718 07:42:35.410214   10384 load.go:23] Could not load config from \"c:\\\\Dev\\\\focus-bonus-app\\\\dataconnect\": could not find dataconnect.yaml in `c:\\Dev\\focus-bonus-app\\dataconnect`\n"}}
[debug] [2025-07-18T10:42:45.410Z] E0718 07:42:45.411162   10384 load.go:23] Could not load config from "c:\\Dev\\focus-bonus-app\\dataconnect": could not find dataconnect.yaml in `c:\Dev\focus-bonus-app\dataconnect`
 {"metadata":{"emulator":{"name":"dataconnect"},"message":"E0718 07:42:45.411162   10384 load.go:23] Could not load config from \"c:\\\\Dev\\\\focus-bonus-app\\\\dataconnect\": could not find dataconnect.yaml in `c:\\Dev\\focus-bonus-app\\dataconnect`\n"}}
[debug] [2025-07-18T10:42:55.410Z] E0718 07:42:55.410053   10384 load.go:23] Could not load config from "c:\\Dev\\focus-bonus-app\\dataconnect": could not find dataconnect.yaml in `c:\Dev\focus-bonus-app\dataconnect`
 {"metadata":{"emulator":{"name":"dataconnect"},"message":"E0718 07:42:55.410053   10384 load.go:23] Could not load config from \"c:\\\\Dev\\\\focus-bonus-app\\\\dataconnect\": could not find dataconnect.yaml in `c:\\Dev\\focus-bonus-app\\dataconnect`\n"}}
[debug] [2025-07-18T10:43:05.410Z] E0718 07:43:05.410496   10384 load.go:23] Could not load config from "c:\\Dev\\focus-bonus-app\\dataconnect": could not find dataconnect.yaml in `c:\Dev\focus-bonus-app\dataconnect`
 {"metadata":{"emulator":{"name":"dataconnect"},"message":"E0718 07:43:05.410496   10384 load.go:23] Could not load config from \"c:\\\\Dev\\\\focus-bonus-app\\\\dataconnect\": could not find dataconnect.yaml in `c:\\Dev\\focus-bonus-app\\dataconnect`\n"}}
[debug] [2025-07-18T10:43:15.410Z] E0718 07:43:15.410802   10384 load.go:23] Could not load config from "c:\\Dev\\focus-bonus-app\\dataconnect": could not find dataconnect.yaml in `c:\Dev\focus-bonus-app\dataconnect`
 {"metadata":{"emulator":{"name":"dataconnect"},"message":"E0718 07:43:15.410802   10384 load.go:23] Could not load config from \"c:\\\\Dev\\\\focus-bonus-app\\\\dataconnect\": could not find dataconnect.yaml in `c:\\Dev\\focus-bonus-app\\dataconnect`\n"}}
[debug] [2025-07-18T10:43:25.411Z] E0718 07:43:25.410327   10384 load.go:23] Could not load config from "c:\\Dev\\focus-bonus-app\\dataconnect": could not find dataconnect.yaml in `c:\Dev\focus-bonus-app\dataconnect`
 {"metadata":{"emulator":{"name":"dataconnect"},"message":"E0718 07:43:25.410327   10384 load.go:23] Could not load config from \"c:\\\\Dev\\\\focus-bonus-app\\\\dataconnect\": could not find dataconnect.yaml in `c:\\Dev\\focus-bonus-app\\dataconnect`\n"}}
[debug] [2025-07-18T10:43:35.411Z] E0718 07:43:35.411035   10384 load.go:23] Could not load config from "c:\\Dev\\focus-bonus-app\\dataconnect": could not find dataconnect.yaml in `c:\Dev\focus-bonus-app\dataconnect`
 {"metadata":{"emulator":{"name":"dataconnect"},"message":"E0718 07:43:35.411035   10384 load.go:23] Could not load config from \"c:\\\\Dev\\\\focus-bonus-app\\\\dataconnect\": could not find dataconnect.yaml in `c:\\Dev\\focus-bonus-app\\dataconnect`\n"}}
[debug] [2025-07-18T10:43:45.411Z] E0718 07:43:45.410354   10384 load.go:23] Could not load config from "c:\\Dev\\focus-bonus-app\\dataconnect": could not find dataconnect.yaml in `c:\Dev\focus-bonus-app\dataconnect`
 {"metadata":{"emulator":{"name":"dataconnect"},"message":"E0718 07:43:45.410354   10384 load.go:23] Could not load config from \"c:\\\\Dev\\\\focus-bonus-app\\\\dataconnect\": could not find dataconnect.yaml in `c:\\Dev\\focus-bonus-app\\dataconnect`\n"}}
[debug] [2025-07-18T10:43:55.411Z] E0718 07:43:55.410109   10384 load.go:23] Could not load config from "c:\\Dev\\focus-bonus-app\\dataconnect": could not find dataconnect.yaml in `c:\Dev\focus-bonus-app\dataconnect`
 {"metadata":{"emulator":{"name":"dataconnect"},"message":"E0718 07:43:55.410109   10384 load.go:23] Could not load config from \"c:\\\\Dev\\\\focus-bonus-app\\\\dataconnect\": could not find dataconnect.yaml in `c:\\Dev\\focus-bonus-app\\dataconnect`\n"}}
[debug] [2025-07-18T10:44:05.411Z] E0718 07:44:05.409926   10384 load.go:23] Could not load config from "c:\\Dev\\focus-bonus-app\\dataconnect": could not find dataconnect.yaml in `c:\Dev\focus-bonus-app\dataconnect`
 {"metadata":{"emulator":{"name":"dataconnect"},"message":"E0718 07:44:05.409926   10384 load.go:23] Could not load config from \"c:\\\\Dev\\\\focus-bonus-app\\\\dataconnect\": could not find dataconnect.yaml in `c:\\Dev\\focus-bonus-app\\dataconnect`\n"}}
[debug] [2025-07-18T10:44:15.412Z] E0718 07:44:15.410241   10384 load.go:23] Could not load config from "c:\\Dev\\focus-bonus-app\\dataconnect": could not find dataconnect.yaml in `c:\Dev\focus-bonus-app\dataconnect`
E0718 07:44:15.410241   10384 watch.go:76] watchAllDir unable to walk dir `c:\Dev\focus-bonus-app\dataconnect`: on path "c:\\Dev\\focus-bonus-app\\dataconnect" (DirEntry: <nil>): CreateFile c:\Dev\focus-bonus-app\dataconnect: The system cannot find the file specified.
 {"metadata":{"emulator":{"name":"dataconnect"},"message":"E0718 07:44:15.410241   10384 load.go:23] Could not load config from \"c:\\\\Dev\\\\focus-bonus-app\\\\dataconnect\": could not find dataconnect.yaml in `c:\\Dev\\focus-bonus-app\\dataconnect`\nE0718 07:44:15.410241   10384 watch.go:76] watchAllDir unable to walk dir `c:\\Dev\\focus-bonus-app\\dataconnect`: on path \"c:\\\\Dev\\\\focus-bonus-app\\\\dataconnect\" (DirEntry: <nil>): CreateFile c:\\Dev\\focus-bonus-app\\dataconnect: The system cannot find the file specified.\n"}}
[debug] [2025-07-18T10:44:25.417Z] E0718 07:44:25.417113   10384 load.go:23] Could not load config from "c:\\Dev\\focus-bonus-app\\dataconnect": could not find dataconnect.yaml in `c:\Dev\focus-bonus-app\dataconnect`
 {"metadata":{"emulator":{"name":"dataconnect"},"message":"E0718 07:44:25.417113   10384 load.go:23] Could not load config from \"c:\\\\Dev\\\\focus-bonus-app\\\\dataconnect\": could not find dataconnect.yaml in `c:\\Dev\\focus-bonus-app\\dataconnect`\n"}}
[debug] [2025-07-18T10:44:35.409Z] E0718 07:44:35.410075   10384 load.go:23] Could not load config from "c:\\Dev\\focus-bonus-app\\dataconnect": could not find dataconnect.yaml in `c:\Dev\focus-bonus-app\dataconnect`
 {"metadata":{"emulator":{"name":"dataconnect"},"message":"E0718 07:44:35.410075   10384 load.go:23] Could not load config from \"c:\\\\Dev\\\\focus-bonus-app\\\\dataconnect\": could not find dataconnect.yaml in `c:\\Dev\\focus-bonus-app\\dataconnect`\n"}}
[debug] [2025-07-18T10:44:45.409Z] E0718 07:44:45.410363   10384 load.go:23] Could not load config from "c:\\Dev\\focus-bonus-app\\dataconnect": could not find dataconnect.yaml in `c:\Dev\focus-bonus-app\dataconnect`
 {"metadata":{"emulator":{"name":"dataconnect"},"message":"E0718 07:44:45.410363   10384 load.go:23] Could not load config from \"c:\\\\Dev\\\\focus-bonus-app\\\\dataconnect\": could not find dataconnect.yaml in `c:\\Dev\\focus-bonus-app\\dataconnect`\n"}}
[debug] [2025-07-18T10:44:55.410Z] E0718 07:44:55.410659   10384 load.go:23] Could not load config from "c:\\Dev\\focus-bonus-app\\dataconnect": could not find dataconnect.yaml in `c:\Dev\focus-bonus-app\dataconnect`
 {"metadata":{"emulator":{"name":"dataconnect"},"message":"E0718 07:44:55.410659   10384 load.go:23] Could not load config from \"c:\\\\Dev\\\\focus-bonus-app\\\\dataconnect\": could not find dataconnect.yaml in `c:\\Dev\\focus-bonus-app\\dataconnect`\n"}}
[debug] [2025-07-18T10:45:05.409Z] E0718 07:45:05.410279   10384 load.go:23] Could not load config from "c:\\Dev\\focus-bonus-app\\dataconnect": could not find dataconnect.yaml in `c:\Dev\focus-bonus-app\dataconnect`
 {"metadata":{"emulator":{"name":"dataconnect"},"message":"E0718 07:45:05.410279   10384 load.go:23] Could not load config from \"c:\\\\Dev\\\\focus-bonus-app\\\\dataconnect\": could not find dataconnect.yaml in `c:\\Dev\\focus-bonus-app\\dataconnect`\n"}}
[debug] [2025-07-18T10:45:15.409Z] E0718 07:45:15.410025   10384 load.go:23] Could not load config from "c:\\Dev\\focus-bonus-app\\dataconnect": could not find dataconnect.yaml in `c:\Dev\focus-bonus-app\dataconnect`
 {"metadata":{"emulator":{"name":"dataconnect"},"message":"E0718 07:45:15.410025   10384 load.go:23] Could not load config from \"c:\\\\Dev\\\\focus-bonus-app\\\\dataconnect\": could not find dataconnect.yaml in `c:\\Dev\\focus-bonus-app\\dataconnect`\n"}}
[debug] [2025-07-18T10:45:25.409Z] E0718 07:45:25.410282   10384 load.go:23] Could not load config from "c:\\Dev\\focus-bonus-app\\dataconnect": could not find dataconnect.yaml in `c:\Dev\focus-bonus-app\dataconnect`
 {"metadata":{"emulator":{"name":"dataconnect"},"message":"E0718 07:45:25.410282   10384 load.go:23] Could not load config from \"c:\\\\Dev\\\\focus-bonus-app\\\\dataconnect\": could not find dataconnect.yaml in `c:\\Dev\\focus-bonus-app\\dataconnect`\n"}}
[debug] [2025-07-18T10:45:35.410Z] E0718 07:45:35.410255   10384 load.go:23] Could not load config from "c:\\Dev\\focus-bonus-app\\dataconnect": could not find dataconnect.yaml in `c:\Dev\focus-bonus-app\dataconnect`
 {"metadata":{"emulator":{"name":"dataconnect"},"message":"E0718 07:45:35.410255   10384 load.go:23] Could not load config from \"c:\\\\Dev\\\\focus-bonus-app\\\\dataconnect\": could not find dataconnect.yaml in `c:\\Dev\\focus-bonus-app\\dataconnect`\n"}}
[debug] [2025-07-18T10:45:45.410Z] E0718 07:45:45.410093   10384 load.go:23] Could not load config from "c:\\Dev\\focus-bonus-app\\dataconnect": could not find dataconnect.yaml in `c:\Dev\focus-bonus-app\dataconnect`
 {"metadata":{"emulator":{"name":"dataconnect"},"message":"E0718 07:45:45.410093   10384 load.go:23] Could not load config from \"c:\\\\Dev\\\\focus-bonus-app\\\\dataconnect\": could not find dataconnect.yaml in `c:\\Dev\\focus-bonus-app\\dataconnect`\n"}}
[debug] [2025-07-18T10:45:55.410Z] E0718 07:45:55.410150   10384 load.go:23] Could not load config from "c:\\Dev\\focus-bonus-app\\dataconnect": could not find dataconnect.yaml in `c:\Dev\focus-bonus-app\dataconnect`
 {"metadata":{"emulator":{"name":"dataconnect"},"message":"E0718 07:45:55.410150   10384 load.go:23] Could not load config from \"c:\\\\Dev\\\\focus-bonus-app\\\\dataconnect\": could not find dataconnect.yaml in `c:\\Dev\\focus-bonus-app\\dataconnect`\n"}}
[debug] [2025-07-18T11:48:24.082Z] [Firebase Plugin] Activating Firebase extension.
[debug] [2025-07-18T11:48:24.572Z] [Firebase Plugin] requireAuthWrapper
[debug] [2025-07-18T11:48:24.574Z] > command requires scopes: ["email","openid","https://www.googleapis.com/auth/cloudplatformprojects.readonly","https://www.googleapis.com/auth/firebase","https://www.googleapis.com/auth/cloud-platform"]
[debug] [2025-07-18T11:48:24.575Z] > authorizing via signed-in user (erickcgabriel123@gmail.com)
[debug] [2025-07-18T11:48:24.578Z] Checked if tokens are valid: false, expires at: 1752787935083
[debug] [2025-07-18T11:48:24.578Z] Checked if tokens are valid: false, expires at: 1752787935083
[debug] [2025-07-18T11:48:24.578Z] > refreshing access token with scopes: []
[debug] [2025-07-18T11:48:24.580Z] >>> [apiv2][query] POST https://www.googleapis.com/oauth2/v3/token [none]
[debug] [2025-07-18T11:48:24.580Z] >>> [apiv2][body] POST https://www.googleapis.com/oauth2/v3/token [omitted]
[debug] [2025-07-18T11:48:24.590Z] [Firebase Plugin] VSCode notification server listening on port 40001
[info] [Firebase Plugin] Starting Data Connect toolkit (version 2.8.0) on port 50001
[debug] [2025-07-18T11:48:25.430Z] 'fdc build' failed with error: Unable to build your Data Connect schema and connectors (exit code 1): E0718 08:48:25.416785   18128 cmd.go:43] Error loading data connect config: could not find dataconnect.yaml in `c:\Dev\focus-bonus-app\dataconnect`
 {"metadata":{"emulator":{"name":"dataconnect"},"message":"'fdc build' failed with error: Unable to build your Data Connect schema and connectors (exit code 1): E0718 08:48:25.416785   18128 cmd.go:43] Error loading data connect config: could not find dataconnect.yaml in `c:\\Dev\\focus-bonus-app\\dataconnect`\n"}}
[debug] [2025-07-18T11:48:25.431Z] Ignoring unsupported arg: auto_download {"metadata":{"emulator":{"name":"dataconnect"},"message":"Ignoring unsupported arg: auto_download"}}
[debug] [2025-07-18T11:48:25.431Z] Ignoring unsupported arg: port {"metadata":{"emulator":{"name":"dataconnect"},"message":"Ignoring unsupported arg: port"}}
[debug] [2025-07-18T11:48:25.431Z] Starting Data Connect Emulator with command {"binary":"C:\\Users\\Erick\\.cache\\firebase\\emulators\\dataconnect-emulator-2.8.0.exe","args":["--logtostderr","-v=2","dev","--listen=localhost:50001","--config_dir=c:\\Dev\\focus-bonus-app\\dataconnect","--enable_output_schema_extensions=true","--enable_output_generated_sdk=true"],"optionalArgs":["listen","config_dir","enable_output_schema_extensions","enable_output_generated_sdk"],"joinArgs":true,"shell":false,"port":9399} {"metadata":{"emulator":{"name":"dataconnect"},"message":"Starting Data Connect Emulator with command {\"binary\":\"C:\\\\Users\\\\Erick\\\\.cache\\\\firebase\\\\emulators\\\\dataconnect-emulator-2.8.0.exe\",\"args\":[\"--logtostderr\",\"-v=2\",\"dev\",\"--listen=localhost:50001\",\"--config_dir=c:\\\\Dev\\\\focus-bonus-app\\\\dataconnect\",\"--enable_output_schema_extensions=true\",\"--enable_output_generated_sdk=true\"],\"optionalArgs\":[\"listen\",\"config_dir\",\"enable_output_schema_extensions\",\"enable_output_generated_sdk\"],\"joinArgs\":true,\"shell\":false,\"port\":9399}"}}
[info] i  dataconnect: Data Connect Emulator logging to dataconnect-debug.log {"metadata":{"emulator":{"name":"dataconnect"},"message":"Data Connect Emulator logging to \u001b[1mdataconnect-debug.log\u001b[22m"}}
[debug] [2025-07-18T11:48:25.464Z] E0718 08:48:25.458812   17492 load.go:23] Could not load config from "c:\\Dev\\focus-bonus-app\\dataconnect": could not find dataconnect.yaml in `c:\Dev\focus-bonus-app\dataconnect`
 {"metadata":{"emulator":{"name":"dataconnect"},"message":"E0718 08:48:25.458812   17492 load.go:23] Could not load config from \"c:\\\\Dev\\\\focus-bonus-app\\\\dataconnect\": could not find dataconnect.yaml in `c:\\Dev\\focus-bonus-app\\dataconnect`\n"}}
[debug] [2025-07-18T11:48:25.464Z] E0718 08:48:25.464119   17492 watch.go:76] watchAllDir unable to walk dir `c:\Dev\focus-bonus-app\dataconnect`: on path "c:\\Dev\\focus-bonus-app\\dataconnect" (DirEntry: <nil>): CreateFile c:\Dev\focus-bonus-app\dataconnect: The system cannot find the file specified.
 {"metadata":{"emulator":{"name":"dataconnect"},"message":"E0718 08:48:25.464119   17492 watch.go:76] watchAllDir unable to walk dir `c:\\Dev\\focus-bonus-app\\dataconnect`: on path \"c:\\\\Dev\\\\focus-bonus-app\\\\dataconnect\" (DirEntry: <nil>): CreateFile c:\\Dev\\focus-bonus-app\\dataconnect: The system cannot find the file specified.\n"}}
[debug] [2025-07-18T11:48:25.472Z] I0718 08:48:25.471794   17492 dev.go:95] Listening on address (HTTP + gRPC): 127.0.0.1:50001
 {"metadata":{"emulator":{"name":"dataconnect"},"message":"I0718 08:48:25.471794   17492 dev.go:95] Listening on address (HTTP + gRPC): 127.0.0.1:50001\n"}}
[debug] [2025-07-18T11:48:25.598Z] <<< [apiv2][status] POST https://www.googleapis.com/oauth2/v3/token 200
[debug] [2025-07-18T11:48:25.598Z] <<< [apiv2][body] POST https://www.googleapis.com/oauth2/v3/token [omitted]
[debug] [2025-07-18T11:48:25.628Z] [Firebase Plugin] User found:  erickcgabriel123@gmail.com
[info] [Firebase Plugin] (Core:Project) New user detected, fetching projects
[debug] [2025-07-18T11:48:25.629Z] Checked if tokens are valid: true, expires at: 1752842904598
[debug] [2025-07-18T11:48:25.630Z] >>> [apiv2][query] GET https://firebase.googleapis.com/v1beta1/projects pageSize=1000
[error] [Firebase Plugin] error:  {}
[debug] [2025-07-18T11:48:26.459Z] <<< [apiv2][status] GET https://firebase.googleapis.com/v1beta1/projects 200
[debug] [2025-07-18T11:48:26.459Z] <<< [apiv2][body] GET https://firebase.googleapis.com/v1beta1/projects [omitted]
[debug] [2025-07-18T11:48:35.474Z] E0718 08:48:35.473525   17492 load.go:23] Could not load config from "c:\\Dev\\focus-bonus-app\\dataconnect": could not find dataconnect.yaml in `c:\Dev\focus-bonus-app\dataconnect`
 {"metadata":{"emulator":{"name":"dataconnect"},"message":"E0718 08:48:35.473525   17492 load.go:23] Could not load config from \"c:\\\\Dev\\\\focus-bonus-app\\\\dataconnect\": could not find dataconnect.yaml in `c:\\Dev\\focus-bonus-app\\dataconnect`\n"}}
[debug] [2025-07-18T11:48:45.465Z] E0718 08:48:45.464779   17492 load.go:23] Could not load config from "c:\\Dev\\focus-bonus-app\\dataconnect": could not find dataconnect.yaml in `c:\Dev\focus-bonus-app\dataconnect`
 {"metadata":{"emulator":{"name":"dataconnect"},"message":"E0718 08:48:45.464779   17492 load.go:23] Could not load config from \"c:\\\\Dev\\\\focus-bonus-app\\\\dataconnect\": could not find dataconnect.yaml in `c:\\Dev\\focus-bonus-app\\dataconnect`\n"}}
[debug] [2025-07-18T11:48:55.466Z] E0718 08:48:55.465583   17492 load.go:23] Could not load config from "c:\\Dev\\focus-bonus-app\\dataconnect": could not find dataconnect.yaml in `c:\Dev\focus-bonus-app\dataconnect`
 {"metadata":{"emulator":{"name":"dataconnect"},"message":"E0718 08:48:55.465583   17492 load.go:23] Could not load config from \"c:\\\\Dev\\\\focus-bonus-app\\\\dataconnect\": could not find dataconnect.yaml in `c:\\Dev\\focus-bonus-app\\dataconnect`\n"}}
[debug] [2025-07-18T11:49:05.466Z] E0718 08:49:05.465140   17492 load.go:23] Could not load config from "c:\\Dev\\focus-bonus-app\\dataconnect": could not find dataconnect.yaml in `c:\Dev\focus-bonus-app\dataconnect`
 {"metadata":{"emulator":{"name":"dataconnect"},"message":"E0718 08:49:05.465140   17492 load.go:23] Could not load config from \"c:\\\\Dev\\\\focus-bonus-app\\\\dataconnect\": could not find dataconnect.yaml in `c:\\Dev\\focus-bonus-app\\dataconnect`\n"}}
[debug] [2025-07-18T11:49:15.466Z] E0718 08:49:15.465123   17492 load.go:23] Could not load config from "c:\\Dev\\focus-bonus-app\\dataconnect": could not find dataconnect.yaml in `c:\Dev\focus-bonus-app\dataconnect`
 {"metadata":{"emulator":{"name":"dataconnect"},"message":"E0718 08:49:15.465123   17492 load.go:23] Could not load config from \"c:\\\\Dev\\\\focus-bonus-app\\\\dataconnect\": could not find dataconnect.yaml in `c:\\Dev\\focus-bonus-app\\dataconnect`\n"}}
[debug] [2025-07-18T11:49:25.465Z] E0718 08:49:25.464737   17492 load.go:23] Could not load config from "c:\\Dev\\focus-bonus-app\\dataconnect": could not find dataconnect.yaml in `c:\Dev\focus-bonus-app\dataconnect`
 {"metadata":{"emulator":{"name":"dataconnect"},"message":"E0718 08:49:25.464737   17492 load.go:23] Could not load config from \"c:\\\\Dev\\\\focus-bonus-app\\\\dataconnect\": could not find dataconnect.yaml in `c:\\Dev\\focus-bonus-app\\dataconnect`\n"}}
[debug] [2025-07-18T11:49:35.465Z] E0718 08:49:35.464689   17492 load.go:23] Could not load config from "c:\\Dev\\focus-bonus-app\\dataconnect": could not find dataconnect.yaml in `c:\Dev\focus-bonus-app\dataconnect`
 {"metadata":{"emulator":{"name":"dataconnect"},"message":"E0718 08:49:35.464689   17492 load.go:23] Could not load config from \"c:\\\\Dev\\\\focus-bonus-app\\\\dataconnect\": could not find dataconnect.yaml in `c:\\Dev\\focus-bonus-app\\dataconnect`\n"}}
[debug] [2025-07-18T11:49:45.465Z] E0718 08:49:45.465627   17492 load.go:23] Could not load config from "c:\\Dev\\focus-bonus-app\\dataconnect": could not find dataconnect.yaml in `c:\Dev\focus-bonus-app\dataconnect`
 {"metadata":{"emulator":{"name":"dataconnect"},"message":"E0718 08:49:45.465627   17492 load.go:23] Could not load config from \"c:\\\\Dev\\\\focus-bonus-app\\\\dataconnect\": could not find dataconnect.yaml in `c:\\Dev\\focus-bonus-app\\dataconnect`\n"}}
[debug] [2025-07-18T11:49:55.465Z] E0718 08:49:55.464637   17492 load.go:23] Could not load config from "c:\\Dev\\focus-bonus-app\\dataconnect": could not find dataconnect.yaml in `c:\Dev\focus-bonus-app\dataconnect`
 {"metadata":{"emulator":{"name":"dataconnect"},"message":"E0718 08:49:55.464637   17492 load.go:23] Could not load config from \"c:\\\\Dev\\\\focus-bonus-app\\\\dataconnect\": could not find dataconnect.yaml in `c:\\Dev\\focus-bonus-app\\dataconnect`\n"}}
[debug] [2025-07-18T11:50:05.465Z] E0718 08:50:05.464582   17492 load.go:23] Could not load config from "c:\\Dev\\focus-bonus-app\\dataconnect": could not find dataconnect.yaml in `c:\Dev\focus-bonus-app\dataconnect`
 {"metadata":{"emulator":{"name":"dataconnect"},"message":"E0718 08:50:05.464582   17492 load.go:23] Could not load config from \"c:\\\\Dev\\\\focus-bonus-app\\\\dataconnect\": could not find dataconnect.yaml in `c:\\Dev\\focus-bonus-app\\dataconnect`\n"}}
[debug] [2025-07-18T11:50:15.465Z] E0718 08:50:15.464459   17492 load.go:23] Could not load config from "c:\\Dev\\focus-bonus-app\\dataconnect": could not find dataconnect.yaml in `c:\Dev\focus-bonus-app\dataconnect`
 {"metadata":{"emulator":{"name":"dataconnect"},"message":"E0718 08:50:15.464459   17492 load.go:23] Could not load config from \"c:\\\\Dev\\\\focus-bonus-app\\\\dataconnect\": could not find dataconnect.yaml in `c:\\Dev\\focus-bonus-app\\dataconnect`\n"}}
[debug] [2025-07-18T11:50:25.465Z] E0718 08:50:25.465108   17492 load.go:23] Could not load config from "c:\\Dev\\focus-bonus-app\\dataconnect": could not find dataconnect.yaml in `c:\Dev\focus-bonus-app\dataconnect`
 {"metadata":{"emulator":{"name":"dataconnect"},"message":"E0718 08:50:25.465108   17492 load.go:23] Could not load config from \"c:\\\\Dev\\\\focus-bonus-app\\\\dataconnect\": could not find dataconnect.yaml in `c:\\Dev\\focus-bonus-app\\dataconnect`\n"}}
[debug] [2025-07-18T11:50:25.467Z] E0718 08:50:25.467141   17492 watch.go:76] watchAllDir unable to walk dir `c:\Dev\focus-bonus-app\dataconnect`: on path "c:\\Dev\\focus-bonus-app\\dataconnect" (DirEntry: <nil>): CreateFile c:\Dev\focus-bonus-app\dataconnect: The system cannot find the file specified.
 {"metadata":{"emulator":{"name":"dataconnect"},"message":"E0718 08:50:25.467141   17492 watch.go:76] watchAllDir unable to walk dir `c:\\Dev\\focus-bonus-app\\dataconnect`: on path \"c:\\\\Dev\\\\focus-bonus-app\\\\dataconnect\" (DirEntry: <nil>): CreateFile c:\\Dev\\focus-bonus-app\\dataconnect: The system cannot find the file specified.\n"}}
[debug] [2025-07-18T11:50:35.472Z] E0718 08:50:35.465266   17492 load.go:23] Could not load config from "c:\\Dev\\focus-bonus-app\\dataconnect": could not find dataconnect.yaml in `c:\Dev\focus-bonus-app\dataconnect`
 {"metadata":{"emulator":{"name":"dataconnect"},"message":"E0718 08:50:35.465266   17492 load.go:23] Could not load config from \"c:\\\\Dev\\\\focus-bonus-app\\\\dataconnect\": could not find dataconnect.yaml in `c:\\Dev\\focus-bonus-app\\dataconnect`\n"}}
[debug] [2025-07-18T11:50:45.464Z] E0718 08:50:45.464309   17492 load.go:23] Could not load config from "c:\\Dev\\focus-bonus-app\\dataconnect": could not find dataconnect.yaml in `c:\Dev\focus-bonus-app\dataconnect`
 {"metadata":{"emulator":{"name":"dataconnect"},"message":"E0718 08:50:45.464309   17492 load.go:23] Could not load config from \"c:\\\\Dev\\\\focus-bonus-app\\\\dataconnect\": could not find dataconnect.yaml in `c:\\Dev\\focus-bonus-app\\dataconnect`\n"}}
[debug] [2025-07-18T11:50:55.464Z] E0718 08:50:55.464474   17492 load.go:23] Could not load config from "c:\\Dev\\focus-bonus-app\\dataconnect": could not find dataconnect.yaml in `c:\Dev\focus-bonus-app\dataconnect`
 {"metadata":{"emulator":{"name":"dataconnect"},"message":"E0718 08:50:55.464474   17492 load.go:23] Could not load config from \"c:\\\\Dev\\\\focus-bonus-app\\\\dataconnect\": could not find dataconnect.yaml in `c:\\Dev\\focus-bonus-app\\dataconnect`\n"}}
[debug] [2025-07-18T11:51:05.464Z] E0718 08:51:05.464820   17492 load.go:23] Could not load config from "c:\\Dev\\focus-bonus-app\\dataconnect": could not find dataconnect.yaml in `c:\Dev\focus-bonus-app\dataconnect`
 {"metadata":{"emulator":{"name":"dataconnect"},"message":"E0718 08:51:05.464820   17492 load.go:23] Could not load config from \"c:\\\\Dev\\\\focus-bonus-app\\\\dataconnect\": could not find dataconnect.yaml in `c:\\Dev\\focus-bonus-app\\dataconnect`\n"}}
[debug] [2025-07-18T11:51:15.465Z] E0718 08:51:15.464778   17492 load.go:23] Could not load config from "c:\\Dev\\focus-bonus-app\\dataconnect": could not find dataconnect.yaml in `c:\Dev\focus-bonus-app\dataconnect`
 {"metadata":{"emulator":{"name":"dataconnect"},"message":"E0718 08:51:15.464778   17492 load.go:23] Could not load config from \"c:\\\\Dev\\\\focus-bonus-app\\\\dataconnect\": could not find dataconnect.yaml in `c:\\Dev\\focus-bonus-app\\dataconnect`\n"}}
[debug] [2025-07-18T11:51:25.465Z] E0718 08:51:25.464774   17492 load.go:23] Could not load config from "c:\\Dev\\focus-bonus-app\\dataconnect": could not find dataconnect.yaml in `c:\Dev\focus-bonus-app\dataconnect`
 {"metadata":{"emulator":{"name":"dataconnect"},"message":"E0718 08:51:25.464774   17492 load.go:23] Could not load config from \"c:\\\\Dev\\\\focus-bonus-app\\\\dataconnect\": could not find dataconnect.yaml in `c:\\Dev\\focus-bonus-app\\dataconnect`\n"}}
[debug] [2025-07-18T11:51:35.465Z] E0718 08:51:35.464914   17492 load.go:23] Could not load config from "c:\\Dev\\focus-bonus-app\\dataconnect": could not find dataconnect.yaml in `c:\Dev\focus-bonus-app\dataconnect`
 {"metadata":{"emulator":{"name":"dataconnect"},"message":"E0718 08:51:35.464914   17492 load.go:23] Could not load config from \"c:\\\\Dev\\\\focus-bonus-app\\\\dataconnect\": could not find dataconnect.yaml in `c:\\Dev\\focus-bonus-app\\dataconnect`\n"}}
[debug] [2025-07-18T11:51:45.465Z] E0718 08:51:45.465634   17492 load.go:23] Could not load config from "c:\\Dev\\focus-bonus-app\\dataconnect": could not find dataconnect.yaml in `c:\Dev\focus-bonus-app\dataconnect`
 {"metadata":{"emulator":{"name":"dataconnect"},"message":"E0718 08:51:45.465634   17492 load.go:23] Could not load config from \"c:\\\\Dev\\\\focus-bonus-app\\\\dataconnect\": could not find dataconnect.yaml in `c:\\Dev\\focus-bonus-app\\dataconnect`\n"}}
[debug] [2025-07-18T11:51:55.464Z] E0718 08:51:55.464452   17492 load.go:23] Could not load config from "c:\\Dev\\focus-bonus-app\\dataconnect": could not find dataconnect.yaml in `c:\Dev\focus-bonus-app\dataconnect`
 {"metadata":{"emulator":{"name":"dataconnect"},"message":"E0718 08:51:55.464452   17492 load.go:23] Could not load config from \"c:\\\\Dev\\\\focus-bonus-app\\\\dataconnect\": could not find dataconnect.yaml in `c:\\Dev\\focus-bonus-app\\dataconnect`\n"}}
[debug] [2025-07-18T11:52:05.465Z] E0718 08:52:05.464557   17492 load.go:23] Could not load config from "c:\\Dev\\focus-bonus-app\\dataconnect": could not find dataconnect.yaml in `c:\Dev\focus-bonus-app\dataconnect`
 {"metadata":{"emulator":{"name":"dataconnect"},"message":"E0718 08:52:05.464557   17492 load.go:23] Could not load config from \"c:\\\\Dev\\\\focus-bonus-app\\\\dataconnect\": could not find dataconnect.yaml in `c:\\Dev\\focus-bonus-app\\dataconnect`\n"}}
[debug] [2025-07-18T11:52:15.465Z] E0718 08:52:15.465507   17492 load.go:23] Could not load config from "c:\\Dev\\focus-bonus-app\\dataconnect": could not find dataconnect.yaml in `c:\Dev\focus-bonus-app\dataconnect`
 {"metadata":{"emulator":{"name":"dataconnect"},"message":"E0718 08:52:15.465507   17492 load.go:23] Could not load config from \"c:\\\\Dev\\\\focus-bonus-app\\\\dataconnect\": could not find dataconnect.yaml in `c:\\Dev\\focus-bonus-app\\dataconnect`\n"}}
[debug] [2025-07-18T11:52:25.465Z] E0718 08:52:25.464437   17492 load.go:23] Could not load config from "c:\\Dev\\focus-bonus-app\\dataconnect": could not find dataconnect.yaml in `c:\Dev\focus-bonus-app\dataconnect`
E0718 08:52:25.464437   17492 watch.go:76] watchAllDir unable to walk dir `c:\Dev\focus-bonus-app\dataconnect`: on path "c:\\Dev\\focus-bonus-app\\dataconnect" (DirEntry: <nil>): CreateFile c:\Dev\focus-bonus-app\dataconnect: The system cannot find the file specified.
 {"metadata":{"emulator":{"name":"dataconnect"},"message":"E0718 08:52:25.464437   17492 load.go:23] Could not load config from \"c:\\\\Dev\\\\focus-bonus-app\\\\dataconnect\": could not find dataconnect.yaml in `c:\\Dev\\focus-bonus-app\\dataconnect`\nE0718 08:52:25.464437   17492 watch.go:76] watchAllDir unable to walk dir `c:\\Dev\\focus-bonus-app\\dataconnect`: on path \"c:\\\\Dev\\\\focus-bonus-app\\\\dataconnect\" (DirEntry: <nil>): CreateFile c:\\Dev\\focus-bonus-app\\dataconnect: The system cannot find the file specified.\n"}}
[debug] [2025-07-18T11:52:35.465Z] E0718 08:52:35.464593   17492 load.go:23] Could not load config from "c:\\Dev\\focus-bonus-app\\dataconnect": could not find dataconnect.yaml in `c:\Dev\focus-bonus-app\dataconnect`
 {"metadata":{"emulator":{"name":"dataconnect"},"message":"E0718 08:52:35.464593   17492 load.go:23] Could not load config from \"c:\\\\Dev\\\\focus-bonus-app\\\\dataconnect\": could not find dataconnect.yaml in `c:\\Dev\\focus-bonus-app\\dataconnect`\n"}}
[debug] [2025-07-18T11:52:45.467Z] E0718 08:52:45.467183   17492 load.go:23] Could not load config from "c:\\Dev\\focus-bonus-app\\dataconnect": could not find dataconnect.yaml in `c:\Dev\focus-bonus-app\dataconnect`
 {"metadata":{"emulator":{"name":"dataconnect"},"message":"E0718 08:52:45.467183   17492 load.go:23] Could not load config from \"c:\\\\Dev\\\\focus-bonus-app\\\\dataconnect\": could not find dataconnect.yaml in `c:\\Dev\\focus-bonus-app\\dataconnect`\n"}}
[debug] [2025-07-18T11:52:55.466Z] E0718 08:52:55.466881   17492 load.go:23] Could not load config from "c:\\Dev\\focus-bonus-app\\dataconnect": could not find dataconnect.yaml in `c:\Dev\focus-bonus-app\dataconnect`
 {"metadata":{"emulator":{"name":"dataconnect"},"message":"E0718 08:52:55.466881   17492 load.go:23] Could not load config from \"c:\\\\Dev\\\\focus-bonus-app\\\\dataconnect\": could not find dataconnect.yaml in `c:\\Dev\\focus-bonus-app\\dataconnect`\n"}}
[debug] [2025-07-18T11:53:05.465Z] E0718 08:53:05.464948   17492 load.go:23] Could not load config from "c:\\Dev\\focus-bonus-app\\dataconnect": could not find dataconnect.yaml in `c:\Dev\focus-bonus-app\dataconnect`
 {"metadata":{"emulator":{"name":"dataconnect"},"message":"E0718 08:53:05.464948   17492 load.go:23] Could not load config from \"c:\\\\Dev\\\\focus-bonus-app\\\\dataconnect\": could not find dataconnect.yaml in `c:\\Dev\\focus-bonus-app\\dataconnect`\n"}}
[debug] [2025-07-18T11:53:15.464Z] E0718 08:53:15.464489   17492 load.go:23] Could not load config from "c:\\Dev\\focus-bonus-app\\dataconnect": could not find dataconnect.yaml in `c:\Dev\focus-bonus-app\dataconnect`
 {"metadata":{"emulator":{"name":"dataconnect"},"message":"E0718 08:53:15.464489   17492 load.go:23] Could not load config from \"c:\\\\Dev\\\\focus-bonus-app\\\\dataconnect\": could not find dataconnect.yaml in `c:\\Dev\\focus-bonus-app\\dataconnect`\n"}}
[debug] [2025-07-18T11:53:25.466Z] E0718 08:53:25.464549   17492 load.go:23] Could not load config from "c:\\Dev\\focus-bonus-app\\dataconnect": could not find dataconnect.yaml in `c:\Dev\focus-bonus-app\dataconnect`
 {"metadata":{"emulator":{"name":"dataconnect"},"message":"E0718 08:53:25.464549   17492 load.go:23] Could not load config from \"c:\\\\Dev\\\\focus-bonus-app\\\\dataconnect\": could not find dataconnect.yaml in `c:\\Dev\\focus-bonus-app\\dataconnect`\n"}}
[debug] [2025-07-18T11:53:35.472Z] E0718 08:53:35.472098   17492 load.go:23] Could not load config from "c:\\Dev\\focus-bonus-app\\dataconnect": could not find dataconnect.yaml in `c:\Dev\focus-bonus-app\dataconnect`
 {"metadata":{"emulator":{"name":"dataconnect"},"message":"E0718 08:53:35.472098   17492 load.go:23] Could not load config from \"c:\\\\Dev\\\\focus-bonus-app\\\\dataconnect\": could not find dataconnect.yaml in `c:\\Dev\\focus-bonus-app\\dataconnect`\n"}}
[debug] [2025-07-18T11:53:45.465Z] E0718 08:53:45.464557   17492 load.go:23] Could not load config from "c:\\Dev\\focus-bonus-app\\dataconnect": could not find dataconnect.yaml in `c:\Dev\focus-bonus-app\dataconnect`
 {"metadata":{"emulator":{"name":"dataconnect"},"message":"E0718 08:53:45.464557   17492 load.go:23] Could not load config from \"c:\\\\Dev\\\\focus-bonus-app\\\\dataconnect\": could not find dataconnect.yaml in `c:\\Dev\\focus-bonus-app\\dataconnect`\n"}}
[debug] [2025-07-18T11:53:55.465Z] E0718 08:53:55.464808   17492 load.go:23] Could not load config from "c:\\Dev\\focus-bonus-app\\dataconnect": could not find dataconnect.yaml in `c:\Dev\focus-bonus-app\dataconnect`
 {"metadata":{"emulator":{"name":"dataconnect"},"message":"E0718 08:53:55.464808   17492 load.go:23] Could not load config from \"c:\\\\Dev\\\\focus-bonus-app\\\\dataconnect\": could not find dataconnect.yaml in `c:\\Dev\\focus-bonus-app\\dataconnect`\n"}}
[debug] [2025-07-18T11:54:05.465Z] E0718 08:54:05.464791   17492 load.go:23] Could not load config from "c:\\Dev\\focus-bonus-app\\dataconnect": could not find dataconnect.yaml in `c:\Dev\focus-bonus-app\dataconnect`
 {"metadata":{"emulator":{"name":"dataconnect"},"message":"E0718 08:54:05.464791   17492 load.go:23] Could not load config from \"c:\\\\Dev\\\\focus-bonus-app\\\\dataconnect\": could not find dataconnect.yaml in `c:\\Dev\\focus-bonus-app\\dataconnect`\n"}}
[debug] [2025-07-18T11:54:15.465Z] E0718 08:54:15.465098   17492 load.go:23] Could not load config from "c:\\Dev\\focus-bonus-app\\dataconnect": could not find dataconnect.yaml in `c:\Dev\focus-bonus-app\dataconnect`
 {"metadata":{"emulator":{"name":"dataconnect"},"message":"E0718 08:54:15.465098   17492 load.go:23] Could not load config from \"c:\\\\Dev\\\\focus-bonus-app\\\\dataconnect\": could not find dataconnect.yaml in `c:\\Dev\\focus-bonus-app\\dataconnect`\n"}}
[debug] [2025-07-18T11:54:25.465Z] E0718 08:54:25.464783   17492 load.go:23] Could not load config from "c:\\Dev\\focus-bonus-app\\dataconnect": could not find dataconnect.yaml in `c:\Dev\focus-bonus-app\dataconnect`
E0718 08:54:25.465293   17492 watch.go:76] watchAllDir unable to walk dir `c:\Dev\focus-bonus-app\dataconnect`: on path "c:\\Dev\\focus-bonus-app\\dataconnect" (DirEntry: <nil>): CreateFile c:\Dev\focus-bonus-app\dataconnect: The system cannot find the file specified.
 {"metadata":{"emulator":{"name":"dataconnect"},"message":"E0718 08:54:25.464783   17492 load.go:23] Could not load config from \"c:\\\\Dev\\\\focus-bonus-app\\\\dataconnect\": could not find dataconnect.yaml in `c:\\Dev\\focus-bonus-app\\dataconnect`\nE0718 08:54:25.465293   17492 watch.go:76] watchAllDir unable to walk dir `c:\\Dev\\focus-bonus-app\\dataconnect`: on path \"c:\\\\Dev\\\\focus-bonus-app\\\\dataconnect\" (DirEntry: <nil>): CreateFile c:\\Dev\\focus-bonus-app\\dataconnect: The system cannot find the file specified.\n"}}
[debug] [2025-07-18T11:54:35.465Z] E0718 08:54:35.464634   17492 load.go:23] Could not load config from "c:\\Dev\\focus-bonus-app\\dataconnect": could not find dataconnect.yaml in `c:\Dev\focus-bonus-app\dataconnect`
 {"metadata":{"emulator":{"name":"dataconnect"},"message":"E0718 08:54:35.464634   17492 load.go:23] Could not load config from \"c:\\\\Dev\\\\focus-bonus-app\\\\dataconnect\": could not find dataconnect.yaml in `c:\\Dev\\focus-bonus-app\\dataconnect`\n"}}
[debug] [2025-07-18T11:54:45.465Z] E0718 08:54:45.464776   17492 load.go:23] Could not load config from "c:\\Dev\\focus-bonus-app\\dataconnect": could not find dataconnect.yaml in `c:\Dev\focus-bonus-app\dataconnect`
 {"metadata":{"emulator":{"name":"dataconnect"},"message":"E0718 08:54:45.464776   17492 load.go:23] Could not load config from \"c:\\\\Dev\\\\focus-bonus-app\\\\dataconnect\": could not find dataconnect.yaml in `c:\\Dev\\focus-bonus-app\\dataconnect`\n"}}
[debug] [2025-07-18T11:54:55.465Z] E0718 08:54:55.464529   17492 load.go:23] Could not load config from "c:\\Dev\\focus-bonus-app\\dataconnect": could not find dataconnect.yaml in `c:\Dev\focus-bonus-app\dataconnect`
 {"metadata":{"emulator":{"name":"dataconnect"},"message":"E0718 08:54:55.464529   17492 load.go:23] Could not load config from \"c:\\\\Dev\\\\focus-bonus-app\\\\dataconnect\": could not find dataconnect.yaml in `c:\\Dev\\focus-bonus-app\\dataconnect`\n"}}
[debug] [2025-07-18T11:55:05.466Z] E0718 08:55:05.465780   17492 load.go:23] Could not load config from "c:\\Dev\\focus-bonus-app\\dataconnect": could not find dataconnect.yaml in `c:\Dev\focus-bonus-app\dataconnect`
 {"metadata":{"emulator":{"name":"dataconnect"},"message":"E0718 08:55:05.465780   17492 load.go:23] Could not load config from \"c:\\\\Dev\\\\focus-bonus-app\\\\dataconnect\": could not find dataconnect.yaml in `c:\\Dev\\focus-bonus-app\\dataconnect`\n"}}
[debug] [2025-07-18T11:55:15.466Z] E0718 08:55:15.464700   17492 load.go:23] Could not load config from "c:\\Dev\\focus-bonus-app\\dataconnect": could not find dataconnect.yaml in `c:\Dev\focus-bonus-app\dataconnect`
 {"metadata":{"emulator":{"name":"dataconnect"},"message":"E0718 08:55:15.464700   17492 load.go:23] Could not load config from \"c:\\\\Dev\\\\focus-bonus-app\\\\dataconnect\": could not find dataconnect.yaml in `c:\\Dev\\focus-bonus-app\\dataconnect`\n"}}
[debug] [2025-07-18T11:55:25.466Z] E0718 08:55:25.465670   17492 load.go:23] Could not load config from "c:\\Dev\\focus-bonus-app\\dataconnect": could not find dataconnect.yaml in `c:\Dev\focus-bonus-app\dataconnect`
 {"metadata":{"emulator":{"name":"dataconnect"},"message":"E0718 08:55:25.465670   17492 load.go:23] Could not load config from \"c:\\\\Dev\\\\focus-bonus-app\\\\dataconnect\": could not find dataconnect.yaml in `c:\\Dev\\focus-bonus-app\\dataconnect`\n"}}
[debug] [2025-07-18T11:55:35.465Z] E0718 08:55:35.464610   17492 load.go:23] Could not load config from "c:\\Dev\\focus-bonus-app\\dataconnect": could not find dataconnect.yaml in `c:\Dev\focus-bonus-app\dataconnect`
 {"metadata":{"emulator":{"name":"dataconnect"},"message":"E0718 08:55:35.464610   17492 load.go:23] Could not load config from \"c:\\\\Dev\\\\focus-bonus-app\\\\dataconnect\": could not find dataconnect.yaml in `c:\\Dev\\focus-bonus-app\\dataconnect`\n"}}
[debug] [2025-07-18T11:55:45.465Z] E0718 08:55:45.464459   17492 load.go:23] Could not load config from "c:\\Dev\\focus-bonus-app\\dataconnect": could not find dataconnect.yaml in `c:\Dev\focus-bonus-app\dataconnect`
 {"metadata":{"emulator":{"name":"dataconnect"},"message":"E0718 08:55:45.464459   17492 load.go:23] Could not load config from \"c:\\\\Dev\\\\focus-bonus-app\\\\dataconnect\": could not find dataconnect.yaml in `c:\\Dev\\focus-bonus-app\\dataconnect`\n"}}
[debug] [2025-07-18T11:55:55.465Z] E0718 08:55:55.464801   17492 load.go:23] Could not load config from "c:\\Dev\\focus-bonus-app\\dataconnect": could not find dataconnect.yaml in `c:\Dev\focus-bonus-app\dataconnect`
 {"metadata":{"emulator":{"name":"dataconnect"},"message":"E0718 08:55:55.464801   17492 load.go:23] Could not load config from \"c:\\\\Dev\\\\focus-bonus-app\\\\dataconnect\": could not find dataconnect.yaml in `c:\\Dev\\focus-bonus-app\\dataconnect`\n"}}
[debug] [2025-07-18T11:56:05.465Z] E0718 08:56:05.465177   17492 load.go:23] Could not load config from "c:\\Dev\\focus-bonus-app\\dataconnect": could not find dataconnect.yaml in `c:\Dev\focus-bonus-app\dataconnect`
 {"metadata":{"emulator":{"name":"dataconnect"},"message":"E0718 08:56:05.465177   17492 load.go:23] Could not load config from \"c:\\\\Dev\\\\focus-bonus-app\\\\dataconnect\": could not find dataconnect.yaml in `c:\\Dev\\focus-bonus-app\\dataconnect`\n"}}
[debug] [2025-07-18T11:56:15.464Z] E0718 08:56:15.464400   17492 load.go:23] Could not load config from "c:\\Dev\\focus-bonus-app\\dataconnect": could not find dataconnect.yaml in `c:\Dev\focus-bonus-app\dataconnect`
 {"metadata":{"emulator":{"name":"dataconnect"},"message":"E0718 08:56:15.464400   17492 load.go:23] Could not load config from \"c:\\\\Dev\\\\focus-bonus-app\\\\dataconnect\": could not find dataconnect.yaml in `c:\\Dev\\focus-bonus-app\\dataconnect`\n"}}
[debug] [2025-07-18T11:56:25.466Z] E0718 08:56:25.465487   17492 load.go:23] Could not load config from "c:\\Dev\\focus-bonus-app\\dataconnect": could not find dataconnect.yaml in `c:\Dev\focus-bonus-app\dataconnect`
E0718 08:56:25.465487   17492 watch.go:76] watchAllDir unable to walk dir `c:\Dev\focus-bonus-app\dataconnect`: on path "c:\\Dev\\focus-bonus-app\\dataconnect" (DirEntry: <nil>): CreateFile c:\Dev\focus-bonus-app\dataconnect: The system cannot find the file specified.
 {"metadata":{"emulator":{"name":"dataconnect"},"message":"E0718 08:56:25.465487   17492 load.go:23] Could not load config from \"c:\\\\Dev\\\\focus-bonus-app\\\\dataconnect\": could not find dataconnect.yaml in `c:\\Dev\\focus-bonus-app\\dataconnect`\nE0718 08:56:25.465487   17492 watch.go:76] watchAllDir unable to walk dir `c:\\Dev\\focus-bonus-app\\dataconnect`: on path \"c:\\\\Dev\\\\focus-bonus-app\\\\dataconnect\" (DirEntry: <nil>): CreateFile c:\\Dev\\focus-bonus-app\\dataconnect: The system cannot find the file specified.\n"}}
[debug] [2025-07-18T11:56:35.466Z] E0718 08:56:35.465898   17492 load.go:23] Could not load config from "c:\\Dev\\focus-bonus-app\\dataconnect": could not find dataconnect.yaml in `c:\Dev\focus-bonus-app\dataconnect`
 {"metadata":{"emulator":{"name":"dataconnect"},"message":"E0718 08:56:35.465898   17492 load.go:23] Could not load config from \"c:\\\\Dev\\\\focus-bonus-app\\\\dataconnect\": could not find dataconnect.yaml in `c:\\Dev\\focus-bonus-app\\dataconnect`\n"}}
[debug] [2025-07-18T11:56:45.466Z] E0718 08:56:45.465634   17492 load.go:23] Could not load config from "c:\\Dev\\focus-bonus-app\\dataconnect": could not find dataconnect.yaml in `c:\Dev\focus-bonus-app\dataconnect`
 {"metadata":{"emulator":{"name":"dataconnect"},"message":"E0718 08:56:45.465634   17492 load.go:23] Could not load config from \"c:\\\\Dev\\\\focus-bonus-app\\\\dataconnect\": could not find dataconnect.yaml in `c:\\Dev\\focus-bonus-app\\dataconnect`\n"}}
[debug] [2025-07-18T11:56:55.466Z] E0718 08:56:55.466254   17492 load.go:23] Could not load config from "c:\\Dev\\focus-bonus-app\\dataconnect": could not find dataconnect.yaml in `c:\Dev\focus-bonus-app\dataconnect`
 {"metadata":{"emulator":{"name":"dataconnect"},"message":"E0718 08:56:55.466254   17492 load.go:23] Could not load config from \"c:\\\\Dev\\\\focus-bonus-app\\\\dataconnect\": could not find dataconnect.yaml in `c:\\Dev\\focus-bonus-app\\dataconnect`\n"}}
[debug] [2025-07-18T11:57:05.466Z] E0718 08:57:05.465635   17492 load.go:23] Could not load config from "c:\\Dev\\focus-bonus-app\\dataconnect": could not find dataconnect.yaml in `c:\Dev\focus-bonus-app\dataconnect`
 {"metadata":{"emulator":{"name":"dataconnect"},"message":"E0718 08:57:05.465635   17492 load.go:23] Could not load config from \"c:\\\\Dev\\\\focus-bonus-app\\\\dataconnect\": could not find dataconnect.yaml in `c:\\Dev\\focus-bonus-app\\dataconnect`\n"}}
[debug] [2025-07-18T11:57:15.465Z] E0718 08:57:15.464218   17492 load.go:23] Could not load config from "c:\\Dev\\focus-bonus-app\\dataconnect": could not find dataconnect.yaml in `c:\Dev\focus-bonus-app\dataconnect`
 {"metadata":{"emulator":{"name":"dataconnect"},"message":"E0718 08:57:15.464218   17492 load.go:23] Could not load config from \"c:\\\\Dev\\\\focus-bonus-app\\\\dataconnect\": could not find dataconnect.yaml in `c:\\Dev\\focus-bonus-app\\dataconnect`\n"}}
[debug] [2025-07-18T11:57:25.466Z] E0718 08:57:25.465827   17492 load.go:23] Could not load config from "c:\\Dev\\focus-bonus-app\\dataconnect": could not find dataconnect.yaml in `c:\Dev\focus-bonus-app\dataconnect`
 {"metadata":{"emulator":{"name":"dataconnect"},"message":"E0718 08:57:25.465827   17492 load.go:23] Could not load config from \"c:\\\\Dev\\\\focus-bonus-app\\\\dataconnect\": could not find dataconnect.yaml in `c:\\Dev\\focus-bonus-app\\dataconnect`\n"}}
[debug] [2025-07-18T11:57:35.466Z] E0718 08:57:35.465551   17492 load.go:23] Could not load config from "c:\\Dev\\focus-bonus-app\\dataconnect": could not find dataconnect.yaml in `c:\Dev\focus-bonus-app\dataconnect`
 {"metadata":{"emulator":{"name":"dataconnect"},"message":"E0718 08:57:35.465551   17492 load.go:23] Could not load config from \"c:\\\\Dev\\\\focus-bonus-app\\\\dataconnect\": could not find dataconnect.yaml in `c:\\Dev\\focus-bonus-app\\dataconnect`\n"}}
[debug] [2025-07-18T11:57:45.465Z] E0718 08:57:45.464827   17492 load.go:23] Could not load config from "c:\\Dev\\focus-bonus-app\\dataconnect": could not find dataconnect.yaml in `c:\Dev\focus-bonus-app\dataconnect`
 {"metadata":{"emulator":{"name":"dataconnect"},"message":"E0718 08:57:45.464827   17492 load.go:23] Could not load config from \"c:\\\\Dev\\\\focus-bonus-app\\\\dataconnect\": could not find dataconnect.yaml in `c:\\Dev\\focus-bonus-app\\dataconnect`\n"}}
[debug] [2025-07-18T11:57:55.465Z] E0718 08:57:55.464796   17492 load.go:23] Could not load config from "c:\\Dev\\focus-bonus-app\\dataconnect": could not find dataconnect.yaml in `c:\Dev\focus-bonus-app\dataconnect`
 {"metadata":{"emulator":{"name":"dataconnect"},"message":"E0718 08:57:55.464796   17492 load.go:23] Could not load config from \"c:\\\\Dev\\\\focus-bonus-app\\\\dataconnect\": could not find dataconnect.yaml in `c:\\Dev\\focus-bonus-app\\dataconnect`\n"}}
[debug] [2025-07-18T11:58:05.466Z] E0718 08:58:05.465594   17492 load.go:23] Could not load config from "c:\\Dev\\focus-bonus-app\\dataconnect": could not find dataconnect.yaml in `c:\Dev\focus-bonus-app\dataconnect`
 {"metadata":{"emulator":{"name":"dataconnect"},"message":"E0718 08:58:05.465594   17492 load.go:23] Could not load config from \"c:\\\\Dev\\\\focus-bonus-app\\\\dataconnect\": could not find dataconnect.yaml in `c:\\Dev\\focus-bonus-app\\dataconnect`\n"}}
[debug] [2025-07-18T11:58:15.466Z] E0718 08:58:15.465328   17492 load.go:23] Could not load config from "c:\\Dev\\focus-bonus-app\\dataconnect": could not find dataconnect.yaml in `c:\Dev\focus-bonus-app\dataconnect`
 {"metadata":{"emulator":{"name":"dataconnect"},"message":"E0718 08:58:15.465328   17492 load.go:23] Could not load config from \"c:\\\\Dev\\\\focus-bonus-app\\\\dataconnect\": could not find dataconnect.yaml in `c:\\Dev\\focus-bonus-app\\dataconnect`\n"}}
[debug] [2025-07-18T11:58:25.465Z] E0718 08:58:25.464470   17492 load.go:23] Could not load config from "c:\\Dev\\focus-bonus-app\\dataconnect": could not find dataconnect.yaml in `c:\Dev\focus-bonus-app\dataconnect`
E0718 08:58:25.464470   17492 watch.go:76] watchAllDir unable to walk dir `c:\Dev\focus-bonus-app\dataconnect`: on path "c:\\Dev\\focus-bonus-app\\dataconnect" (DirEntry: <nil>): CreateFile c:\Dev\focus-bonus-app\dataconnect: The system cannot find the file specified.
 {"metadata":{"emulator":{"name":"dataconnect"},"message":"E0718 08:58:25.464470   17492 load.go:23] Could not load config from \"c:\\\\Dev\\\\focus-bonus-app\\\\dataconnect\": could not find dataconnect.yaml in `c:\\Dev\\focus-bonus-app\\dataconnect`\nE0718 08:58:25.464470   17492 watch.go:76] watchAllDir unable to walk dir `c:\\Dev\\focus-bonus-app\\dataconnect`: on path \"c:\\\\Dev\\\\focus-bonus-app\\\\dataconnect\" (DirEntry: <nil>): CreateFile c:\\Dev\\focus-bonus-app\\dataconnect: The system cannot find the file specified.\n"}}
[debug] [2025-07-18T11:58:35.466Z] E0718 08:58:35.465217   17492 load.go:23] Could not load config from "c:\\Dev\\focus-bonus-app\\dataconnect": could not find dataconnect.yaml in `c:\Dev\focus-bonus-app\dataconnect`
 {"metadata":{"emulator":{"name":"dataconnect"},"message":"E0718 08:58:35.465217   17492 load.go:23] Could not load config from \"c:\\\\Dev\\\\focus-bonus-app\\\\dataconnect\": could not find dataconnect.yaml in `c:\\Dev\\focus-bonus-app\\dataconnect`\n"}}
[debug] [2025-07-18T11:58:45.464Z] E0718 08:58:45.464798   17492 load.go:23] Could not load config from "c:\\Dev\\focus-bonus-app\\dataconnect": could not find dataconnect.yaml in `c:\Dev\focus-bonus-app\dataconnect`
 {"metadata":{"emulator":{"name":"dataconnect"},"message":"E0718 08:58:45.464798   17492 load.go:23] Could not load config from \"c:\\\\Dev\\\\focus-bonus-app\\\\dataconnect\": could not find dataconnect.yaml in `c:\\Dev\\focus-bonus-app\\dataconnect`\n"}}
[debug] [2025-07-18T11:58:55.464Z] E0718 08:58:55.464450   17492 load.go:23] Could not load config from "c:\\Dev\\focus-bonus-app\\dataconnect": could not find dataconnect.yaml in `c:\Dev\focus-bonus-app\dataconnect`
 {"metadata":{"emulator":{"name":"dataconnect"},"message":"E0718 08:58:55.464450   17492 load.go:23] Could not load config from \"c:\\\\Dev\\\\focus-bonus-app\\\\dataconnect\": could not find dataconnect.yaml in `c:\\Dev\\focus-bonus-app\\dataconnect`\n"}}
[debug] [2025-07-18T11:59:05.466Z] E0718 08:59:05.466547   17492 load.go:23] Could not load config from "c:\\Dev\\focus-bonus-app\\dataconnect": could not find dataconnect.yaml in `c:\Dev\focus-bonus-app\dataconnect`
 {"metadata":{"emulator":{"name":"dataconnect"},"message":"E0718 08:59:05.466547   17492 load.go:23] Could not load config from \"c:\\\\Dev\\\\focus-bonus-app\\\\dataconnect\": could not find dataconnect.yaml in `c:\\Dev\\focus-bonus-app\\dataconnect`\n"}}
[debug] [2025-07-18T11:59:15.465Z] E0718 08:59:15.465522   17492 load.go:23] Could not load config from "c:\\Dev\\focus-bonus-app\\dataconnect": could not find dataconnect.yaml in `c:\Dev\focus-bonus-app\dataconnect`
 {"metadata":{"emulator":{"name":"dataconnect"},"message":"E0718 08:59:15.465522   17492 load.go:23] Could not load config from \"c:\\\\Dev\\\\focus-bonus-app\\\\dataconnect\": could not find dataconnect.yaml in `c:\\Dev\\focus-bonus-app\\dataconnect`\n"}}
[debug] [2025-07-18T11:59:25.464Z] E0718 08:59:25.464413   17492 load.go:23] Could not load config from "c:\\Dev\\focus-bonus-app\\dataconnect": could not find dataconnect.yaml in `c:\Dev\focus-bonus-app\dataconnect`
 {"metadata":{"emulator":{"name":"dataconnect"},"message":"E0718 08:59:25.464413   17492 load.go:23] Could not load config from \"c:\\\\Dev\\\\focus-bonus-app\\\\dataconnect\": could not find dataconnect.yaml in `c:\\Dev\\focus-bonus-app\\dataconnect`\n"}}
[debug] [2025-07-18T11:59:35.465Z] E0718 08:59:35.464849   17492 load.go:23] Could not load config from "c:\\Dev\\focus-bonus-app\\dataconnect": could not find dataconnect.yaml in `c:\Dev\focus-bonus-app\dataconnect`
 {"metadata":{"emulator":{"name":"dataconnect"},"message":"E0718 08:59:35.464849   17492 load.go:23] Could not load config from \"c:\\\\Dev\\\\focus-bonus-app\\\\dataconnect\": could not find dataconnect.yaml in `c:\\Dev\\focus-bonus-app\\dataconnect`\n"}}
[debug] [2025-07-18T11:59:45.465Z] E0718 08:59:45.465062   17492 load.go:23] Could not load config from "c:\\Dev\\focus-bonus-app\\dataconnect": could not find dataconnect.yaml in `c:\Dev\focus-bonus-app\dataconnect`
 {"metadata":{"emulator":{"name":"dataconnect"},"message":"E0718 08:59:45.465062   17492 load.go:23] Could not load config from \"c:\\\\Dev\\\\focus-bonus-app\\\\dataconnect\": could not find dataconnect.yaml in `c:\\Dev\\focus-bonus-app\\dataconnect`\n"}}
[debug] [2025-07-18T11:59:55.466Z] E0718 08:59:55.465997   17492 load.go:23] Could not load config from "c:\\Dev\\focus-bonus-app\\dataconnect": could not find dataconnect.yaml in `c:\Dev\focus-bonus-app\dataconnect`
 {"metadata":{"emulator":{"name":"dataconnect"},"message":"E0718 08:59:55.465997   17492 load.go:23] Could not load config from \"c:\\\\Dev\\\\focus-bonus-app\\\\dataconnect\": could not find dataconnect.yaml in `c:\\Dev\\focus-bonus-app\\dataconnect`\n"}}
[debug] [2025-07-18T12:00:05.466Z] E0718 09:00:05.466156   17492 load.go:23] Could not load config from "c:\\Dev\\focus-bonus-app\\dataconnect": could not find dataconnect.yaml in `c:\Dev\focus-bonus-app\dataconnect`
 {"metadata":{"emulator":{"name":"dataconnect"},"message":"E0718 09:00:05.466156   17492 load.go:23] Could not load config from \"c:\\\\Dev\\\\focus-bonus-app\\\\dataconnect\": could not find dataconnect.yaml in `c:\\Dev\\focus-bonus-app\\dataconnect`\n"}}
[debug] [2025-07-18T12:00:15.466Z] E0718 09:00:15.465909   17492 load.go:23] Could not load config from "c:\\Dev\\focus-bonus-app\\dataconnect": could not find dataconnect.yaml in `c:\Dev\focus-bonus-app\dataconnect`
 {"metadata":{"emulator":{"name":"dataconnect"},"message":"E0718 09:00:15.465909   17492 load.go:23] Could not load config from \"c:\\\\Dev\\\\focus-bonus-app\\\\dataconnect\": could not find dataconnect.yaml in `c:\\Dev\\focus-bonus-app\\dataconnect`\n"}}
[debug] [2025-07-18T12:00:25.465Z] E0718 09:00:25.464598   17492 load.go:23] Could not load config from "c:\\Dev\\focus-bonus-app\\dataconnect": could not find dataconnect.yaml in `c:\Dev\focus-bonus-app\dataconnect`
 {"metadata":{"emulator":{"name":"dataconnect"},"message":"E0718 09:00:25.464598   17492 load.go:23] Could not load config from \"c:\\\\Dev\\\\focus-bonus-app\\\\dataconnect\": could not find dataconnect.yaml in `c:\\Dev\\focus-bonus-app\\dataconnect`\n"}}
[debug] [2025-07-18T12:00:25.466Z] E0718 09:00:25.465108   17492 watch.go:76] watchAllDir unable to walk dir `c:\Dev\focus-bonus-app\dataconnect`: on path "c:\\Dev\\focus-bonus-app\\dataconnect" (DirEntry: <nil>): CreateFile c:\Dev\focus-bonus-app\dataconnect: The system cannot find the file specified.
 {"metadata":{"emulator":{"name":"dataconnect"},"message":"E0718 09:00:25.465108   17492 watch.go:76] watchAllDir unable to walk dir `c:\\Dev\\focus-bonus-app\\dataconnect`: on path \"c:\\\\Dev\\\\focus-bonus-app\\\\dataconnect\" (DirEntry: <nil>): CreateFile c:\\Dev\\focus-bonus-app\\dataconnect: The system cannot find the file specified.\n"}}
[debug] [2025-07-18T12:00:35.466Z] E0718 09:00:35.466064   17492 load.go:23] Could not load config from "c:\\Dev\\focus-bonus-app\\dataconnect": could not find dataconnect.yaml in `c:\Dev\focus-bonus-app\dataconnect`
 {"metadata":{"emulator":{"name":"dataconnect"},"message":"E0718 09:00:35.466064   17492 load.go:23] Could not load config from \"c:\\\\Dev\\\\focus-bonus-app\\\\dataconnect\": could not find dataconnect.yaml in `c:\\Dev\\focus-bonus-app\\dataconnect`\n"}}
[debug] [2025-07-18T12:00:45.465Z] E0718 09:00:45.464876   17492 load.go:23] Could not load config from "c:\\Dev\\focus-bonus-app\\dataconnect": could not find dataconnect.yaml in `c:\Dev\focus-bonus-app\dataconnect`
 {"metadata":{"emulator":{"name":"dataconnect"},"message":"E0718 09:00:45.464876   17492 load.go:23] Could not load config from \"c:\\\\Dev\\\\focus-bonus-app\\\\dataconnect\": could not find dataconnect.yaml in `c:\\Dev\\focus-bonus-app\\dataconnect`\n"}}
[debug] [2025-07-18T12:00:55.465Z] E0718 09:00:55.465440   17492 load.go:23] Could not load config from "c:\\Dev\\focus-bonus-app\\dataconnect": could not find dataconnect.yaml in `c:\Dev\focus-bonus-app\dataconnect`
 {"metadata":{"emulator":{"name":"dataconnect"},"message":"E0718 09:00:55.465440   17492 load.go:23] Could not load config from \"c:\\\\Dev\\\\focus-bonus-app\\\\dataconnect\": could not find dataconnect.yaml in `c:\\Dev\\focus-bonus-app\\dataconnect`\n"}}
[debug] [2025-07-18T12:01:05.464Z] E0718 09:01:05.464906   17492 load.go:23] Could not load config from "c:\\Dev\\focus-bonus-app\\dataconnect": could not find dataconnect.yaml in `c:\Dev\focus-bonus-app\dataconnect`
 {"metadata":{"emulator":{"name":"dataconnect"},"message":"E0718 09:01:05.464906   17492 load.go:23] Could not load config from \"c:\\\\Dev\\\\focus-bonus-app\\\\dataconnect\": could not find dataconnect.yaml in `c:\\Dev\\focus-bonus-app\\dataconnect`\n"}}
[debug] [2025-07-18T12:01:15.474Z] E0718 09:01:15.467304   17492 load.go:23] Could not load config from "c:\\Dev\\focus-bonus-app\\dataconnect": could not find dataconnect.yaml in `c:\Dev\focus-bonus-app\dataconnect`
 {"metadata":{"emulator":{"name":"dataconnect"},"message":"E0718 09:01:15.467304   17492 load.go:23] Could not load config from \"c:\\\\Dev\\\\focus-bonus-app\\\\dataconnect\": could not find dataconnect.yaml in `c:\\Dev\\focus-bonus-app\\dataconnect`\n"}}
[debug] [2025-07-18T12:01:25.465Z] E0718 09:01:25.464664   17492 load.go:23] Could not load config from "c:\\Dev\\focus-bonus-app\\dataconnect": could not find dataconnect.yaml in `c:\Dev\focus-bonus-app\dataconnect`
 {"metadata":{"emulator":{"name":"dataconnect"},"message":"E0718 09:01:25.464664   17492 load.go:23] Could not load config from \"c:\\\\Dev\\\\focus-bonus-app\\\\dataconnect\": could not find dataconnect.yaml in `c:\\Dev\\focus-bonus-app\\dataconnect`\n"}}
[debug] [2025-07-18T12:01:35.467Z] E0718 09:01:35.466039   17492 load.go:23] Could not load config from "c:\\Dev\\focus-bonus-app\\dataconnect": could not find dataconnect.yaml in `c:\Dev\focus-bonus-app\dataconnect`
 {"metadata":{"emulator":{"name":"dataconnect"},"message":"E0718 09:01:35.466039   17492 load.go:23] Could not load config from \"c:\\\\Dev\\\\focus-bonus-app\\\\dataconnect\": could not find dataconnect.yaml in `c:\\Dev\\focus-bonus-app\\dataconnect`\n"}}
[debug] [2025-07-18T12:01:45.465Z] E0718 09:01:45.465487   17492 load.go:23] Could not load config from "c:\\Dev\\focus-bonus-app\\dataconnect": could not find dataconnect.yaml in `c:\Dev\focus-bonus-app\dataconnect`
 {"metadata":{"emulator":{"name":"dataconnect"},"message":"E0718 09:01:45.465487   17492 load.go:23] Could not load config from \"c:\\\\Dev\\\\focus-bonus-app\\\\dataconnect\": could not find dataconnect.yaml in `c:\\Dev\\focus-bonus-app\\dataconnect`\n"}}
[debug] [2025-07-18T12:01:55.466Z] E0718 09:01:55.465453   17492 load.go:23] Could not load config from "c:\\Dev\\focus-bonus-app\\dataconnect": could not find dataconnect.yaml in `c:\Dev\focus-bonus-app\dataconnect`
 {"metadata":{"emulator":{"name":"dataconnect"},"message":"E0718 09:01:55.465453   17492 load.go:23] Could not load config from \"c:\\\\Dev\\\\focus-bonus-app\\\\dataconnect\": could not find dataconnect.yaml in `c:\\Dev\\focus-bonus-app\\dataconnect`\n"}}
[debug] [2025-07-18T12:02:05.465Z] E0718 09:02:05.464892   17492 load.go:23] Could not load config from "c:\\Dev\\focus-bonus-app\\dataconnect": could not find dataconnect.yaml in `c:\Dev\focus-bonus-app\dataconnect`
 {"metadata":{"emulator":{"name":"dataconnect"},"message":"E0718 09:02:05.464892   17492 load.go:23] Could not load config from \"c:\\\\Dev\\\\focus-bonus-app\\\\dataconnect\": could not find dataconnect.yaml in `c:\\Dev\\focus-bonus-app\\dataconnect`\n"}}
[debug] [2025-07-18T12:02:15.465Z] E0718 09:02:15.464303   17492 load.go:23] Could not load config from "c:\\Dev\\focus-bonus-app\\dataconnect": could not find dataconnect.yaml in `c:\Dev\focus-bonus-app\dataconnect`
 {"metadata":{"emulator":{"name":"dataconnect"},"message":"E0718 09:02:15.464303   17492 load.go:23] Could not load config from \"c:\\\\Dev\\\\focus-bonus-app\\\\dataconnect\": could not find dataconnect.yaml in `c:\\Dev\\focus-bonus-app\\dataconnect`\n"}}
[debug] [2025-07-18T12:02:25.464Z] E0718 09:02:25.464238   17492 load.go:23] Could not load config from "c:\\Dev\\focus-bonus-app\\dataconnect": could not find dataconnect.yaml in `c:\Dev\focus-bonus-app\dataconnect`
E0718 09:02:25.464238   17492 watch.go:76] watchAllDir unable to walk dir `c:\Dev\focus-bonus-app\dataconnect`: on path "c:\\Dev\\focus-bonus-app\\dataconnect" (DirEntry: <nil>): CreateFile c:\Dev\focus-bonus-app\dataconnect: The system cannot find the file specified.
 {"metadata":{"emulator":{"name":"dataconnect"},"message":"E0718 09:02:25.464238   17492 load.go:23] Could not load config from \"c:\\\\Dev\\\\focus-bonus-app\\\\dataconnect\": could not find dataconnect.yaml in `c:\\Dev\\focus-bonus-app\\dataconnect`\nE0718 09:02:25.464238   17492 watch.go:76] watchAllDir unable to walk dir `c:\\Dev\\focus-bonus-app\\dataconnect`: on path \"c:\\\\Dev\\\\focus-bonus-app\\\\dataconnect\" (DirEntry: <nil>): CreateFile c:\\Dev\\focus-bonus-app\\dataconnect: The system cannot find the file specified.\n"}}
[debug] [2025-07-18T12:02:35.465Z] E0718 09:02:35.464630   17492 load.go:23] Could not load config from "c:\\Dev\\focus-bonus-app\\dataconnect": could not find dataconnect.yaml in `c:\Dev\focus-bonus-app\dataconnect`
 {"metadata":{"emulator":{"name":"dataconnect"},"message":"E0718 09:02:35.464630   17492 load.go:23] Could not load config from \"c:\\\\Dev\\\\focus-bonus-app\\\\dataconnect\": could not find dataconnect.yaml in `c:\\Dev\\focus-bonus-app\\dataconnect`\n"}}
[debug] [2025-07-18T12:02:45.465Z] E0718 09:02:45.464390   17492 load.go:23] Could not load config from "c:\\Dev\\focus-bonus-app\\dataconnect": could not find dataconnect.yaml in `c:\Dev\focus-bonus-app\dataconnect`
 {"metadata":{"emulator":{"name":"dataconnect"},"message":"E0718 09:02:45.464390   17492 load.go:23] Could not load config from \"c:\\\\Dev\\\\focus-bonus-app\\\\dataconnect\": could not find dataconnect.yaml in `c:\\Dev\\focus-bonus-app\\dataconnect`\n"}}
[debug] [2025-07-18T12:02:55.464Z] E0718 09:02:55.464445   17492 load.go:23] Could not load config from "c:\\Dev\\focus-bonus-app\\dataconnect": could not find dataconnect.yaml in `c:\Dev\focus-bonus-app\dataconnect`
 {"metadata":{"emulator":{"name":"dataconnect"},"message":"E0718 09:02:55.464445   17492 load.go:23] Could not load config from \"c:\\\\Dev\\\\focus-bonus-app\\\\dataconnect\": could not find dataconnect.yaml in `c:\\Dev\\focus-bonus-app\\dataconnect`\n"}}
[debug] [2025-07-18T12:03:05.465Z] E0718 09:03:05.464631   17492 load.go:23] Could not load config from "c:\\Dev\\focus-bonus-app\\dataconnect": could not find dataconnect.yaml in `c:\Dev\focus-bonus-app\dataconnect`
 {"metadata":{"emulator":{"name":"dataconnect"},"message":"E0718 09:03:05.464631   17492 load.go:23] Could not load config from \"c:\\\\Dev\\\\focus-bonus-app\\\\dataconnect\": could not find dataconnect.yaml in `c:\\Dev\\focus-bonus-app\\dataconnect`\n"}}
[debug] [2025-07-18T12:03:15.465Z] E0718 09:03:15.465183   17492 load.go:23] Could not load config from "c:\\Dev\\focus-bonus-app\\dataconnect": could not find dataconnect.yaml in `c:\Dev\focus-bonus-app\dataconnect`
 {"metadata":{"emulator":{"name":"dataconnect"},"message":"E0718 09:03:15.465183   17492 load.go:23] Could not load config from \"c:\\\\Dev\\\\focus-bonus-app\\\\dataconnect\": could not find dataconnect.yaml in `c:\\Dev\\focus-bonus-app\\dataconnect`\n"}}
[debug] [2025-07-18T12:03:25.465Z] E0718 09:03:25.464757   17492 load.go:23] Could not load config from "c:\\Dev\\focus-bonus-app\\dataconnect": could not find dataconnect.yaml in `c:\Dev\focus-bonus-app\dataconnect`
 {"metadata":{"emulator":{"name":"dataconnect"},"message":"E0718 09:03:25.464757   17492 load.go:23] Could not load config from \"c:\\\\Dev\\\\focus-bonus-app\\\\dataconnect\": could not find dataconnect.yaml in `c:\\Dev\\focus-bonus-app\\dataconnect`\n"}}
[debug] [2025-07-18T12:03:35.467Z] E0718 09:03:35.465642   17492 load.go:23] Could not load config from "c:\\Dev\\focus-bonus-app\\dataconnect": could not find dataconnect.yaml in `c:\Dev\focus-bonus-app\dataconnect`
 {"metadata":{"emulator":{"name":"dataconnect"},"message":"E0718 09:03:35.465642   17492 load.go:23] Could not load config from \"c:\\\\Dev\\\\focus-bonus-app\\\\dataconnect\": could not find dataconnect.yaml in `c:\\Dev\\focus-bonus-app\\dataconnect`\n"}}
[debug] [2025-07-18T12:03:45.466Z] E0718 09:03:45.465460   17492 load.go:23] Could not load config from "c:\\Dev\\focus-bonus-app\\dataconnect": could not find dataconnect.yaml in `c:\Dev\focus-bonus-app\dataconnect`
 {"metadata":{"emulator":{"name":"dataconnect"},"message":"E0718 09:03:45.465460   17492 load.go:23] Could not load config from \"c:\\\\Dev\\\\focus-bonus-app\\\\dataconnect\": could not find dataconnect.yaml in `c:\\Dev\\focus-bonus-app\\dataconnect`\n"}}
[debug] [2025-07-18T12:03:55.465Z] E0718 09:03:55.464419   17492 load.go:23] Could not load config from "c:\\Dev\\focus-bonus-app\\dataconnect": could not find dataconnect.yaml in `c:\Dev\focus-bonus-app\dataconnect`
 {"metadata":{"emulator":{"name":"dataconnect"},"message":"E0718 09:03:55.464419   17492 load.go:23] Could not load config from \"c:\\\\Dev\\\\focus-bonus-app\\\\dataconnect\": could not find dataconnect.yaml in `c:\\Dev\\focus-bonus-app\\dataconnect`\n"}}
[debug] [2025-07-18T12:04:05.465Z] E0718 09:04:05.464287   17492 load.go:23] Could not load config from "c:\\Dev\\focus-bonus-app\\dataconnect": could not find dataconnect.yaml in `c:\Dev\focus-bonus-app\dataconnect`
 {"metadata":{"emulator":{"name":"dataconnect"},"message":"E0718 09:04:05.464287   17492 load.go:23] Could not load config from \"c:\\\\Dev\\\\focus-bonus-app\\\\dataconnect\": could not find dataconnect.yaml in `c:\\Dev\\focus-bonus-app\\dataconnect`\n"}}
[debug] [2025-07-18T12:04:15.465Z] E0718 09:04:15.465558   17492 load.go:23] Could not load config from "c:\\Dev\\focus-bonus-app\\dataconnect": could not find dataconnect.yaml in `c:\Dev\focus-bonus-app\dataconnect`
 {"metadata":{"emulator":{"name":"dataconnect"},"message":"E0718 09:04:15.465558   17492 load.go:23] Could not load config from \"c:\\\\Dev\\\\focus-bonus-app\\\\dataconnect\": could not find dataconnect.yaml in `c:\\Dev\\focus-bonus-app\\dataconnect`\n"}}
[debug] [2025-07-18T12:04:25.466Z] E0718 09:04:25.466145   17492 load.go:23] Could not load config from "c:\\Dev\\focus-bonus-app\\dataconnect": could not find dataconnect.yaml in `c:\Dev\focus-bonus-app\dataconnect`
E0718 09:04:25.466145   17492 watch.go:76] watchAllDir unable to walk dir `c:\Dev\focus-bonus-app\dataconnect`: on path "c:\\Dev\\focus-bonus-app\\dataconnect" (DirEntry: <nil>): CreateFile c:\Dev\focus-bonus-app\dataconnect: The system cannot find the file specified.
 {"metadata":{"emulator":{"name":"dataconnect"},"message":"E0718 09:04:25.466145   17492 load.go:23] Could not load config from \"c:\\\\Dev\\\\focus-bonus-app\\\\dataconnect\": could not find dataconnect.yaml in `c:\\Dev\\focus-bonus-app\\dataconnect`\nE0718 09:04:25.466145   17492 watch.go:76] watchAllDir unable to walk dir `c:\\Dev\\focus-bonus-app\\dataconnect`: on path \"c:\\\\Dev\\\\focus-bonus-app\\\\dataconnect\" (DirEntry: <nil>): CreateFile c:\\Dev\\focus-bonus-app\\dataconnect: The system cannot find the file specified.\n"}}
[debug] [2025-07-18T12:04:35.468Z] E0718 09:04:35.467843   17492 load.go:23] Could not load config from "c:\\Dev\\focus-bonus-app\\dataconnect": could not find dataconnect.yaml in `c:\Dev\focus-bonus-app\dataconnect`
 {"metadata":{"emulator":{"name":"dataconnect"},"message":"E0718 09:04:35.467843   17492 load.go:23] Could not load config from \"c:\\\\Dev\\\\focus-bonus-app\\\\dataconnect\": could not find dataconnect.yaml in `c:\\Dev\\focus-bonus-app\\dataconnect`\n"}}
[debug] [2025-07-18T12:04:45.466Z] E0718 09:04:45.465383   17492 load.go:23] Could not load config from "c:\\Dev\\focus-bonus-app\\dataconnect": could not find dataconnect.yaml in `c:\Dev\focus-bonus-app\dataconnect`
 {"metadata":{"emulator":{"name":"dataconnect"},"message":"E0718 09:04:45.465383   17492 load.go:23] Could not load config from \"c:\\\\Dev\\\\focus-bonus-app\\\\dataconnect\": could not find dataconnect.yaml in `c:\\Dev\\focus-bonus-app\\dataconnect`\n"}}
[debug] [2025-07-18T12:04:55.465Z] E0718 09:04:55.465086   17492 load.go:23] Could not load config from "c:\\Dev\\focus-bonus-app\\dataconnect": could not find dataconnect.yaml in `c:\Dev\focus-bonus-app\dataconnect`
 {"metadata":{"emulator":{"name":"dataconnect"},"message":"E0718 09:04:55.465086   17492 load.go:23] Could not load config from \"c:\\\\Dev\\\\focus-bonus-app\\\\dataconnect\": could not find dataconnect.yaml in `c:\\Dev\\focus-bonus-app\\dataconnect`\n"}}
[debug] [2025-07-18T12:05:05.466Z] E0718 09:05:05.465691   17492 load.go:23] Could not load config from "c:\\Dev\\focus-bonus-app\\dataconnect": could not find dataconnect.yaml in `c:\Dev\focus-bonus-app\dataconnect`
 {"metadata":{"emulator":{"name":"dataconnect"},"message":"E0718 09:05:05.465691   17492 load.go:23] Could not load config from \"c:\\\\Dev\\\\focus-bonus-app\\\\dataconnect\": could not find dataconnect.yaml in `c:\\Dev\\focus-bonus-app\\dataconnect`\n"}}
[debug] [2025-07-18T12:05:15.465Z] E0718 09:05:15.464663   17492 load.go:23] Could not load config from "c:\\Dev\\focus-bonus-app\\dataconnect": could not find dataconnect.yaml in `c:\Dev\focus-bonus-app\dataconnect`
 {"metadata":{"emulator":{"name":"dataconnect"},"message":"E0718 09:05:15.464663   17492 load.go:23] Could not load config from \"c:\\\\Dev\\\\focus-bonus-app\\\\dataconnect\": could not find dataconnect.yaml in `c:\\Dev\\focus-bonus-app\\dataconnect`\n"}}
[debug] [2025-07-18T12:05:25.465Z] E0718 09:05:25.464341   17492 load.go:23] Could not load config from "c:\\Dev\\focus-bonus-app\\dataconnect": could not find dataconnect.yaml in `c:\Dev\focus-bonus-app\dataconnect`
 {"metadata":{"emulator":{"name":"dataconnect"},"message":"E0718 09:05:25.464341   17492 load.go:23] Could not load config from \"c:\\\\Dev\\\\focus-bonus-app\\\\dataconnect\": could not find dataconnect.yaml in `c:\\Dev\\focus-bonus-app\\dataconnect`\n"}}
[debug] [2025-07-18T12:05:35.466Z] E0718 09:05:35.465572   17492 load.go:23] Could not load config from "c:\\Dev\\focus-bonus-app\\dataconnect": could not find dataconnect.yaml in `c:\Dev\focus-bonus-app\dataconnect`
 {"metadata":{"emulator":{"name":"dataconnect"},"message":"E0718 09:05:35.465572   17492 load.go:23] Could not load config from \"c:\\\\Dev\\\\focus-bonus-app\\\\dataconnect\": could not find dataconnect.yaml in `c:\\Dev\\focus-bonus-app\\dataconnect`\n"}}
[debug] [2025-07-18T12:05:45.466Z] E0718 09:05:45.466078   17492 load.go:23] Could not load config from "c:\\Dev\\focus-bonus-app\\dataconnect": could not find dataconnect.yaml in `c:\Dev\focus-bonus-app\dataconnect`
 {"metadata":{"emulator":{"name":"dataconnect"},"message":"E0718 09:05:45.466078   17492 load.go:23] Could not load config from \"c:\\\\Dev\\\\focus-bonus-app\\\\dataconnect\": could not find dataconnect.yaml in `c:\\Dev\\focus-bonus-app\\dataconnect`\n"}}
[debug] [2025-07-18T12:05:55.465Z] E0718 09:05:55.464473   17492 load.go:23] Could not load config from "c:\\Dev\\focus-bonus-app\\dataconnect": could not find dataconnect.yaml in `c:\Dev\focus-bonus-app\dataconnect`
 {"metadata":{"emulator":{"name":"dataconnect"},"message":"E0718 09:05:55.464473   17492 load.go:23] Could not load config from \"c:\\\\Dev\\\\focus-bonus-app\\\\dataconnect\": could not find dataconnect.yaml in `c:\\Dev\\focus-bonus-app\\dataconnect`\n"}}
[debug] [2025-07-18T12:06:05.466Z] E0718 09:06:05.464539   17492 load.go:23] Could not load config from "c:\\Dev\\focus-bonus-app\\dataconnect": could not find dataconnect.yaml in `c:\Dev\focus-bonus-app\dataconnect`
 {"metadata":{"emulator":{"name":"dataconnect"},"message":"E0718 09:06:05.464539   17492 load.go:23] Could not load config from \"c:\\\\Dev\\\\focus-bonus-app\\\\dataconnect\": could not find dataconnect.yaml in `c:\\Dev\\focus-bonus-app\\dataconnect`\n"}}
[debug] [2025-07-18T12:06:15.465Z] E0718 09:06:15.464399   17492 load.go:23] Could not load config from "c:\\Dev\\focus-bonus-app\\dataconnect": could not find dataconnect.yaml in `c:\Dev\focus-bonus-app\dataconnect`
 {"metadata":{"emulator":{"name":"dataconnect"},"message":"E0718 09:06:15.464399   17492 load.go:23] Could not load config from \"c:\\\\Dev\\\\focus-bonus-app\\\\dataconnect\": could not find dataconnect.yaml in `c:\\Dev\\focus-bonus-app\\dataconnect`\n"}}
[debug] [2025-07-18T12:06:25.466Z] E0718 09:06:25.465880   17492 load.go:23] Could not load config from "c:\\Dev\\focus-bonus-app\\dataconnect": could not find dataconnect.yaml in `c:\Dev\focus-bonus-app\dataconnect`
E0718 09:06:25.466452   17492 watch.go:76] watchAllDir unable to walk dir `c:\Dev\focus-bonus-app\dataconnect`: on path "c:\\Dev\\focus-bonus-app\\dataconnect" (DirEntry: <nil>): CreateFile c:\Dev\focus-bonus-app\dataconnect: The system cannot find the file specified.
 {"metadata":{"emulator":{"name":"dataconnect"},"message":"E0718 09:06:25.465880   17492 load.go:23] Could not load config from \"c:\\\\Dev\\\\focus-bonus-app\\\\dataconnect\": could not find dataconnect.yaml in `c:\\Dev\\focus-bonus-app\\dataconnect`\nE0718 09:06:25.466452   17492 watch.go:76] watchAllDir unable to walk dir `c:\\Dev\\focus-bonus-app\\dataconnect`: on path \"c:\\\\Dev\\\\focus-bonus-app\\\\dataconnect\" (DirEntry: <nil>): CreateFile c:\\Dev\\focus-bonus-app\\dataconnect: The system cannot find the file specified.\n"}}
[debug] [2025-07-18T12:06:35.465Z] E0718 09:06:35.464767   17492 load.go:23] Could not load config from "c:\\Dev\\focus-bonus-app\\dataconnect": could not find dataconnect.yaml in `c:\Dev\focus-bonus-app\dataconnect`
 {"metadata":{"emulator":{"name":"dataconnect"},"message":"E0718 09:06:35.464767   17492 load.go:23] Could not load config from \"c:\\\\Dev\\\\focus-bonus-app\\\\dataconnect\": could not find dataconnect.yaml in `c:\\Dev\\focus-bonus-app\\dataconnect`\n"}}
[debug] [2025-07-18T12:06:45.466Z] E0718 09:06:45.465145   17492 load.go:23] Could not load config from "c:\\Dev\\focus-bonus-app\\dataconnect": could not find dataconnect.yaml in `c:\Dev\focus-bonus-app\dataconnect`
 {"metadata":{"emulator":{"name":"dataconnect"},"message":"E0718 09:06:45.465145   17492 load.go:23] Could not load config from \"c:\\\\Dev\\\\focus-bonus-app\\\\dataconnect\": could not find dataconnect.yaml in `c:\\Dev\\focus-bonus-app\\dataconnect`\n"}}
[debug] [2025-07-18T12:06:55.466Z] E0718 09:06:55.465896   17492 load.go:23] Could not load config from "c:\\Dev\\focus-bonus-app\\dataconnect": could not find dataconnect.yaml in `c:\Dev\focus-bonus-app\dataconnect`
 {"metadata":{"emulator":{"name":"dataconnect"},"message":"E0718 09:06:55.465896   17492 load.go:23] Could not load config from \"c:\\\\Dev\\\\focus-bonus-app\\\\dataconnect\": could not find dataconnect.yaml in `c:\\Dev\\focus-bonus-app\\dataconnect`\n"}}
[debug] [2025-07-18T12:07:05.464Z] E0718 09:07:05.464809   17492 load.go:23] Could not load config from "c:\\Dev\\focus-bonus-app\\dataconnect": could not find dataconnect.yaml in `c:\Dev\focus-bonus-app\dataconnect`
 {"metadata":{"emulator":{"name":"dataconnect"},"message":"E0718 09:07:05.464809   17492 load.go:23] Could not load config from \"c:\\\\Dev\\\\focus-bonus-app\\\\dataconnect\": could not find dataconnect.yaml in `c:\\Dev\\focus-bonus-app\\dataconnect`\n"}}
[debug] [2025-07-18T12:07:15.465Z] E0718 09:07:15.464672   17492 load.go:23] Could not load config from "c:\\Dev\\focus-bonus-app\\dataconnect": could not find dataconnect.yaml in `c:\Dev\focus-bonus-app\dataconnect`
 {"metadata":{"emulator":{"name":"dataconnect"},"message":"E0718 09:07:15.464672   17492 load.go:23] Could not load config from \"c:\\\\Dev\\\\focus-bonus-app\\\\dataconnect\": could not find dataconnect.yaml in `c:\\Dev\\focus-bonus-app\\dataconnect`\n"}}
[debug] [2025-07-18T12:07:25.464Z] E0718 09:07:25.464248   17492 load.go:23] Could not load config from "c:\\Dev\\focus-bonus-app\\dataconnect": could not find dataconnect.yaml in `c:\Dev\focus-bonus-app\dataconnect`
 {"metadata":{"emulator":{"name":"dataconnect"},"message":"E0718 09:07:25.464248   17492 load.go:23] Could not load config from \"c:\\\\Dev\\\\focus-bonus-app\\\\dataconnect\": could not find dataconnect.yaml in `c:\\Dev\\focus-bonus-app\\dataconnect`\n"}}
[debug] [2025-07-18T12:07:35.465Z] E0718 09:07:35.465426   17492 load.go:23] Could not load config from "c:\\Dev\\focus-bonus-app\\dataconnect": could not find dataconnect.yaml in `c:\Dev\focus-bonus-app\dataconnect`
 {"metadata":{"emulator":{"name":"dataconnect"},"message":"E0718 09:07:35.465426   17492 load.go:23] Could not load config from \"c:\\\\Dev\\\\focus-bonus-app\\\\dataconnect\": could not find dataconnect.yaml in `c:\\Dev\\focus-bonus-app\\dataconnect`\n"}}
[debug] [2025-07-18T12:07:45.465Z] E0718 09:07:45.465248   17492 load.go:23] Could not load config from "c:\\Dev\\focus-bonus-app\\dataconnect": could not find dataconnect.yaml in `c:\Dev\focus-bonus-app\dataconnect`
 {"metadata":{"emulator":{"name":"dataconnect"},"message":"E0718 09:07:45.465248   17492 load.go:23] Could not load config from \"c:\\\\Dev\\\\focus-bonus-app\\\\dataconnect\": could not find dataconnect.yaml in `c:\\Dev\\focus-bonus-app\\dataconnect`\n"}}
[debug] [2025-07-18T12:07:55.465Z] E0718 09:07:55.464608   17492 load.go:23] Could not load config from "c:\\Dev\\focus-bonus-app\\dataconnect": could not find dataconnect.yaml in `c:\Dev\focus-bonus-app\dataconnect`
 {"metadata":{"emulator":{"name":"dataconnect"},"message":"E0718 09:07:55.464608   17492 load.go:23] Could not load config from \"c:\\\\Dev\\\\focus-bonus-app\\\\dataconnect\": could not find dataconnect.yaml in `c:\\Dev\\focus-bonus-app\\dataconnect`\n"}}
[debug] [2025-07-18T12:08:05.465Z] E0718 09:08:05.464545   17492 load.go:23] Could not load config from "c:\\Dev\\focus-bonus-app\\dataconnect": could not find dataconnect.yaml in `c:\Dev\focus-bonus-app\dataconnect`
 {"metadata":{"emulator":{"name":"dataconnect"},"message":"E0718 09:08:05.464545   17492 load.go:23] Could not load config from \"c:\\\\Dev\\\\focus-bonus-app\\\\dataconnect\": could not find dataconnect.yaml in `c:\\Dev\\focus-bonus-app\\dataconnect`\n"}}
[debug] [2025-07-18T12:08:15.464Z] E0718 09:08:15.464533   17492 load.go:23] Could not load config from "c:\\Dev\\focus-bonus-app\\dataconnect": could not find dataconnect.yaml in `c:\Dev\focus-bonus-app\dataconnect`
 {"metadata":{"emulator":{"name":"dataconnect"},"message":"E0718 09:08:15.464533   17492 load.go:23] Could not load config from \"c:\\\\Dev\\\\focus-bonus-app\\\\dataconnect\": could not find dataconnect.yaml in `c:\\Dev\\focus-bonus-app\\dataconnect`\n"}}
[debug] [2025-07-18T12:08:25.465Z] E0718 09:08:25.465551   17492 load.go:23] Could not load config from "c:\\Dev\\focus-bonus-app\\dataconnect": could not find dataconnect.yaml in `c:\Dev\focus-bonus-app\dataconnect`
E0718 09:08:25.465551   17492 watch.go:76] watchAllDir unable to walk dir `c:\Dev\focus-bonus-app\dataconnect`: on path "c:\\Dev\\focus-bonus-app\\dataconnect" (DirEntry: <nil>): CreateFile c:\Dev\focus-bonus-app\dataconnect: The system cannot find the file specified.
 {"metadata":{"emulator":{"name":"dataconnect"},"message":"E0718 09:08:25.465551   17492 load.go:23] Could not load config from \"c:\\\\Dev\\\\focus-bonus-app\\\\dataconnect\": could not find dataconnect.yaml in `c:\\Dev\\focus-bonus-app\\dataconnect`\nE0718 09:08:25.465551   17492 watch.go:76] watchAllDir unable to walk dir `c:\\Dev\\focus-bonus-app\\dataconnect`: on path \"c:\\\\Dev\\\\focus-bonus-app\\\\dataconnect\" (DirEntry: <nil>): CreateFile c:\\Dev\\focus-bonus-app\\dataconnect: The system cannot find the file specified.\n"}}
[debug] [2025-07-18T12:08:35.465Z] E0718 09:08:35.464805   17492 load.go:23] Could not load config from "c:\\Dev\\focus-bonus-app\\dataconnect": could not find dataconnect.yaml in `c:\Dev\focus-bonus-app\dataconnect`
 {"metadata":{"emulator":{"name":"dataconnect"},"message":"E0718 09:08:35.464805   17492 load.go:23] Could not load config from \"c:\\\\Dev\\\\focus-bonus-app\\\\dataconnect\": could not find dataconnect.yaml in `c:\\Dev\\focus-bonus-app\\dataconnect`\n"}}
[debug] [2025-07-18T12:08:45.464Z] E0718 09:08:45.464565   17492 load.go:23] Could not load config from "c:\\Dev\\focus-bonus-app\\dataconnect": could not find dataconnect.yaml in `c:\Dev\focus-bonus-app\dataconnect`
 {"metadata":{"emulator":{"name":"dataconnect"},"message":"E0718 09:08:45.464565   17492 load.go:23] Could not load config from \"c:\\\\Dev\\\\focus-bonus-app\\\\dataconnect\": could not find dataconnect.yaml in `c:\\Dev\\focus-bonus-app\\dataconnect`\n"}}
[debug] [2025-07-18T12:08:55.465Z] E0718 09:08:55.465238   17492 load.go:23] Could not load config from "c:\\Dev\\focus-bonus-app\\dataconnect": could not find dataconnect.yaml in `c:\Dev\focus-bonus-app\dataconnect`
 {"metadata":{"emulator":{"name":"dataconnect"},"message":"E0718 09:08:55.465238   17492 load.go:23] Could not load config from \"c:\\\\Dev\\\\focus-bonus-app\\\\dataconnect\": could not find dataconnect.yaml in `c:\\Dev\\focus-bonus-app\\dataconnect`\n"}}
[debug] [2025-07-18T12:09:05.465Z] E0718 09:09:05.464917   17492 load.go:23] Could not load config from "c:\\Dev\\focus-bonus-app\\dataconnect": could not find dataconnect.yaml in `c:\Dev\focus-bonus-app\dataconnect`
 {"metadata":{"emulator":{"name":"dataconnect"},"message":"E0718 09:09:05.464917   17492 load.go:23] Could not load config from \"c:\\\\Dev\\\\focus-bonus-app\\\\dataconnect\": could not find dataconnect.yaml in `c:\\Dev\\focus-bonus-app\\dataconnect`\n"}}
[debug] [2025-07-18T12:09:15.465Z] E0718 09:09:15.465492   17492 load.go:23] Could not load config from "c:\\Dev\\focus-bonus-app\\dataconnect": could not find dataconnect.yaml in `c:\Dev\focus-bonus-app\dataconnect`
 {"metadata":{"emulator":{"name":"dataconnect"},"message":"E0718 09:09:15.465492   17492 load.go:23] Could not load config from \"c:\\\\Dev\\\\focus-bonus-app\\\\dataconnect\": could not find dataconnect.yaml in `c:\\Dev\\focus-bonus-app\\dataconnect`\n"}}
[debug] [2025-07-18T12:09:25.465Z] E0718 09:09:25.464490   17492 load.go:23] Could not load config from "c:\\Dev\\focus-bonus-app\\dataconnect": could not find dataconnect.yaml in `c:\Dev\focus-bonus-app\dataconnect`
 {"metadata":{"emulator":{"name":"dataconnect"},"message":"E0718 09:09:25.464490   17492 load.go:23] Could not load config from \"c:\\\\Dev\\\\focus-bonus-app\\\\dataconnect\": could not find dataconnect.yaml in `c:\\Dev\\focus-bonus-app\\dataconnect`\n"}}
[debug] [2025-07-18T12:09:35.465Z] E0718 09:09:35.464833   17492 load.go:23] Could not load config from "c:\\Dev\\focus-bonus-app\\dataconnect": could not find dataconnect.yaml in `c:\Dev\focus-bonus-app\dataconnect`
 {"metadata":{"emulator":{"name":"dataconnect"},"message":"E0718 09:09:35.464833   17492 load.go:23] Could not load config from \"c:\\\\Dev\\\\focus-bonus-app\\\\dataconnect\": could not find dataconnect.yaml in `c:\\Dev\\focus-bonus-app\\dataconnect`\n"}}
[debug] [2025-07-18T12:09:45.464Z] E0718 09:09:45.464440   17492 load.go:23] Could not load config from "c:\\Dev\\focus-bonus-app\\dataconnect": could not find dataconnect.yaml in `c:\Dev\focus-bonus-app\dataconnect`
 {"metadata":{"emulator":{"name":"dataconnect"},"message":"E0718 09:09:45.464440   17492 load.go:23] Could not load config from \"c:\\\\Dev\\\\focus-bonus-app\\\\dataconnect\": could not find dataconnect.yaml in `c:\\Dev\\focus-bonus-app\\dataconnect`\n"}}
[debug] [2025-07-18T12:09:55.465Z] E0718 09:09:55.465222   17492 load.go:23] Could not load config from "c:\\Dev\\focus-bonus-app\\dataconnect": could not find dataconnect.yaml in `c:\Dev\focus-bonus-app\dataconnect`
 {"metadata":{"emulator":{"name":"dataconnect"},"message":"E0718 09:09:55.465222   17492 load.go:23] Could not load config from \"c:\\\\Dev\\\\focus-bonus-app\\\\dataconnect\": could not find dataconnect.yaml in `c:\\Dev\\focus-bonus-app\\dataconnect`\n"}}
[debug] [2025-07-18T12:10:05.465Z] E0718 09:10:05.464417   17492 load.go:23] Could not load config from "c:\\Dev\\focus-bonus-app\\dataconnect": could not find dataconnect.yaml in `c:\Dev\focus-bonus-app\dataconnect`
 {"metadata":{"emulator":{"name":"dataconnect"},"message":"E0718 09:10:05.464417   17492 load.go:23] Could not load config from \"c:\\\\Dev\\\\focus-bonus-app\\\\dataconnect\": could not find dataconnect.yaml in `c:\\Dev\\focus-bonus-app\\dataconnect`\n"}}
[debug] [2025-07-18T12:10:15.465Z] E0718 09:10:15.464597   17492 load.go:23] Could not load config from "c:\\Dev\\focus-bonus-app\\dataconnect": could not find dataconnect.yaml in `c:\Dev\focus-bonus-app\dataconnect`
 {"metadata":{"emulator":{"name":"dataconnect"},"message":"E0718 09:10:15.464597   17492 load.go:23] Could not load config from \"c:\\\\Dev\\\\focus-bonus-app\\\\dataconnect\": could not find dataconnect.yaml in `c:\\Dev\\focus-bonus-app\\dataconnect`\n"}}
[debug] [2025-07-18T12:10:25.464Z] E0718 09:10:25.464302   17492 load.go:23] Could not load config from "c:\\Dev\\focus-bonus-app\\dataconnect": could not find dataconnect.yaml in `c:\Dev\focus-bonus-app\dataconnect`
E0718 09:10:25.464302   17492 watch.go:76] watchAllDir unable to walk dir `c:\Dev\focus-bonus-app\dataconnect`: on path "c:\\Dev\\focus-bonus-app\\dataconnect" (DirEntry: <nil>): CreateFile c:\Dev\focus-bonus-app\dataconnect: The system cannot find the file specified.
 {"metadata":{"emulator":{"name":"dataconnect"},"message":"E0718 09:10:25.464302   17492 load.go:23] Could not load config from \"c:\\\\Dev\\\\focus-bonus-app\\\\dataconnect\": could not find dataconnect.yaml in `c:\\Dev\\focus-bonus-app\\dataconnect`\nE0718 09:10:25.464302   17492 watch.go:76] watchAllDir unable to walk dir `c:\\Dev\\focus-bonus-app\\dataconnect`: on path \"c:\\\\Dev\\\\focus-bonus-app\\\\dataconnect\" (DirEntry: <nil>): CreateFile c:\\Dev\\focus-bonus-app\\dataconnect: The system cannot find the file specified.\n"}}
[debug] [2025-07-18T12:10:35.465Z] E0718 09:10:35.465168   17492 load.go:23] Could not load config from "c:\\Dev\\focus-bonus-app\\dataconnect": could not find dataconnect.yaml in `c:\Dev\focus-bonus-app\dataconnect`
 {"metadata":{"emulator":{"name":"dataconnect"},"message":"E0718 09:10:35.465168   17492 load.go:23] Could not load config from \"c:\\\\Dev\\\\focus-bonus-app\\\\dataconnect\": could not find dataconnect.yaml in `c:\\Dev\\focus-bonus-app\\dataconnect`\n"}}
[debug] [2025-07-18T12:10:45.467Z] E0718 09:10:45.466431   17492 load.go:23] Could not load config from "c:\\Dev\\focus-bonus-app\\dataconnect": could not find dataconnect.yaml in `c:\Dev\focus-bonus-app\dataconnect`
 {"metadata":{"emulator":{"name":"dataconnect"},"message":"E0718 09:10:45.466431   17492 load.go:23] Could not load config from \"c:\\\\Dev\\\\focus-bonus-app\\\\dataconnect\": could not find dataconnect.yaml in `c:\\Dev\\focus-bonus-app\\dataconnect`\n"}}
[debug] [2025-07-18T12:10:55.465Z] E0718 09:10:55.465191   17492 load.go:23] Could not load config from "c:\\Dev\\focus-bonus-app\\dataconnect": could not find dataconnect.yaml in `c:\Dev\focus-bonus-app\dataconnect`
 {"metadata":{"emulator":{"name":"dataconnect"},"message":"E0718 09:10:55.465191   17492 load.go:23] Could not load config from \"c:\\\\Dev\\\\focus-bonus-app\\\\dataconnect\": could not find dataconnect.yaml in `c:\\Dev\\focus-bonus-app\\dataconnect`\n"}}
[debug] [2025-07-18T12:11:05.465Z] E0718 09:11:05.464455   17492 load.go:23] Could not load config from "c:\\Dev\\focus-bonus-app\\dataconnect": could not find dataconnect.yaml in `c:\Dev\focus-bonus-app\dataconnect`
 {"metadata":{"emulator":{"name":"dataconnect"},"message":"E0718 09:11:05.464455   17492 load.go:23] Could not load config from \"c:\\\\Dev\\\\focus-bonus-app\\\\dataconnect\": could not find dataconnect.yaml in `c:\\Dev\\focus-bonus-app\\dataconnect`\n"}}
[debug] [2025-07-18T12:11:15.466Z] E0718 09:11:15.465654   17492 load.go:23] Could not load config from "c:\\Dev\\focus-bonus-app\\dataconnect": could not find dataconnect.yaml in `c:\Dev\focus-bonus-app\dataconnect`
 {"metadata":{"emulator":{"name":"dataconnect"},"message":"E0718 09:11:15.465654   17492 load.go:23] Could not load config from \"c:\\\\Dev\\\\focus-bonus-app\\\\dataconnect\": could not find dataconnect.yaml in `c:\\Dev\\focus-bonus-app\\dataconnect`\n"}}
[debug] [2025-07-18T12:11:25.465Z] E0718 09:11:25.465138   17492 load.go:23] Could not load config from "c:\\Dev\\focus-bonus-app\\dataconnect": could not find dataconnect.yaml in `c:\Dev\focus-bonus-app\dataconnect`
 {"metadata":{"emulator":{"name":"dataconnect"},"message":"E0718 09:11:25.465138   17492 load.go:23] Could not load config from \"c:\\\\Dev\\\\focus-bonus-app\\\\dataconnect\": could not find dataconnect.yaml in `c:\\Dev\\focus-bonus-app\\dataconnect`\n"}}
[debug] [2025-07-18T12:11:35.466Z] E0718 09:11:35.465522   17492 load.go:23] Could not load config from "c:\\Dev\\focus-bonus-app\\dataconnect": could not find dataconnect.yaml in `c:\Dev\focus-bonus-app\dataconnect`
 {"metadata":{"emulator":{"name":"dataconnect"},"message":"E0718 09:11:35.465522   17492 load.go:23] Could not load config from \"c:\\\\Dev\\\\focus-bonus-app\\\\dataconnect\": could not find dataconnect.yaml in `c:\\Dev\\focus-bonus-app\\dataconnect`\n"}}
[debug] [2025-07-18T12:11:45.466Z] E0718 09:11:45.465271   17492 load.go:23] Could not load config from "c:\\Dev\\focus-bonus-app\\dataconnect": could not find dataconnect.yaml in `c:\Dev\focus-bonus-app\dataconnect`
 {"metadata":{"emulator":{"name":"dataconnect"},"message":"E0718 09:11:45.465271   17492 load.go:23] Could not load config from \"c:\\\\Dev\\\\focus-bonus-app\\\\dataconnect\": could not find dataconnect.yaml in `c:\\Dev\\focus-bonus-app\\dataconnect`\n"}}
[debug] [2025-07-18T12:11:55.466Z] E0718 09:11:55.465211   17492 load.go:23] Could not load config from "c:\\Dev\\focus-bonus-app\\dataconnect": could not find dataconnect.yaml in `c:\Dev\focus-bonus-app\dataconnect`
 {"metadata":{"emulator":{"name":"dataconnect"},"message":"E0718 09:11:55.465211   17492 load.go:23] Could not load config from \"c:\\\\Dev\\\\focus-bonus-app\\\\dataconnect\": could not find dataconnect.yaml in `c:\\Dev\\focus-bonus-app\\dataconnect`\n"}}
[debug] [2025-07-18T12:12:05.465Z] E0718 09:12:05.464855   17492 load.go:23] Could not load config from "c:\\Dev\\focus-bonus-app\\dataconnect": could not find dataconnect.yaml in `c:\Dev\focus-bonus-app\dataconnect`
 {"metadata":{"emulator":{"name":"dataconnect"},"message":"E0718 09:12:05.464855   17492 load.go:23] Could not load config from \"c:\\\\Dev\\\\focus-bonus-app\\\\dataconnect\": could not find dataconnect.yaml in `c:\\Dev\\focus-bonus-app\\dataconnect`\n"}}
[debug] [2025-07-18T12:12:15.469Z] E0718 09:12:15.464600   17492 load.go:23] Could not load config from "c:\\Dev\\focus-bonus-app\\dataconnect": could not find dataconnect.yaml in `c:\Dev\focus-bonus-app\dataconnect`
 {"metadata":{"emulator":{"name":"dataconnect"},"message":"E0718 09:12:15.464600   17492 load.go:23] Could not load config from \"c:\\\\Dev\\\\focus-bonus-app\\\\dataconnect\": could not find dataconnect.yaml in `c:\\Dev\\focus-bonus-app\\dataconnect`\n"}}
[debug] [2025-07-18T12:12:25.467Z] E0718 09:12:25.465868   17492 load.go:23] Could not load config from "c:\\Dev\\focus-bonus-app\\dataconnect": could not find dataconnect.yaml in `c:\Dev\focus-bonus-app\dataconnect`
E0718 09:12:25.466475   17492 watch.go:76] watchAllDir unable to walk dir `c:\Dev\focus-bonus-app\dataconnect`: on path "c:\\Dev\\focus-bonus-app\\dataconnect" (DirEntry: <nil>): CreateFile c:\Dev\focus-bonus-app\dataconnect: The system cannot find the file specified.
 {"metadata":{"emulator":{"name":"dataconnect"},"message":"E0718 09:12:25.465868   17492 load.go:23] Could not load config from \"c:\\\\Dev\\\\focus-bonus-app\\\\dataconnect\": could not find dataconnect.yaml in `c:\\Dev\\focus-bonus-app\\dataconnect`\nE0718 09:12:25.466475   17492 watch.go:76] watchAllDir unable to walk dir `c:\\Dev\\focus-bonus-app\\dataconnect`: on path \"c:\\\\Dev\\\\focus-bonus-app\\\\dataconnect\" (DirEntry: <nil>): CreateFile c:\\Dev\\focus-bonus-app\\dataconnect: The system cannot find the file specified.\n"}}
[debug] [2025-07-18T12:12:35.468Z] E0718 09:12:35.467831   17492 load.go:23] Could not load config from "c:\\Dev\\focus-bonus-app\\dataconnect": could not find dataconnect.yaml in `c:\Dev\focus-bonus-app\dataconnect`
 {"metadata":{"emulator":{"name":"dataconnect"},"message":"E0718 09:12:35.467831   17492 load.go:23] Could not load config from \"c:\\\\Dev\\\\focus-bonus-app\\\\dataconnect\": could not find dataconnect.yaml in `c:\\Dev\\focus-bonus-app\\dataconnect`\n"}}
[debug] [2025-07-18T12:12:45.465Z] E0718 09:12:45.464693   17492 load.go:23] Could not load config from "c:\\Dev\\focus-bonus-app\\dataconnect": could not find dataconnect.yaml in `c:\Dev\focus-bonus-app\dataconnect`
 {"metadata":{"emulator":{"name":"dataconnect"},"message":"E0718 09:12:45.464693   17492 load.go:23] Could not load config from \"c:\\\\Dev\\\\focus-bonus-app\\\\dataconnect\": could not find dataconnect.yaml in `c:\\Dev\\focus-bonus-app\\dataconnect`\n"}}
[debug] [2025-07-18T12:12:55.464Z] E0718 09:12:55.464507   17492 load.go:23] Could not load config from "c:\\Dev\\focus-bonus-app\\dataconnect": could not find dataconnect.yaml in `c:\Dev\focus-bonus-app\dataconnect`
 {"metadata":{"emulator":{"name":"dataconnect"},"message":"E0718 09:12:55.464507   17492 load.go:23] Could not load config from \"c:\\\\Dev\\\\focus-bonus-app\\\\dataconnect\": could not find dataconnect.yaml in `c:\\Dev\\focus-bonus-app\\dataconnect`\n"}}
[debug] [2025-07-18T12:13:05.465Z] E0718 09:13:05.464957   17492 load.go:23] Could not load config from "c:\\Dev\\focus-bonus-app\\dataconnect": could not find dataconnect.yaml in `c:\Dev\focus-bonus-app\dataconnect`
 {"metadata":{"emulator":{"name":"dataconnect"},"message":"E0718 09:13:05.464957   17492 load.go:23] Could not load config from \"c:\\\\Dev\\\\focus-bonus-app\\\\dataconnect\": could not find dataconnect.yaml in `c:\\Dev\\focus-bonus-app\\dataconnect`\n"}}
[debug] [2025-07-18T12:13:15.465Z] E0718 09:13:15.465394   17492 load.go:23] Could not load config from "c:\\Dev\\focus-bonus-app\\dataconnect": could not find dataconnect.yaml in `c:\Dev\focus-bonus-app\dataconnect`
 {"metadata":{"emulator":{"name":"dataconnect"},"message":"E0718 09:13:15.465394   17492 load.go:23] Could not load config from \"c:\\\\Dev\\\\focus-bonus-app\\\\dataconnect\": could not find dataconnect.yaml in `c:\\Dev\\focus-bonus-app\\dataconnect`\n"}}
[debug] [2025-07-18T12:13:25.464Z] E0718 09:13:25.464477   17492 load.go:23] Could not load config from "c:\\Dev\\focus-bonus-app\\dataconnect": could not find dataconnect.yaml in `c:\Dev\focus-bonus-app\dataconnect`
 {"metadata":{"emulator":{"name":"dataconnect"},"message":"E0718 09:13:25.464477   17492 load.go:23] Could not load config from \"c:\\\\Dev\\\\focus-bonus-app\\\\dataconnect\": could not find dataconnect.yaml in `c:\\Dev\\focus-bonus-app\\dataconnect`\n"}}
[debug] [2025-07-18T12:13:35.466Z] E0718 09:13:35.465422   17492 load.go:23] Could not load config from "c:\\Dev\\focus-bonus-app\\dataconnect": could not find dataconnect.yaml in `c:\Dev\focus-bonus-app\dataconnect`
 {"metadata":{"emulator":{"name":"dataconnect"},"message":"E0718 09:13:35.465422   17492 load.go:23] Could not load config from \"c:\\\\Dev\\\\focus-bonus-app\\\\dataconnect\": could not find dataconnect.yaml in `c:\\Dev\\focus-bonus-app\\dataconnect`\n"}}
[debug] [2025-07-18T12:13:45.465Z] E0718 09:13:45.465038   17492 load.go:23] Could not load config from "c:\\Dev\\focus-bonus-app\\dataconnect": could not find dataconnect.yaml in `c:\Dev\focus-bonus-app\dataconnect`
 {"metadata":{"emulator":{"name":"dataconnect"},"message":"E0718 09:13:45.465038   17492 load.go:23] Could not load config from \"c:\\\\Dev\\\\focus-bonus-app\\\\dataconnect\": could not find dataconnect.yaml in `c:\\Dev\\focus-bonus-app\\dataconnect`\n"}}
[debug] [2025-07-18T12:13:55.466Z] E0718 09:13:55.466416   17492 load.go:23] Could not load config from "c:\\Dev\\focus-bonus-app\\dataconnect": could not find dataconnect.yaml in `c:\Dev\focus-bonus-app\dataconnect`
 {"metadata":{"emulator":{"name":"dataconnect"},"message":"E0718 09:13:55.466416   17492 load.go:23] Could not load config from \"c:\\\\Dev\\\\focus-bonus-app\\\\dataconnect\": could not find dataconnect.yaml in `c:\\Dev\\focus-bonus-app\\dataconnect`\n"}}
[debug] [2025-07-18T12:14:05.466Z] E0718 09:14:05.466191   17492 load.go:23] Could not load config from "c:\\Dev\\focus-bonus-app\\dataconnect": could not find dataconnect.yaml in `c:\Dev\focus-bonus-app\dataconnect`
 {"metadata":{"emulator":{"name":"dataconnect"},"message":"E0718 09:14:05.466191   17492 load.go:23] Could not load config from \"c:\\\\Dev\\\\focus-bonus-app\\\\dataconnect\": could not find dataconnect.yaml in `c:\\Dev\\focus-bonus-app\\dataconnect`\n"}}
[debug] [2025-07-18T12:14:15.465Z] E0718 09:14:15.465468   17492 load.go:23] Could not load config from "c:\\Dev\\focus-bonus-app\\dataconnect": could not find dataconnect.yaml in `c:\Dev\focus-bonus-app\dataconnect`
 {"metadata":{"emulator":{"name":"dataconnect"},"message":"E0718 09:14:15.465468   17492 load.go:23] Could not load config from \"c:\\\\Dev\\\\focus-bonus-app\\\\dataconnect\": could not find dataconnect.yaml in `c:\\Dev\\focus-bonus-app\\dataconnect`\n"}}
[debug] [2025-07-18T12:14:25.466Z] E0718 09:14:25.465275   17492 load.go:23] Could not load config from "c:\\Dev\\focus-bonus-app\\dataconnect": could not find dataconnect.yaml in `c:\Dev\focus-bonus-app\dataconnect`
E0718 09:14:25.465794   17492 watch.go:76] watchAllDir unable to walk dir `c:\Dev\focus-bonus-app\dataconnect`: on path "c:\\Dev\\focus-bonus-app\\dataconnect" (DirEntry: <nil>): CreateFile c:\Dev\focus-bonus-app\dataconnect: The system cannot find the file specified.
 {"metadata":{"emulator":{"name":"dataconnect"},"message":"E0718 09:14:25.465275   17492 load.go:23] Could not load config from \"c:\\\\Dev\\\\focus-bonus-app\\\\dataconnect\": could not find dataconnect.yaml in `c:\\Dev\\focus-bonus-app\\dataconnect`\nE0718 09:14:25.465794   17492 watch.go:76] watchAllDir unable to walk dir `c:\\Dev\\focus-bonus-app\\dataconnect`: on path \"c:\\\\Dev\\\\focus-bonus-app\\\\dataconnect\" (DirEntry: <nil>): CreateFile c:\\Dev\\focus-bonus-app\\dataconnect: The system cannot find the file specified.\n"}}
[debug] [2025-07-18T12:14:35.465Z] E0718 09:14:35.465007   17492 load.go:23] Could not load config from "c:\\Dev\\focus-bonus-app\\dataconnect": could not find dataconnect.yaml in `c:\Dev\focus-bonus-app\dataconnect`
 {"metadata":{"emulator":{"name":"dataconnect"},"message":"E0718 09:14:35.465007   17492 load.go:23] Could not load config from \"c:\\\\Dev\\\\focus-bonus-app\\\\dataconnect\": could not find dataconnect.yaml in `c:\\Dev\\focus-bonus-app\\dataconnect`\n"}}
[debug] [2025-07-18T12:14:45.466Z] E0718 09:14:45.465720   17492 load.go:23] Could not load config from "c:\\Dev\\focus-bonus-app\\dataconnect": could not find dataconnect.yaml in `c:\Dev\focus-bonus-app\dataconnect`
 {"metadata":{"emulator":{"name":"dataconnect"},"message":"E0718 09:14:45.465720   17492 load.go:23] Could not load config from \"c:\\\\Dev\\\\focus-bonus-app\\\\dataconnect\": could not find dataconnect.yaml in `c:\\Dev\\focus-bonus-app\\dataconnect`\n"}}
[debug] [2025-07-18T12:14:55.465Z] E0718 09:14:55.464990   17492 load.go:23] Could not load config from "c:\\Dev\\focus-bonus-app\\dataconnect": could not find dataconnect.yaml in `c:\Dev\focus-bonus-app\dataconnect`
 {"metadata":{"emulator":{"name":"dataconnect"},"message":"E0718 09:14:55.464990   17492 load.go:23] Could not load config from \"c:\\\\Dev\\\\focus-bonus-app\\\\dataconnect\": could not find dataconnect.yaml in `c:\\Dev\\focus-bonus-app\\dataconnect`\n"}}
[debug] [2025-07-18T12:15:05.465Z] E0718 09:15:05.464514   17492 load.go:23] Could not load config from "c:\\Dev\\focus-bonus-app\\dataconnect": could not find dataconnect.yaml in `c:\Dev\focus-bonus-app\dataconnect`
 {"metadata":{"emulator":{"name":"dataconnect"},"message":"E0718 09:15:05.464514   17492 load.go:23] Could not load config from \"c:\\\\Dev\\\\focus-bonus-app\\\\dataconnect\": could not find dataconnect.yaml in `c:\\Dev\\focus-bonus-app\\dataconnect`\n"}}
[debug] [2025-07-18T12:15:15.478Z] E0718 09:15:15.477176   17492 load.go:23] Could not load config from "c:\\Dev\\focus-bonus-app\\dataconnect": could not find dataconnect.yaml in `c:\Dev\focus-bonus-app\dataconnect`
 {"metadata":{"emulator":{"name":"dataconnect"},"message":"E0718 09:15:15.477176   17492 load.go:23] Could not load config from \"c:\\\\Dev\\\\focus-bonus-app\\\\dataconnect\": could not find dataconnect.yaml in `c:\\Dev\\focus-bonus-app\\dataconnect`\n"}}
[debug] [2025-07-18T12:15:25.465Z] E0718 09:15:25.464738   17492 load.go:23] Could not load config from "c:\\Dev\\focus-bonus-app\\dataconnect": could not find dataconnect.yaml in `c:\Dev\focus-bonus-app\dataconnect`
 {"metadata":{"emulator":{"name":"dataconnect"},"message":"E0718 09:15:25.464738   17492 load.go:23] Could not load config from \"c:\\\\Dev\\\\focus-bonus-app\\\\dataconnect\": could not find dataconnect.yaml in `c:\\Dev\\focus-bonus-app\\dataconnect`\n"}}
[debug] [2025-07-18T12:15:35.464Z] E0718 09:15:35.464729   17492 load.go:23] Could not load config from "c:\\Dev\\focus-bonus-app\\dataconnect": could not find dataconnect.yaml in `c:\Dev\focus-bonus-app\dataconnect`
 {"metadata":{"emulator":{"name":"dataconnect"},"message":"E0718 09:15:35.464729   17492 load.go:23] Could not load config from \"c:\\\\Dev\\\\focus-bonus-app\\\\dataconnect\": could not find dataconnect.yaml in `c:\\Dev\\focus-bonus-app\\dataconnect`\n"}}
[debug] [2025-07-18T12:15:45.465Z] E0718 09:15:45.465393   17492 load.go:23] Could not load config from "c:\\Dev\\focus-bonus-app\\dataconnect": could not find dataconnect.yaml in `c:\Dev\focus-bonus-app\dataconnect`
 {"metadata":{"emulator":{"name":"dataconnect"},"message":"E0718 09:15:45.465393   17492 load.go:23] Could not load config from \"c:\\\\Dev\\\\focus-bonus-app\\\\dataconnect\": could not find dataconnect.yaml in `c:\\Dev\\focus-bonus-app\\dataconnect`\n"}}
[debug] [2025-07-18T12:15:55.465Z] E0718 09:15:55.465540   17492 load.go:23] Could not load config from "c:\\Dev\\focus-bonus-app\\dataconnect": could not find dataconnect.yaml in `c:\Dev\focus-bonus-app\dataconnect`
 {"metadata":{"emulator":{"name":"dataconnect"},"message":"E0718 09:15:55.465540   17492 load.go:23] Could not load config from \"c:\\\\Dev\\\\focus-bonus-app\\\\dataconnect\": could not find dataconnect.yaml in `c:\\Dev\\focus-bonus-app\\dataconnect`\n"}}
[debug] [2025-07-18T12:16:05.465Z] E0718 09:16:05.465905   17492 load.go:23] Could not load config from "c:\\Dev\\focus-bonus-app\\dataconnect": could not find dataconnect.yaml in `c:\Dev\focus-bonus-app\dataconnect`
 {"metadata":{"emulator":{"name":"dataconnect"},"message":"E0718 09:16:05.465905   17492 load.go:23] Could not load config from \"c:\\\\Dev\\\\focus-bonus-app\\\\dataconnect\": could not find dataconnect.yaml in `c:\\Dev\\focus-bonus-app\\dataconnect`\n"}}
[debug] [2025-07-18T12:16:15.464Z] E0718 09:16:15.465089   17492 load.go:23] Could not load config from "c:\\Dev\\focus-bonus-app\\dataconnect": could not find dataconnect.yaml in `c:\Dev\focus-bonus-app\dataconnect`
 {"metadata":{"emulator":{"name":"dataconnect"},"message":"E0718 09:16:15.465089   17492 load.go:23] Could not load config from \"c:\\\\Dev\\\\focus-bonus-app\\\\dataconnect\": could not find dataconnect.yaml in `c:\\Dev\\focus-bonus-app\\dataconnect`\n"}}
[debug] [2025-07-18T12:16:25.465Z] E0718 09:16:25.464542   17492 load.go:23] Could not load config from "c:\\Dev\\focus-bonus-app\\dataconnect": could not find dataconnect.yaml in `c:\Dev\focus-bonus-app\dataconnect`
E0718 09:16:25.464542   17492 watch.go:76] watchAllDir unable to walk dir `c:\Dev\focus-bonus-app\dataconnect`: on path "c:\\Dev\\focus-bonus-app\\dataconnect" (DirEntry: <nil>): CreateFile c:\Dev\focus-bonus-app\dataconnect: The system cannot find the file specified.
 {"metadata":{"emulator":{"name":"dataconnect"},"message":"E0718 09:16:25.464542   17492 load.go:23] Could not load config from \"c:\\\\Dev\\\\focus-bonus-app\\\\dataconnect\": could not find dataconnect.yaml in `c:\\Dev\\focus-bonus-app\\dataconnect`\nE0718 09:16:25.464542   17492 watch.go:76] watchAllDir unable to walk dir `c:\\Dev\\focus-bonus-app\\dataconnect`: on path \"c:\\\\Dev\\\\focus-bonus-app\\\\dataconnect\" (DirEntry: <nil>): CreateFile c:\\Dev\\focus-bonus-app\\dataconnect: The system cannot find the file specified.\n"}}
[debug] [2025-07-18T12:16:35.464Z] E0718 09:16:35.464569   17492 load.go:23] Could not load config from "c:\\Dev\\focus-bonus-app\\dataconnect": could not find dataconnect.yaml in `c:\Dev\focus-bonus-app\dataconnect`
 {"metadata":{"emulator":{"name":"dataconnect"},"message":"E0718 09:16:35.464569   17492 load.go:23] Could not load config from \"c:\\\\Dev\\\\focus-bonus-app\\\\dataconnect\": could not find dataconnect.yaml in `c:\\Dev\\focus-bonus-app\\dataconnect`\n"}}
[debug] [2025-07-18T12:16:45.467Z] E0718 09:16:45.466915   17492 load.go:23] Could not load config from "c:\\Dev\\focus-bonus-app\\dataconnect": could not find dataconnect.yaml in `c:\Dev\focus-bonus-app\dataconnect`
 {"metadata":{"emulator":{"name":"dataconnect"},"message":"E0718 09:16:45.466915   17492 load.go:23] Could not load config from \"c:\\\\Dev\\\\focus-bonus-app\\\\dataconnect\": could not find dataconnect.yaml in `c:\\Dev\\focus-bonus-app\\dataconnect`\n"}}
[debug] [2025-07-18T12:16:55.465Z] E0718 09:16:55.464437   17492 load.go:23] Could not load config from "c:\\Dev\\focus-bonus-app\\dataconnect": could not find dataconnect.yaml in `c:\Dev\focus-bonus-app\dataconnect`
 {"metadata":{"emulator":{"name":"dataconnect"},"message":"E0718 09:16:55.464437   17492 load.go:23] Could not load config from \"c:\\\\Dev\\\\focus-bonus-app\\\\dataconnect\": could not find dataconnect.yaml in `c:\\Dev\\focus-bonus-app\\dataconnect`\n"}}
[debug] [2025-07-18T12:17:05.465Z] E0718 09:17:05.464951   17492 load.go:23] Could not load config from "c:\\Dev\\focus-bonus-app\\dataconnect": could not find dataconnect.yaml in `c:\Dev\focus-bonus-app\dataconnect`
 {"metadata":{"emulator":{"name":"dataconnect"},"message":"E0718 09:17:05.464951   17492 load.go:23] Could not load config from \"c:\\\\Dev\\\\focus-bonus-app\\\\dataconnect\": could not find dataconnect.yaml in `c:\\Dev\\focus-bonus-app\\dataconnect`\n"}}
[debug] [2025-07-18T12:17:15.465Z] E0718 09:17:15.464438   17492 load.go:23] Could not load config from "c:\\Dev\\focus-bonus-app\\dataconnect": could not find dataconnect.yaml in `c:\Dev\focus-bonus-app\dataconnect`
 {"metadata":{"emulator":{"name":"dataconnect"},"message":"E0718 09:17:15.464438   17492 load.go:23] Could not load config from \"c:\\\\Dev\\\\focus-bonus-app\\\\dataconnect\": could not find dataconnect.yaml in `c:\\Dev\\focus-bonus-app\\dataconnect`\n"}}
[debug] [2025-07-18T12:17:25.465Z] E0718 09:17:25.465317   17492 load.go:23] Could not load config from "c:\\Dev\\focus-bonus-app\\dataconnect": could not find dataconnect.yaml in `c:\Dev\focus-bonus-app\dataconnect`
 {"metadata":{"emulator":{"name":"dataconnect"},"message":"E0718 09:17:25.465317   17492 load.go:23] Could not load config from \"c:\\\\Dev\\\\focus-bonus-app\\\\dataconnect\": could not find dataconnect.yaml in `c:\\Dev\\focus-bonus-app\\dataconnect`\n"}}
[debug] [2025-07-18T12:17:35.464Z] E0718 09:17:35.465016   17492 load.go:23] Could not load config from "c:\\Dev\\focus-bonus-app\\dataconnect": could not find dataconnect.yaml in `c:\Dev\focus-bonus-app\dataconnect`
 {"metadata":{"emulator":{"name":"dataconnect"},"message":"E0718 09:17:35.465016   17492 load.go:23] Could not load config from \"c:\\\\Dev\\\\focus-bonus-app\\\\dataconnect\": could not find dataconnect.yaml in `c:\\Dev\\focus-bonus-app\\dataconnect`\n"}}
[debug] [2025-07-18T12:17:45.465Z] E0718 09:17:45.464743   17492 load.go:23] Could not load config from "c:\\Dev\\focus-bonus-app\\dataconnect": could not find dataconnect.yaml in `c:\Dev\focus-bonus-app\dataconnect`
 {"metadata":{"emulator":{"name":"dataconnect"},"message":"E0718 09:17:45.464743   17492 load.go:23] Could not load config from \"c:\\\\Dev\\\\focus-bonus-app\\\\dataconnect\": could not find dataconnect.yaml in `c:\\Dev\\focus-bonus-app\\dataconnect`\n"}}
[debug] [2025-07-18T12:17:55.465Z] E0718 09:17:55.465516   17492 load.go:23] Could not load config from "c:\\Dev\\focus-bonus-app\\dataconnect": could not find dataconnect.yaml in `c:\Dev\focus-bonus-app\dataconnect`
 {"metadata":{"emulator":{"name":"dataconnect"},"message":"E0718 09:17:55.465516   17492 load.go:23] Could not load config from \"c:\\\\Dev\\\\focus-bonus-app\\\\dataconnect\": could not find dataconnect.yaml in `c:\\Dev\\focus-bonus-app\\dataconnect`\n"}}
[debug] [2025-07-18T12:18:05.465Z] E0718 09:18:05.465191   17492 load.go:23] Could not load config from "c:\\Dev\\focus-bonus-app\\dataconnect": could not find dataconnect.yaml in `c:\Dev\focus-bonus-app\dataconnect`
 {"metadata":{"emulator":{"name":"dataconnect"},"message":"E0718 09:18:05.465191   17492 load.go:23] Could not load config from \"c:\\\\Dev\\\\focus-bonus-app\\\\dataconnect\": could not find dataconnect.yaml in `c:\\Dev\\focus-bonus-app\\dataconnect`\n"}}
[debug] [2025-07-18T12:18:15.464Z] E0718 09:18:15.464677   17492 load.go:23] Could not load config from "c:\\Dev\\focus-bonus-app\\dataconnect": could not find dataconnect.yaml in `c:\Dev\focus-bonus-app\dataconnect`
 {"metadata":{"emulator":{"name":"dataconnect"},"message":"E0718 09:18:15.464677   17492 load.go:23] Could not load config from \"c:\\\\Dev\\\\focus-bonus-app\\\\dataconnect\": could not find dataconnect.yaml in `c:\\Dev\\focus-bonus-app\\dataconnect`\n"}}
[debug] [2025-07-18T12:18:25.465Z] E0718 09:18:25.465416   17492 load.go:23] Could not load config from "c:\\Dev\\focus-bonus-app\\dataconnect": could not find dataconnect.yaml in `c:\Dev\focus-bonus-app\dataconnect`
E0718 09:18:25.465416   17492 watch.go:76] watchAllDir unable to walk dir `c:\Dev\focus-bonus-app\dataconnect`: on path "c:\\Dev\\focus-bonus-app\\dataconnect" (DirEntry: <nil>): CreateFile c:\Dev\focus-bonus-app\dataconnect: The system cannot find the file specified.
 {"metadata":{"emulator":{"name":"dataconnect"},"message":"E0718 09:18:25.465416   17492 load.go:23] Could not load config from \"c:\\\\Dev\\\\focus-bonus-app\\\\dataconnect\": could not find dataconnect.yaml in `c:\\Dev\\focus-bonus-app\\dataconnect`\nE0718 09:18:25.465416   17492 watch.go:76] watchAllDir unable to walk dir `c:\\Dev\\focus-bonus-app\\dataconnect`: on path \"c:\\\\Dev\\\\focus-bonus-app\\\\dataconnect\" (DirEntry: <nil>): CreateFile c:\\Dev\\focus-bonus-app\\dataconnect: The system cannot find the file specified.\n"}}
[debug] [2025-07-18T12:18:35.465Z] E0718 09:18:35.464463   17492 load.go:23] Could not load config from "c:\\Dev\\focus-bonus-app\\dataconnect": could not find dataconnect.yaml in `c:\Dev\focus-bonus-app\dataconnect`
 {"metadata":{"emulator":{"name":"dataconnect"},"message":"E0718 09:18:35.464463   17492 load.go:23] Could not load config from \"c:\\\\Dev\\\\focus-bonus-app\\\\dataconnect\": could not find dataconnect.yaml in `c:\\Dev\\focus-bonus-app\\dataconnect`\n"}}
[debug] [2025-07-18T12:18:45.465Z] E0718 09:18:45.464700   17492 load.go:23] Could not load config from "c:\\Dev\\focus-bonus-app\\dataconnect": could not find dataconnect.yaml in `c:\Dev\focus-bonus-app\dataconnect`
 {"metadata":{"emulator":{"name":"dataconnect"},"message":"E0718 09:18:45.464700   17492 load.go:23] Could not load config from \"c:\\\\Dev\\\\focus-bonus-app\\\\dataconnect\": could not find dataconnect.yaml in `c:\\Dev\\focus-bonus-app\\dataconnect`\n"}}
[debug] [2025-07-18T12:18:55.464Z] E0718 09:18:55.464461   17492 load.go:23] Could not load config from "c:\\Dev\\focus-bonus-app\\dataconnect": could not find dataconnect.yaml in `c:\Dev\focus-bonus-app\dataconnect`
 {"metadata":{"emulator":{"name":"dataconnect"},"message":"E0718 09:18:55.464461   17492 load.go:23] Could not load config from \"c:\\\\Dev\\\\focus-bonus-app\\\\dataconnect\": could not find dataconnect.yaml in `c:\\Dev\\focus-bonus-app\\dataconnect`\n"}}
[debug] [2025-07-18T12:19:05.465Z] E0718 09:19:05.465070   17492 load.go:23] Could not load config from "c:\\Dev\\focus-bonus-app\\dataconnect": could not find dataconnect.yaml in `c:\Dev\focus-bonus-app\dataconnect`
 {"metadata":{"emulator":{"name":"dataconnect"},"message":"E0718 09:19:05.465070   17492 load.go:23] Could not load config from \"c:\\\\Dev\\\\focus-bonus-app\\\\dataconnect\": could not find dataconnect.yaml in `c:\\Dev\\focus-bonus-app\\dataconnect`\n"}}
[debug] [2025-07-18T12:19:15.465Z] E0718 09:19:15.464496   17492 load.go:23] Could not load config from "c:\\Dev\\focus-bonus-app\\dataconnect": could not find dataconnect.yaml in `c:\Dev\focus-bonus-app\dataconnect`
 {"metadata":{"emulator":{"name":"dataconnect"},"message":"E0718 09:19:15.464496   17492 load.go:23] Could not load config from \"c:\\\\Dev\\\\focus-bonus-app\\\\dataconnect\": could not find dataconnect.yaml in `c:\\Dev\\focus-bonus-app\\dataconnect`\n"}}
[debug] [2025-07-18T12:19:25.465Z] E0718 09:19:25.464815   17492 load.go:23] Could not load config from "c:\\Dev\\focus-bonus-app\\dataconnect": could not find dataconnect.yaml in `c:\Dev\focus-bonus-app\dataconnect`
 {"metadata":{"emulator":{"name":"dataconnect"},"message":"E0718 09:19:25.464815   17492 load.go:23] Could not load config from \"c:\\\\Dev\\\\focus-bonus-app\\\\dataconnect\": could not find dataconnect.yaml in `c:\\Dev\\focus-bonus-app\\dataconnect`\n"}}
[debug] [2025-07-18T12:19:35.465Z] E0718 09:19:35.465111   17492 load.go:23] Could not load config from "c:\\Dev\\focus-bonus-app\\dataconnect": could not find dataconnect.yaml in `c:\Dev\focus-bonus-app\dataconnect`
 {"metadata":{"emulator":{"name":"dataconnect"},"message":"E0718 09:19:35.465111   17492 load.go:23] Could not load config from \"c:\\\\Dev\\\\focus-bonus-app\\\\dataconnect\": could not find dataconnect.yaml in `c:\\Dev\\focus-bonus-app\\dataconnect`\n"}}
[debug] [2025-07-18T12:19:45.466Z] E0718 09:19:45.465702   17492 load.go:23] Could not load config from "c:\\Dev\\focus-bonus-app\\dataconnect": could not find dataconnect.yaml in `c:\Dev\focus-bonus-app\dataconnect`
 {"metadata":{"emulator":{"name":"dataconnect"},"message":"E0718 09:19:45.465702   17492 load.go:23] Could not load config from \"c:\\\\Dev\\\\focus-bonus-app\\\\dataconnect\": could not find dataconnect.yaml in `c:\\Dev\\focus-bonus-app\\dataconnect`\n"}}
[debug] [2025-07-18T12:19:55.465Z] E0718 09:19:55.465140   17492 load.go:23] Could not load config from "c:\\Dev\\focus-bonus-app\\dataconnect": could not find dataconnect.yaml in `c:\Dev\focus-bonus-app\dataconnect`
 {"metadata":{"emulator":{"name":"dataconnect"},"message":"E0718 09:19:55.465140   17492 load.go:23] Could not load config from \"c:\\\\Dev\\\\focus-bonus-app\\\\dataconnect\": could not find dataconnect.yaml in `c:\\Dev\\focus-bonus-app\\dataconnect`\n"}}
[debug] [2025-07-18T12:20:05.473Z] E0718 09:20:05.464899   17492 load.go:23] Could not load config from "c:\\Dev\\focus-bonus-app\\dataconnect": could not find dataconnect.yaml in `c:\Dev\focus-bonus-app\dataconnect`
 {"metadata":{"emulator":{"name":"dataconnect"},"message":"E0718 09:20:05.464899   17492 load.go:23] Could not load config from \"c:\\\\Dev\\\\focus-bonus-app\\\\dataconnect\": could not find dataconnect.yaml in `c:\\Dev\\focus-bonus-app\\dataconnect`\n"}}
[debug] [2025-07-18T12:20:15.465Z] E0718 09:20:15.465624   17492 load.go:23] Could not load config from "c:\\Dev\\focus-bonus-app\\dataconnect": could not find dataconnect.yaml in `c:\Dev\focus-bonus-app\dataconnect`
 {"metadata":{"emulator":{"name":"dataconnect"},"message":"E0718 09:20:15.465624   17492 load.go:23] Could not load config from \"c:\\\\Dev\\\\focus-bonus-app\\\\dataconnect\": could not find dataconnect.yaml in `c:\\Dev\\focus-bonus-app\\dataconnect`\n"}}
[debug] [2025-07-18T12:20:25.464Z] E0718 09:20:25.464748   17492 load.go:23] Could not load config from "c:\\Dev\\focus-bonus-app\\dataconnect": could not find dataconnect.yaml in `c:\Dev\focus-bonus-app\dataconnect`
E0718 09:20:25.464748   17492 watch.go:76] watchAllDir unable to walk dir `c:\Dev\focus-bonus-app\dataconnect`: on path "c:\\Dev\\focus-bonus-app\\dataconnect" (DirEntry: <nil>): CreateFile c:\Dev\focus-bonus-app\dataconnect: The system cannot find the file specified.
 {"metadata":{"emulator":{"name":"dataconnect"},"message":"E0718 09:20:25.464748   17492 load.go:23] Could not load config from \"c:\\\\Dev\\\\focus-bonus-app\\\\dataconnect\": could not find dataconnect.yaml in `c:\\Dev\\focus-bonus-app\\dataconnect`\nE0718 09:20:25.464748   17492 watch.go:76] watchAllDir unable to walk dir `c:\\Dev\\focus-bonus-app\\dataconnect`: on path \"c:\\\\Dev\\\\focus-bonus-app\\\\dataconnect\" (DirEntry: <nil>): CreateFile c:\\Dev\\focus-bonus-app\\dataconnect: The system cannot find the file specified.\n"}}
[debug] [2025-07-18T12:20:35.464Z] E0718 09:20:35.464648   17492 load.go:23] Could not load config from "c:\\Dev\\focus-bonus-app\\dataconnect": could not find dataconnect.yaml in `c:\Dev\focus-bonus-app\dataconnect`
 {"metadata":{"emulator":{"name":"dataconnect"},"message":"E0718 09:20:35.464648   17492 load.go:23] Could not load config from \"c:\\\\Dev\\\\focus-bonus-app\\\\dataconnect\": could not find dataconnect.yaml in `c:\\Dev\\focus-bonus-app\\dataconnect`\n"}}
[debug] [2025-07-18T12:20:45.464Z] E0718 09:20:45.464602   17492 load.go:23] Could not load config from "c:\\Dev\\focus-bonus-app\\dataconnect": could not find dataconnect.yaml in `c:\Dev\focus-bonus-app\dataconnect`
 {"metadata":{"emulator":{"name":"dataconnect"},"message":"E0718 09:20:45.464602   17492 load.go:23] Could not load config from \"c:\\\\Dev\\\\focus-bonus-app\\\\dataconnect\": could not find dataconnect.yaml in `c:\\Dev\\focus-bonus-app\\dataconnect`\n"}}
[debug] [2025-07-18T12:20:55.466Z] E0718 09:20:55.466091   17492 load.go:23] Could not load config from "c:\\Dev\\focus-bonus-app\\dataconnect": could not find dataconnect.yaml in `c:\Dev\focus-bonus-app\dataconnect`
 {"metadata":{"emulator":{"name":"dataconnect"},"message":"E0718 09:20:55.466091   17492 load.go:23] Could not load config from \"c:\\\\Dev\\\\focus-bonus-app\\\\dataconnect\": could not find dataconnect.yaml in `c:\\Dev\\focus-bonus-app\\dataconnect`\n"}}
[debug] [2025-07-18T12:21:05.464Z] E0718 09:21:05.464673   17492 load.go:23] Could not load config from "c:\\Dev\\focus-bonus-app\\dataconnect": could not find dataconnect.yaml in `c:\Dev\focus-bonus-app\dataconnect`
 {"metadata":{"emulator":{"name":"dataconnect"},"message":"E0718 09:21:05.464673   17492 load.go:23] Could not load config from \"c:\\\\Dev\\\\focus-bonus-app\\\\dataconnect\": could not find dataconnect.yaml in `c:\\Dev\\focus-bonus-app\\dataconnect`\n"}}
[debug] [2025-07-18T12:21:15.465Z] E0718 09:21:15.464874   17492 load.go:23] Could not load config from "c:\\Dev\\focus-bonus-app\\dataconnect": could not find dataconnect.yaml in `c:\Dev\focus-bonus-app\dataconnect`
 {"metadata":{"emulator":{"name":"dataconnect"},"message":"E0718 09:21:15.464874   17492 load.go:23] Could not load config from \"c:\\\\Dev\\\\focus-bonus-app\\\\dataconnect\": could not find dataconnect.yaml in `c:\\Dev\\focus-bonus-app\\dataconnect`\n"}}
[debug] [2025-07-18T12:21:25.465Z] E0718 09:21:25.465527   17492 load.go:23] Could not load config from "c:\\Dev\\focus-bonus-app\\dataconnect": could not find dataconnect.yaml in `c:\Dev\focus-bonus-app\dataconnect`
 {"metadata":{"emulator":{"name":"dataconnect"},"message":"E0718 09:21:25.465527   17492 load.go:23] Could not load config from \"c:\\\\Dev\\\\focus-bonus-app\\\\dataconnect\": could not find dataconnect.yaml in `c:\\Dev\\focus-bonus-app\\dataconnect`\n"}}
[debug] [2025-07-18T12:21:35.465Z] E0718 09:21:35.465627   17492 load.go:23] Could not load config from "c:\\Dev\\focus-bonus-app\\dataconnect": could not find dataconnect.yaml in `c:\Dev\focus-bonus-app\dataconnect`
 {"metadata":{"emulator":{"name":"dataconnect"},"message":"E0718 09:21:35.465627   17492 load.go:23] Could not load config from \"c:\\\\Dev\\\\focus-bonus-app\\\\dataconnect\": could not find dataconnect.yaml in `c:\\Dev\\focus-bonus-app\\dataconnect`\n"}}
[debug] [2025-07-18T12:21:45.466Z] E0718 09:21:45.465552   17492 load.go:23] Could not load config from "c:\\Dev\\focus-bonus-app\\dataconnect": could not find dataconnect.yaml in `c:\Dev\focus-bonus-app\dataconnect`
 {"metadata":{"emulator":{"name":"dataconnect"},"message":"E0718 09:21:45.465552   17492 load.go:23] Could not load config from \"c:\\\\Dev\\\\focus-bonus-app\\\\dataconnect\": could not find dataconnect.yaml in `c:\\Dev\\focus-bonus-app\\dataconnect`\n"}}
[debug] [2025-07-18T12:21:55.465Z] E0718 09:21:55.465283   17492 load.go:23] Could not load config from "c:\\Dev\\focus-bonus-app\\dataconnect": could not find dataconnect.yaml in `c:\Dev\focus-bonus-app\dataconnect`
 {"metadata":{"emulator":{"name":"dataconnect"},"message":"E0718 09:21:55.465283   17492 load.go:23] Could not load config from \"c:\\\\Dev\\\\focus-bonus-app\\\\dataconnect\": could not find dataconnect.yaml in `c:\\Dev\\focus-bonus-app\\dataconnect`\n"}}
[debug] [2025-07-18T12:22:05.465Z] E0718 09:22:05.465270   17492 load.go:23] Could not load config from "c:\\Dev\\focus-bonus-app\\dataconnect": could not find dataconnect.yaml in `c:\Dev\focus-bonus-app\dataconnect`
 {"metadata":{"emulator":{"name":"dataconnect"},"message":"E0718 09:22:05.465270   17492 load.go:23] Could not load config from \"c:\\\\Dev\\\\focus-bonus-app\\\\dataconnect\": could not find dataconnect.yaml in `c:\\Dev\\focus-bonus-app\\dataconnect`\n"}}
[debug] [2025-07-18T12:22:15.465Z] E0718 09:22:15.465362   17492 load.go:23] Could not load config from "c:\\Dev\\focus-bonus-app\\dataconnect": could not find dataconnect.yaml in `c:\Dev\focus-bonus-app\dataconnect`
 {"metadata":{"emulator":{"name":"dataconnect"},"message":"E0718 09:22:15.465362   17492 load.go:23] Could not load config from \"c:\\\\Dev\\\\focus-bonus-app\\\\dataconnect\": could not find dataconnect.yaml in `c:\\Dev\\focus-bonus-app\\dataconnect`\n"}}
[debug] [2025-07-18T12:22:25.464Z] E0718 09:22:25.464464   17492 load.go:23] Could not load config from "c:\\Dev\\focus-bonus-app\\dataconnect": could not find dataconnect.yaml in `c:\Dev\focus-bonus-app\dataconnect`
E0718 09:22:25.464464   17492 watch.go:76] watchAllDir unable to walk dir `c:\Dev\focus-bonus-app\dataconnect`: on path "c:\\Dev\\focus-bonus-app\\dataconnect" (DirEntry: <nil>): CreateFile c:\Dev\focus-bonus-app\dataconnect: The system cannot find the file specified.
 {"metadata":{"emulator":{"name":"dataconnect"},"message":"E0718 09:22:25.464464   17492 load.go:23] Could not load config from \"c:\\\\Dev\\\\focus-bonus-app\\\\dataconnect\": could not find dataconnect.yaml in `c:\\Dev\\focus-bonus-app\\dataconnect`\nE0718 09:22:25.464464   17492 watch.go:76] watchAllDir unable to walk dir `c:\\Dev\\focus-bonus-app\\dataconnect`: on path \"c:\\\\Dev\\\\focus-bonus-app\\\\dataconnect\" (DirEntry: <nil>): CreateFile c:\\Dev\\focus-bonus-app\\dataconnect: The system cannot find the file specified.\n"}}
[debug] [2025-07-18T12:22:35.464Z] E0718 09:22:35.464433   17492 load.go:23] Could not load config from "c:\\Dev\\focus-bonus-app\\dataconnect": could not find dataconnect.yaml in `c:\Dev\focus-bonus-app\dataconnect`
 {"metadata":{"emulator":{"name":"dataconnect"},"message":"E0718 09:22:35.464433   17492 load.go:23] Could not load config from \"c:\\\\Dev\\\\focus-bonus-app\\\\dataconnect\": could not find dataconnect.yaml in `c:\\Dev\\focus-bonus-app\\dataconnect`\n"}}
[debug] [2025-07-18T12:22:45.466Z] E0718 09:22:45.465269   17492 load.go:23] Could not load config from "c:\\Dev\\focus-bonus-app\\dataconnect": could not find dataconnect.yaml in `c:\Dev\focus-bonus-app\dataconnect`
 {"metadata":{"emulator":{"name":"dataconnect"},"message":"E0718 09:22:45.465269   17492 load.go:23] Could not load config from \"c:\\\\Dev\\\\focus-bonus-app\\\\dataconnect\": could not find dataconnect.yaml in `c:\\Dev\\focus-bonus-app\\dataconnect`\n"}}
[debug] [2025-07-18T12:22:55.464Z] E0718 09:22:55.464323   17492 load.go:23] Could not load config from "c:\\Dev\\focus-bonus-app\\dataconnect": could not find dataconnect.yaml in `c:\Dev\focus-bonus-app\dataconnect`
 {"metadata":{"emulator":{"name":"dataconnect"},"message":"E0718 09:22:55.464323   17492 load.go:23] Could not load config from \"c:\\\\Dev\\\\focus-bonus-app\\\\dataconnect\": could not find dataconnect.yaml in `c:\\Dev\\focus-bonus-app\\dataconnect`\n"}}
[debug] [2025-07-18T12:23:05.465Z] E0718 09:23:05.465042   17492 load.go:23] Could not load config from "c:\\Dev\\focus-bonus-app\\dataconnect": could not find dataconnect.yaml in `c:\Dev\focus-bonus-app\dataconnect`
 {"metadata":{"emulator":{"name":"dataconnect"},"message":"E0718 09:23:05.465042   17492 load.go:23] Could not load config from \"c:\\\\Dev\\\\focus-bonus-app\\\\dataconnect\": could not find dataconnect.yaml in `c:\\Dev\\focus-bonus-app\\dataconnect`\n"}}
[debug] [2025-07-18T12:23:15.464Z] E0718 09:23:15.464345   17492 load.go:23] Could not load config from "c:\\Dev\\focus-bonus-app\\dataconnect": could not find dataconnect.yaml in `c:\Dev\focus-bonus-app\dataconnect`
 {"metadata":{"emulator":{"name":"dataconnect"},"message":"E0718 09:23:15.464345   17492 load.go:23] Could not load config from \"c:\\\\Dev\\\\focus-bonus-app\\\\dataconnect\": could not find dataconnect.yaml in `c:\\Dev\\focus-bonus-app\\dataconnect`\n"}}
[debug] [2025-07-18T12:23:25.465Z] E0718 09:23:25.464704   17492 load.go:23] Could not load config from "c:\\Dev\\focus-bonus-app\\dataconnect": could not find dataconnect.yaml in `c:\Dev\focus-bonus-app\dataconnect`
 {"metadata":{"emulator":{"name":"dataconnect"},"message":"E0718 09:23:25.464704   17492 load.go:23] Could not load config from \"c:\\\\Dev\\\\focus-bonus-app\\\\dataconnect\": could not find dataconnect.yaml in `c:\\Dev\\focus-bonus-app\\dataconnect`\n"}}
[debug] [2025-07-18T12:23:35.466Z] E0718 09:23:35.464775   17492 load.go:23] Could not load config from "c:\\Dev\\focus-bonus-app\\dataconnect": could not find dataconnect.yaml in `c:\Dev\focus-bonus-app\dataconnect`
 {"metadata":{"emulator":{"name":"dataconnect"},"message":"E0718 09:23:35.464775   17492 load.go:23] Could not load config from \"c:\\\\Dev\\\\focus-bonus-app\\\\dataconnect\": could not find dataconnect.yaml in `c:\\Dev\\focus-bonus-app\\dataconnect`\n"}}
[debug] [2025-07-18T12:23:45.464Z] E0718 09:23:45.464386   17492 load.go:23] Could not load config from "c:\\Dev\\focus-bonus-app\\dataconnect": could not find dataconnect.yaml in `c:\Dev\focus-bonus-app\dataconnect`
 {"metadata":{"emulator":{"name":"dataconnect"},"message":"E0718 09:23:45.464386   17492 load.go:23] Could not load config from \"c:\\\\Dev\\\\focus-bonus-app\\\\dataconnect\": could not find dataconnect.yaml in `c:\\Dev\\focus-bonus-app\\dataconnect`\n"}}
[debug] [2025-07-18T12:23:55.464Z] E0718 09:23:55.464508   17492 load.go:23] Could not load config from "c:\\Dev\\focus-bonus-app\\dataconnect": could not find dataconnect.yaml in `c:\Dev\focus-bonus-app\dataconnect`
 {"metadata":{"emulator":{"name":"dataconnect"},"message":"E0718 09:23:55.464508   17492 load.go:23] Could not load config from \"c:\\\\Dev\\\\focus-bonus-app\\\\dataconnect\": could not find dataconnect.yaml in `c:\\Dev\\focus-bonus-app\\dataconnect`\n"}}
[debug] [2025-07-18T12:24:05.465Z] E0718 09:24:05.465110   17492 load.go:23] Could not load config from "c:\\Dev\\focus-bonus-app\\dataconnect": could not find dataconnect.yaml in `c:\Dev\focus-bonus-app\dataconnect`
 {"metadata":{"emulator":{"name":"dataconnect"},"message":"E0718 09:24:05.465110   17492 load.go:23] Could not load config from \"c:\\\\Dev\\\\focus-bonus-app\\\\dataconnect\": could not find dataconnect.yaml in `c:\\Dev\\focus-bonus-app\\dataconnect`\n"}}
[debug] [2025-07-18T12:24:15.464Z] E0718 09:24:15.464885   17492 load.go:23] Could not load config from "c:\\Dev\\focus-bonus-app\\dataconnect": could not find dataconnect.yaml in `c:\Dev\focus-bonus-app\dataconnect`
 {"metadata":{"emulator":{"name":"dataconnect"},"message":"E0718 09:24:15.464885   17492 load.go:23] Could not load config from \"c:\\\\Dev\\\\focus-bonus-app\\\\dataconnect\": could not find dataconnect.yaml in `c:\\Dev\\focus-bonus-app\\dataconnect`\n"}}
[debug] [2025-07-18T12:24:25.464Z] E0718 09:24:25.464375   17492 load.go:23] Could not load config from "c:\\Dev\\focus-bonus-app\\dataconnect": could not find dataconnect.yaml in `c:\Dev\focus-bonus-app\dataconnect`
E0718 09:24:25.464375   17492 watch.go:76] watchAllDir unable to walk dir `c:\Dev\focus-bonus-app\dataconnect`: on path "c:\\Dev\\focus-bonus-app\\dataconnect" (DirEntry: <nil>): CreateFile c:\Dev\focus-bonus-app\dataconnect: The system cannot find the file specified.
 {"metadata":{"emulator":{"name":"dataconnect"},"message":"E0718 09:24:25.464375   17492 load.go:23] Could not load config from \"c:\\\\Dev\\\\focus-bonus-app\\\\dataconnect\": could not find dataconnect.yaml in `c:\\Dev\\focus-bonus-app\\dataconnect`\nE0718 09:24:25.464375   17492 watch.go:76] watchAllDir unable to walk dir `c:\\Dev\\focus-bonus-app\\dataconnect`: on path \"c:\\\\Dev\\\\focus-bonus-app\\\\dataconnect\" (DirEntry: <nil>): CreateFile c:\\Dev\\focus-bonus-app\\dataconnect: The system cannot find the file specified.\n"}}
[debug] [2025-07-18T12:24:35.464Z] E0718 09:24:35.465031   17492 load.go:23] Could not load config from "c:\\Dev\\focus-bonus-app\\dataconnect": could not find dataconnect.yaml in `c:\Dev\focus-bonus-app\dataconnect`
 {"metadata":{"emulator":{"name":"dataconnect"},"message":"E0718 09:24:35.465031   17492 load.go:23] Could not load config from \"c:\\\\Dev\\\\focus-bonus-app\\\\dataconnect\": could not find dataconnect.yaml in `c:\\Dev\\focus-bonus-app\\dataconnect`\n"}}
[debug] [2025-07-18T12:24:45.465Z] E0718 09:24:45.464704   17492 load.go:23] Could not load config from "c:\\Dev\\focus-bonus-app\\dataconnect": could not find dataconnect.yaml in `c:\Dev\focus-bonus-app\dataconnect`
 {"metadata":{"emulator":{"name":"dataconnect"},"message":"E0718 09:24:45.464704   17492 load.go:23] Could not load config from \"c:\\\\Dev\\\\focus-bonus-app\\\\dataconnect\": could not find dataconnect.yaml in `c:\\Dev\\focus-bonus-app\\dataconnect`\n"}}
[debug] [2025-07-18T12:24:55.465Z] E0718 09:24:55.464656   17492 load.go:23] Could not load config from "c:\\Dev\\focus-bonus-app\\dataconnect": could not find dataconnect.yaml in `c:\Dev\focus-bonus-app\dataconnect`
 {"metadata":{"emulator":{"name":"dataconnect"},"message":"E0718 09:24:55.464656   17492 load.go:23] Could not load config from \"c:\\\\Dev\\\\focus-bonus-app\\\\dataconnect\": could not find dataconnect.yaml in `c:\\Dev\\focus-bonus-app\\dataconnect`\n"}}
[debug] [2025-07-18T12:25:05.465Z] E0718 09:25:05.464537   17492 load.go:23] Could not load config from "c:\\Dev\\focus-bonus-app\\dataconnect": could not find dataconnect.yaml in `c:\Dev\focus-bonus-app\dataconnect`
 {"metadata":{"emulator":{"name":"dataconnect"},"message":"E0718 09:25:05.464537   17492 load.go:23] Could not load config from \"c:\\\\Dev\\\\focus-bonus-app\\\\dataconnect\": could not find dataconnect.yaml in `c:\\Dev\\focus-bonus-app\\dataconnect`\n"}}
[debug] [2025-07-18T12:25:15.465Z] E0718 09:25:15.464477   17492 load.go:23] Could not load config from "c:\\Dev\\focus-bonus-app\\dataconnect": could not find dataconnect.yaml in `c:\Dev\focus-bonus-app\dataconnect`
 {"metadata":{"emulator":{"name":"dataconnect"},"message":"E0718 09:25:15.464477   17492 load.go:23] Could not load config from \"c:\\\\Dev\\\\focus-bonus-app\\\\dataconnect\": could not find dataconnect.yaml in `c:\\Dev\\focus-bonus-app\\dataconnect`\n"}}
[debug] [2025-07-18T12:25:25.465Z] E0718 09:25:25.464751   17492 load.go:23] Could not load config from "c:\\Dev\\focus-bonus-app\\dataconnect": could not find dataconnect.yaml in `c:\Dev\focus-bonus-app\dataconnect`
 {"metadata":{"emulator":{"name":"dataconnect"},"message":"E0718 09:25:25.464751   17492 load.go:23] Could not load config from \"c:\\\\Dev\\\\focus-bonus-app\\\\dataconnect\": could not find dataconnect.yaml in `c:\\Dev\\focus-bonus-app\\dataconnect`\n"}}
[debug] [2025-07-18T12:25:35.465Z] E0718 09:25:35.464687   17492 load.go:23] Could not load config from "c:\\Dev\\focus-bonus-app\\dataconnect": could not find dataconnect.yaml in `c:\Dev\focus-bonus-app\dataconnect`
 {"metadata":{"emulator":{"name":"dataconnect"},"message":"E0718 09:25:35.464687   17492 load.go:23] Could not load config from \"c:\\\\Dev\\\\focus-bonus-app\\\\dataconnect\": could not find dataconnect.yaml in `c:\\Dev\\focus-bonus-app\\dataconnect`\n"}}
[debug] [2025-07-18T12:25:45.465Z] E0718 09:25:45.464701   17492 load.go:23] Could not load config from "c:\\Dev\\focus-bonus-app\\dataconnect": could not find dataconnect.yaml in `c:\Dev\focus-bonus-app\dataconnect`
 {"metadata":{"emulator":{"name":"dataconnect"},"message":"E0718 09:25:45.464701   17492 load.go:23] Could not load config from \"c:\\\\Dev\\\\focus-bonus-app\\\\dataconnect\": could not find dataconnect.yaml in `c:\\Dev\\focus-bonus-app\\dataconnect`\n"}}
[debug] [2025-07-18T12:25:55.465Z] E0718 09:25:55.464428   17492 load.go:23] Could not load config from "c:\\Dev\\focus-bonus-app\\dataconnect": could not find dataconnect.yaml in `c:\Dev\focus-bonus-app\dataconnect`
 {"metadata":{"emulator":{"name":"dataconnect"},"message":"E0718 09:25:55.464428   17492 load.go:23] Could not load config from \"c:\\\\Dev\\\\focus-bonus-app\\\\dataconnect\": could not find dataconnect.yaml in `c:\\Dev\\focus-bonus-app\\dataconnect`\n"}}
[debug] [2025-07-18T12:26:05.465Z] E0718 09:26:05.464921   17492 load.go:23] Could not load config from "c:\\Dev\\focus-bonus-app\\dataconnect": could not find dataconnect.yaml in `c:\Dev\focus-bonus-app\dataconnect`
 {"metadata":{"emulator":{"name":"dataconnect"},"message":"E0718 09:26:05.464921   17492 load.go:23] Could not load config from \"c:\\\\Dev\\\\focus-bonus-app\\\\dataconnect\": could not find dataconnect.yaml in `c:\\Dev\\focus-bonus-app\\dataconnect`\n"}}
[debug] [2025-07-18T12:26:15.465Z] E0718 09:26:15.464992   17492 load.go:23] Could not load config from "c:\\Dev\\focus-bonus-app\\dataconnect": could not find dataconnect.yaml in `c:\Dev\focus-bonus-app\dataconnect`
 {"metadata":{"emulator":{"name":"dataconnect"},"message":"E0718 09:26:15.464992   17492 load.go:23] Could not load config from \"c:\\\\Dev\\\\focus-bonus-app\\\\dataconnect\": could not find dataconnect.yaml in `c:\\Dev\\focus-bonus-app\\dataconnect`\n"}}
[debug] [2025-07-18T12:26:25.464Z] E0718 09:26:25.464350   17492 load.go:23] Could not load config from "c:\\Dev\\focus-bonus-app\\dataconnect": could not find dataconnect.yaml in `c:\Dev\focus-bonus-app\dataconnect`
 {"metadata":{"emulator":{"name":"dataconnect"},"message":"E0718 09:26:25.464350   17492 load.go:23] Could not load config from \"c:\\\\Dev\\\\focus-bonus-app\\\\dataconnect\": could not find dataconnect.yaml in `c:\\Dev\\focus-bonus-app\\dataconnect`\n"}}
[debug] [2025-07-18T12:26:25.466Z] E0718 09:26:25.465865   17492 watch.go:76] watchAllDir unable to walk dir `c:\Dev\focus-bonus-app\dataconnect`: on path "c:\\Dev\\focus-bonus-app\\dataconnect" (DirEntry: <nil>): CreateFile c:\Dev\focus-bonus-app\dataconnect: The system cannot find the file specified.
 {"metadata":{"emulator":{"name":"dataconnect"},"message":"E0718 09:26:25.465865   17492 watch.go:76] watchAllDir unable to walk dir `c:\\Dev\\focus-bonus-app\\dataconnect`: on path \"c:\\\\Dev\\\\focus-bonus-app\\\\dataconnect\" (DirEntry: <nil>): CreateFile c:\\Dev\\focus-bonus-app\\dataconnect: The system cannot find the file specified.\n"}}
[debug] [2025-07-18T12:26:35.465Z] E0718 09:26:35.465258   17492 load.go:23] Could not load config from "c:\\Dev\\focus-bonus-app\\dataconnect": could not find dataconnect.yaml in `c:\Dev\focus-bonus-app\dataconnect`
 {"metadata":{"emulator":{"name":"dataconnect"},"message":"E0718 09:26:35.465258   17492 load.go:23] Could not load config from \"c:\\\\Dev\\\\focus-bonus-app\\\\dataconnect\": could not find dataconnect.yaml in `c:\\Dev\\focus-bonus-app\\dataconnect`\n"}}
[debug] [2025-07-18T12:26:45.464Z] E0718 09:26:45.464914   17492 load.go:23] Could not load config from "c:\\Dev\\focus-bonus-app\\dataconnect": could not find dataconnect.yaml in `c:\Dev\focus-bonus-app\dataconnect`
 {"metadata":{"emulator":{"name":"dataconnect"},"message":"E0718 09:26:45.464914   17492 load.go:23] Could not load config from \"c:\\\\Dev\\\\focus-bonus-app\\\\dataconnect\": could not find dataconnect.yaml in `c:\\Dev\\focus-bonus-app\\dataconnect`\n"}}
[debug] [2025-07-18T12:26:55.464Z] E0718 09:26:55.464260   17492 load.go:23] Could not load config from "c:\\Dev\\focus-bonus-app\\dataconnect": could not find dataconnect.yaml in `c:\Dev\focus-bonus-app\dataconnect`
 {"metadata":{"emulator":{"name":"dataconnect"},"message":"E0718 09:26:55.464260   17492 load.go:23] Could not load config from \"c:\\\\Dev\\\\focus-bonus-app\\\\dataconnect\": could not find dataconnect.yaml in `c:\\Dev\\focus-bonus-app\\dataconnect`\n"}}
[debug] [2025-07-18T12:27:05.465Z] E0718 09:27:05.464600   17492 load.go:23] Could not load config from "c:\\Dev\\focus-bonus-app\\dataconnect": could not find dataconnect.yaml in `c:\Dev\focus-bonus-app\dataconnect`
 {"metadata":{"emulator":{"name":"dataconnect"},"message":"E0718 09:27:05.464600   17492 load.go:23] Could not load config from \"c:\\\\Dev\\\\focus-bonus-app\\\\dataconnect\": could not find dataconnect.yaml in `c:\\Dev\\focus-bonus-app\\dataconnect`\n"}}
[debug] [2025-07-18T12:27:15.464Z] E0718 09:27:15.464508   17492 load.go:23] Could not load config from "c:\\Dev\\focus-bonus-app\\dataconnect": could not find dataconnect.yaml in `c:\Dev\focus-bonus-app\dataconnect`
 {"metadata":{"emulator":{"name":"dataconnect"},"message":"E0718 09:27:15.464508   17492 load.go:23] Could not load config from \"c:\\\\Dev\\\\focus-bonus-app\\\\dataconnect\": could not find dataconnect.yaml in `c:\\Dev\\focus-bonus-app\\dataconnect`\n"}}
[debug] [2025-07-18T12:27:25.464Z] E0718 09:27:25.464674   17492 load.go:23] Could not load config from "c:\\Dev\\focus-bonus-app\\dataconnect": could not find dataconnect.yaml in `c:\Dev\focus-bonus-app\dataconnect`
 {"metadata":{"emulator":{"name":"dataconnect"},"message":"E0718 09:27:25.464674   17492 load.go:23] Could not load config from \"c:\\\\Dev\\\\focus-bonus-app\\\\dataconnect\": could not find dataconnect.yaml in `c:\\Dev\\focus-bonus-app\\dataconnect`\n"}}
[debug] [2025-07-18T12:27:35.465Z] E0718 09:27:35.465141   17492 load.go:23] Could not load config from "c:\\Dev\\focus-bonus-app\\dataconnect": could not find dataconnect.yaml in `c:\Dev\focus-bonus-app\dataconnect`
 {"metadata":{"emulator":{"name":"dataconnect"},"message":"E0718 09:27:35.465141   17492 load.go:23] Could not load config from \"c:\\\\Dev\\\\focus-bonus-app\\\\dataconnect\": could not find dataconnect.yaml in `c:\\Dev\\focus-bonus-app\\dataconnect`\n"}}
[debug] [2025-07-18T12:27:45.464Z] E0718 09:27:45.464705   17492 load.go:23] Could not load config from "c:\\Dev\\focus-bonus-app\\dataconnect": could not find dataconnect.yaml in `c:\Dev\focus-bonus-app\dataconnect`
 {"metadata":{"emulator":{"name":"dataconnect"},"message":"E0718 09:27:45.464705   17492 load.go:23] Could not load config from \"c:\\\\Dev\\\\focus-bonus-app\\\\dataconnect\": could not find dataconnect.yaml in `c:\\Dev\\focus-bonus-app\\dataconnect`\n"}}
[debug] [2025-07-18T12:27:55.465Z] E0718 09:27:55.464667   17492 load.go:23] Could not load config from "c:\\Dev\\focus-bonus-app\\dataconnect": could not find dataconnect.yaml in `c:\Dev\focus-bonus-app\dataconnect`
 {"metadata":{"emulator":{"name":"dataconnect"},"message":"E0718 09:27:55.464667   17492 load.go:23] Could not load config from \"c:\\\\Dev\\\\focus-bonus-app\\\\dataconnect\": could not find dataconnect.yaml in `c:\\Dev\\focus-bonus-app\\dataconnect`\n"}}
[debug] [2025-07-18T12:28:05.464Z] E0718 09:28:05.464286   17492 load.go:23] Could not load config from "c:\\Dev\\focus-bonus-app\\dataconnect": could not find dataconnect.yaml in `c:\Dev\focus-bonus-app\dataconnect`
 {"metadata":{"emulator":{"name":"dataconnect"},"message":"E0718 09:28:05.464286   17492 load.go:23] Could not load config from \"c:\\\\Dev\\\\focus-bonus-app\\\\dataconnect\": could not find dataconnect.yaml in `c:\\Dev\\focus-bonus-app\\dataconnect`\n"}}
[debug] [2025-07-18T12:28:15.464Z] E0718 09:28:15.465050   17492 load.go:23] Could not load config from "c:\\Dev\\focus-bonus-app\\dataconnect": could not find dataconnect.yaml in `c:\Dev\focus-bonus-app\dataconnect`
 {"metadata":{"emulator":{"name":"dataconnect"},"message":"E0718 09:28:15.465050   17492 load.go:23] Could not load config from \"c:\\\\Dev\\\\focus-bonus-app\\\\dataconnect\": could not find dataconnect.yaml in `c:\\Dev\\focus-bonus-app\\dataconnect`\n"}}
[debug] [2025-07-18T12:28:25.464Z] E0718 09:28:25.464658   17492 load.go:23] Could not load config from "c:\\Dev\\focus-bonus-app\\dataconnect": could not find dataconnect.yaml in `c:\Dev\focus-bonus-app\dataconnect`
E0718 09:28:25.464658   17492 watch.go:76] watchAllDir unable to walk dir `c:\Dev\focus-bonus-app\dataconnect`: on path "c:\\Dev\\focus-bonus-app\\dataconnect" (DirEntry: <nil>): CreateFile c:\Dev\focus-bonus-app\dataconnect: The system cannot find the file specified.
 {"metadata":{"emulator":{"name":"dataconnect"},"message":"E0718 09:28:25.464658   17492 load.go:23] Could not load config from \"c:\\\\Dev\\\\focus-bonus-app\\\\dataconnect\": could not find dataconnect.yaml in `c:\\Dev\\focus-bonus-app\\dataconnect`\nE0718 09:28:25.464658   17492 watch.go:76] watchAllDir unable to walk dir `c:\\Dev\\focus-bonus-app\\dataconnect`: on path \"c:\\\\Dev\\\\focus-bonus-app\\\\dataconnect\" (DirEntry: <nil>): CreateFile c:\\Dev\\focus-bonus-app\\dataconnect: The system cannot find the file specified.\n"}}
[debug] [2025-07-18T12:28:35.465Z] E0718 09:28:35.465466   17492 load.go:23] Could not load config from "c:\\Dev\\focus-bonus-app\\dataconnect": could not find dataconnect.yaml in `c:\Dev\focus-bonus-app\dataconnect`
 {"metadata":{"emulator":{"name":"dataconnect"},"message":"E0718 09:28:35.465466   17492 load.go:23] Could not load config from \"c:\\\\Dev\\\\focus-bonus-app\\\\dataconnect\": could not find dataconnect.yaml in `c:\\Dev\\focus-bonus-app\\dataconnect`\n"}}
[debug] [2025-07-18T12:28:45.464Z] E0718 09:28:45.464741   17492 load.go:23] Could not load config from "c:\\Dev\\focus-bonus-app\\dataconnect": could not find dataconnect.yaml in `c:\Dev\focus-bonus-app\dataconnect`
 {"metadata":{"emulator":{"name":"dataconnect"},"message":"E0718 09:28:45.464741   17492 load.go:23] Could not load config from \"c:\\\\Dev\\\\focus-bonus-app\\\\dataconnect\": could not find dataconnect.yaml in `c:\\Dev\\focus-bonus-app\\dataconnect`\n"}}
[debug] [2025-07-18T12:28:55.464Z] E0718 09:28:55.464636   17492 load.go:23] Could not load config from "c:\\Dev\\focus-bonus-app\\dataconnect": could not find dataconnect.yaml in `c:\Dev\focus-bonus-app\dataconnect`
 {"metadata":{"emulator":{"name":"dataconnect"},"message":"E0718 09:28:55.464636   17492 load.go:23] Could not load config from \"c:\\\\Dev\\\\focus-bonus-app\\\\dataconnect\": could not find dataconnect.yaml in `c:\\Dev\\focus-bonus-app\\dataconnect`\n"}}
[debug] [2025-07-18T12:29:05.465Z] E0718 09:29:05.464559   17492 load.go:23] Could not load config from "c:\\Dev\\focus-bonus-app\\dataconnect": could not find dataconnect.yaml in `c:\Dev\focus-bonus-app\dataconnect`
 {"metadata":{"emulator":{"name":"dataconnect"},"message":"E0718 09:29:05.464559   17492 load.go:23] Could not load config from \"c:\\\\Dev\\\\focus-bonus-app\\\\dataconnect\": could not find dataconnect.yaml in `c:\\Dev\\focus-bonus-app\\dataconnect`\n"}}
[debug] [2025-07-18T12:29:15.464Z] E0718 09:29:15.464522   17492 load.go:23] Could not load config from "c:\\Dev\\focus-bonus-app\\dataconnect": could not find dataconnect.yaml in `c:\Dev\focus-bonus-app\dataconnect`
 {"metadata":{"emulator":{"name":"dataconnect"},"message":"E0718 09:29:15.464522   17492 load.go:23] Could not load config from \"c:\\\\Dev\\\\focus-bonus-app\\\\dataconnect\": could not find dataconnect.yaml in `c:\\Dev\\focus-bonus-app\\dataconnect`\n"}}
[debug] [2025-07-18T12:29:25.464Z] E0718 09:29:25.464506   17492 load.go:23] Could not load config from "c:\\Dev\\focus-bonus-app\\dataconnect": could not find dataconnect.yaml in `c:\Dev\focus-bonus-app\dataconnect`
 {"metadata":{"emulator":{"name":"dataconnect"},"message":"E0718 09:29:25.464506   17492 load.go:23] Could not load config from \"c:\\\\Dev\\\\focus-bonus-app\\\\dataconnect\": could not find dataconnect.yaml in `c:\\Dev\\focus-bonus-app\\dataconnect`\n"}}
[debug] [2025-07-18T12:29:35.465Z] E0718 09:29:35.464658   17492 load.go:23] Could not load config from "c:\\Dev\\focus-bonus-app\\dataconnect": could not find dataconnect.yaml in `c:\Dev\focus-bonus-app\dataconnect`
 {"metadata":{"emulator":{"name":"dataconnect"},"message":"E0718 09:29:35.464658   17492 load.go:23] Could not load config from \"c:\\\\Dev\\\\focus-bonus-app\\\\dataconnect\": could not find dataconnect.yaml in `c:\\Dev\\focus-bonus-app\\dataconnect`\n"}}
[debug] [2025-07-18T12:29:45.464Z] E0718 09:29:45.464782   17492 load.go:23] Could not load config from "c:\\Dev\\focus-bonus-app\\dataconnect": could not find dataconnect.yaml in `c:\Dev\focus-bonus-app\dataconnect`
 {"metadata":{"emulator":{"name":"dataconnect"},"message":"E0718 09:29:45.464782   17492 load.go:23] Could not load config from \"c:\\\\Dev\\\\focus-bonus-app\\\\dataconnect\": could not find dataconnect.yaml in `c:\\Dev\\focus-bonus-app\\dataconnect`\n"}}
[debug] [2025-07-18T12:29:55.464Z] E0718 09:29:55.464632   17492 load.go:23] Could not load config from "c:\\Dev\\focus-bonus-app\\dataconnect": could not find dataconnect.yaml in `c:\Dev\focus-bonus-app\dataconnect`
 {"metadata":{"emulator":{"name":"dataconnect"},"message":"E0718 09:29:55.464632   17492 load.go:23] Could not load config from \"c:\\\\Dev\\\\focus-bonus-app\\\\dataconnect\": could not find dataconnect.yaml in `c:\\Dev\\focus-bonus-app\\dataconnect`\n"}}
[debug] [2025-07-18T12:30:05.465Z] E0718 09:30:05.464803   17492 load.go:23] Could not load config from "c:\\Dev\\focus-bonus-app\\dataconnect": could not find dataconnect.yaml in `c:\Dev\focus-bonus-app\dataconnect`
 {"metadata":{"emulator":{"name":"dataconnect"},"message":"E0718 09:30:05.464803   17492 load.go:23] Could not load config from \"c:\\\\Dev\\\\focus-bonus-app\\\\dataconnect\": could not find dataconnect.yaml in `c:\\Dev\\focus-bonus-app\\dataconnect`\n"}}
[debug] [2025-07-18T12:30:15.464Z] E0718 09:30:15.464970   17492 load.go:23] Could not load config from "c:\\Dev\\focus-bonus-app\\dataconnect": could not find dataconnect.yaml in `c:\Dev\focus-bonus-app\dataconnect`
 {"metadata":{"emulator":{"name":"dataconnect"},"message":"E0718 09:30:15.464970   17492 load.go:23] Could not load config from \"c:\\\\Dev\\\\focus-bonus-app\\\\dataconnect\": could not find dataconnect.yaml in `c:\\Dev\\focus-bonus-app\\dataconnect`\n"}}
[debug] [2025-07-18T12:30:25.464Z] E0718 09:30:25.464711   17492 load.go:23] Could not load config from "c:\\Dev\\focus-bonus-app\\dataconnect": could not find dataconnect.yaml in `c:\Dev\focus-bonus-app\dataconnect`
E0718 09:30:25.464711   17492 watch.go:76] watchAllDir unable to walk dir `c:\Dev\focus-bonus-app\dataconnect`: on path "c:\\Dev\\focus-bonus-app\\dataconnect" (DirEntry: <nil>): CreateFile c:\Dev\focus-bonus-app\dataconnect: The system cannot find the file specified.
 {"metadata":{"emulator":{"name":"dataconnect"},"message":"E0718 09:30:25.464711   17492 load.go:23] Could not load config from \"c:\\\\Dev\\\\focus-bonus-app\\\\dataconnect\": could not find dataconnect.yaml in `c:\\Dev\\focus-bonus-app\\dataconnect`\nE0718 09:30:25.464711   17492 watch.go:76] watchAllDir unable to walk dir `c:\\Dev\\focus-bonus-app\\dataconnect`: on path \"c:\\\\Dev\\\\focus-bonus-app\\\\dataconnect\" (DirEntry: <nil>): CreateFile c:\\Dev\\focus-bonus-app\\dataconnect: The system cannot find the file specified.\n"}}
[debug] [2025-07-18T12:30:35.465Z] E0718 09:30:35.464832   17492 load.go:23] Could not load config from "c:\\Dev\\focus-bonus-app\\dataconnect": could not find dataconnect.yaml in `c:\Dev\focus-bonus-app\dataconnect`
 {"metadata":{"emulator":{"name":"dataconnect"},"message":"E0718 09:30:35.464832   17492 load.go:23] Could not load config from \"c:\\\\Dev\\\\focus-bonus-app\\\\dataconnect\": could not find dataconnect.yaml in `c:\\Dev\\focus-bonus-app\\dataconnect`\n"}}
[debug] [2025-07-18T12:30:45.464Z] E0718 09:30:45.464893   17492 load.go:23] Could not load config from "c:\\Dev\\focus-bonus-app\\dataconnect": could not find dataconnect.yaml in `c:\Dev\focus-bonus-app\dataconnect`
 {"metadata":{"emulator":{"name":"dataconnect"},"message":"E0718 09:30:45.464893   17492 load.go:23] Could not load config from \"c:\\\\Dev\\\\focus-bonus-app\\\\dataconnect\": could not find dataconnect.yaml in `c:\\Dev\\focus-bonus-app\\dataconnect`\n"}}
[debug] [2025-07-18T12:30:55.465Z] E0718 09:30:55.464383   17492 load.go:23] Could not load config from "c:\\Dev\\focus-bonus-app\\dataconnect": could not find dataconnect.yaml in `c:\Dev\focus-bonus-app\dataconnect`
 {"metadata":{"emulator":{"name":"dataconnect"},"message":"E0718 09:30:55.464383   17492 load.go:23] Could not load config from \"c:\\\\Dev\\\\focus-bonus-app\\\\dataconnect\": could not find dataconnect.yaml in `c:\\Dev\\focus-bonus-app\\dataconnect`\n"}}
[debug] [2025-07-18T12:31:05.465Z] E0718 09:31:05.464676   17492 load.go:23] Could not load config from "c:\\Dev\\focus-bonus-app\\dataconnect": could not find dataconnect.yaml in `c:\Dev\focus-bonus-app\dataconnect`
 {"metadata":{"emulator":{"name":"dataconnect"},"message":"E0718 09:31:05.464676   17492 load.go:23] Could not load config from \"c:\\\\Dev\\\\focus-bonus-app\\\\dataconnect\": could not find dataconnect.yaml in `c:\\Dev\\focus-bonus-app\\dataconnect`\n"}}
[debug] [2025-07-18T12:31:15.465Z] E0718 09:31:15.464733   17492 load.go:23] Could not load config from "c:\\Dev\\focus-bonus-app\\dataconnect": could not find dataconnect.yaml in `c:\Dev\focus-bonus-app\dataconnect`
 {"metadata":{"emulator":{"name":"dataconnect"},"message":"E0718 09:31:15.464733   17492 load.go:23] Could not load config from \"c:\\\\Dev\\\\focus-bonus-app\\\\dataconnect\": could not find dataconnect.yaml in `c:\\Dev\\focus-bonus-app\\dataconnect`\n"}}
[debug] [2025-07-18T12:31:25.464Z] E0718 09:31:25.464456   17492 load.go:23] Could not load config from "c:\\Dev\\focus-bonus-app\\dataconnect": could not find dataconnect.yaml in `c:\Dev\focus-bonus-app\dataconnect`
 {"metadata":{"emulator":{"name":"dataconnect"},"message":"E0718 09:31:25.464456   17492 load.go:23] Could not load config from \"c:\\\\Dev\\\\focus-bonus-app\\\\dataconnect\": could not find dataconnect.yaml in `c:\\Dev\\focus-bonus-app\\dataconnect`\n"}}
[debug] [2025-07-18T12:31:35.466Z] E0718 09:31:35.465016   17492 load.go:23] Could not load config from "c:\\Dev\\focus-bonus-app\\dataconnect": could not find dataconnect.yaml in `c:\Dev\focus-bonus-app\dataconnect`
 {"metadata":{"emulator":{"name":"dataconnect"},"message":"E0718 09:31:35.465016   17492 load.go:23] Could not load config from \"c:\\\\Dev\\\\focus-bonus-app\\\\dataconnect\": could not find dataconnect.yaml in `c:\\Dev\\focus-bonus-app\\dataconnect`\n"}}
[debug] [2025-07-18T12:31:45.465Z] E0718 09:31:45.464534   17492 load.go:23] Could not load config from "c:\\Dev\\focus-bonus-app\\dataconnect": could not find dataconnect.yaml in `c:\Dev\focus-bonus-app\dataconnect`
 {"metadata":{"emulator":{"name":"dataconnect"},"message":"E0718 09:31:45.464534   17492 load.go:23] Could not load config from \"c:\\\\Dev\\\\focus-bonus-app\\\\dataconnect\": could not find dataconnect.yaml in `c:\\Dev\\focus-bonus-app\\dataconnect`\n"}}
[debug] [2025-07-18T12:31:55.465Z] E0718 09:31:55.464617   17492 load.go:23] Could not load config from "c:\\Dev\\focus-bonus-app\\dataconnect": could not find dataconnect.yaml in `c:\Dev\focus-bonus-app\dataconnect`
 {"metadata":{"emulator":{"name":"dataconnect"},"message":"E0718 09:31:55.464617   17492 load.go:23] Could not load config from \"c:\\\\Dev\\\\focus-bonus-app\\\\dataconnect\": could not find dataconnect.yaml in `c:\\Dev\\focus-bonus-app\\dataconnect`\n"}}
[debug] [2025-07-18T12:32:05.465Z] E0718 09:32:05.465061   17492 load.go:23] Could not load config from "c:\\Dev\\focus-bonus-app\\dataconnect": could not find dataconnect.yaml in `c:\Dev\focus-bonus-app\dataconnect`
 {"metadata":{"emulator":{"name":"dataconnect"},"message":"E0718 09:32:05.465061   17492 load.go:23] Could not load config from \"c:\\\\Dev\\\\focus-bonus-app\\\\dataconnect\": could not find dataconnect.yaml in `c:\\Dev\\focus-bonus-app\\dataconnect`\n"}}
[debug] [2025-07-18T12:32:15.465Z] E0718 09:32:15.464508   17492 load.go:23] Could not load config from "c:\\Dev\\focus-bonus-app\\dataconnect": could not find dataconnect.yaml in `c:\Dev\focus-bonus-app\dataconnect`
 {"metadata":{"emulator":{"name":"dataconnect"},"message":"E0718 09:32:15.464508   17492 load.go:23] Could not load config from \"c:\\\\Dev\\\\focus-bonus-app\\\\dataconnect\": could not find dataconnect.yaml in `c:\\Dev\\focus-bonus-app\\dataconnect`\n"}}
[debug] [2025-07-18T12:32:25.465Z] E0718 09:32:25.464925   17492 load.go:23] Could not load config from "c:\\Dev\\focus-bonus-app\\dataconnect": could not find dataconnect.yaml in `c:\Dev\focus-bonus-app\dataconnect`
E0718 09:32:25.465481   17492 watch.go:76] watchAllDir unable to walk dir `c:\Dev\focus-bonus-app\dataconnect`: on path "c:\\Dev\\focus-bonus-app\\dataconnect" (DirEntry: <nil>): CreateFile c:\Dev\focus-bonus-app\dataconnect: The system cannot find the file specified.
 {"metadata":{"emulator":{"name":"dataconnect"},"message":"E0718 09:32:25.464925   17492 load.go:23] Could not load config from \"c:\\\\Dev\\\\focus-bonus-app\\\\dataconnect\": could not find dataconnect.yaml in `c:\\Dev\\focus-bonus-app\\dataconnect`\nE0718 09:32:25.465481   17492 watch.go:76] watchAllDir unable to walk dir `c:\\Dev\\focus-bonus-app\\dataconnect`: on path \"c:\\\\Dev\\\\focus-bonus-app\\\\dataconnect\" (DirEntry: <nil>): CreateFile c:\\Dev\\focus-bonus-app\\dataconnect: The system cannot find the file specified.\n"}}
[debug] [2025-07-18T12:32:35.465Z] E0718 09:32:35.464827   17492 load.go:23] Could not load config from "c:\\Dev\\focus-bonus-app\\dataconnect": could not find dataconnect.yaml in `c:\Dev\focus-bonus-app\dataconnect`
 {"metadata":{"emulator":{"name":"dataconnect"},"message":"E0718 09:32:35.464827   17492 load.go:23] Could not load config from \"c:\\\\Dev\\\\focus-bonus-app\\\\dataconnect\": could not find dataconnect.yaml in `c:\\Dev\\focus-bonus-app\\dataconnect`\n"}}
[debug] [2025-07-18T12:32:45.465Z] E0718 09:32:45.465138   17492 load.go:23] Could not load config from "c:\\Dev\\focus-bonus-app\\dataconnect": could not find dataconnect.yaml in `c:\Dev\focus-bonus-app\dataconnect`
 {"metadata":{"emulator":{"name":"dataconnect"},"message":"E0718 09:32:45.465138   17492 load.go:23] Could not load config from \"c:\\\\Dev\\\\focus-bonus-app\\\\dataconnect\": could not find dataconnect.yaml in `c:\\Dev\\focus-bonus-app\\dataconnect`\n"}}
[debug] [2025-07-18T12:32:55.465Z] E0718 09:32:55.465025   17492 load.go:23] Could not load config from "c:\\Dev\\focus-bonus-app\\dataconnect": could not find dataconnect.yaml in `c:\Dev\focus-bonus-app\dataconnect`
 {"metadata":{"emulator":{"name":"dataconnect"},"message":"E0718 09:32:55.465025   17492 load.go:23] Could not load config from \"c:\\\\Dev\\\\focus-bonus-app\\\\dataconnect\": could not find dataconnect.yaml in `c:\\Dev\\focus-bonus-app\\dataconnect`\n"}}
[debug] [2025-07-18T12:33:05.464Z] E0718 09:33:05.464797   17492 load.go:23] Could not load config from "c:\\Dev\\focus-bonus-app\\dataconnect": could not find dataconnect.yaml in `c:\Dev\focus-bonus-app\dataconnect`
 {"metadata":{"emulator":{"name":"dataconnect"},"message":"E0718 09:33:05.464797   17492 load.go:23] Could not load config from \"c:\\\\Dev\\\\focus-bonus-app\\\\dataconnect\": could not find dataconnect.yaml in `c:\\Dev\\focus-bonus-app\\dataconnect`\n"}}
[debug] [2025-07-18T12:33:15.464Z] E0718 09:33:15.464315   17492 load.go:23] Could not load config from "c:\\Dev\\focus-bonus-app\\dataconnect": could not find dataconnect.yaml in `c:\Dev\focus-bonus-app\dataconnect`
 {"metadata":{"emulator":{"name":"dataconnect"},"message":"E0718 09:33:15.464315   17492 load.go:23] Could not load config from \"c:\\\\Dev\\\\focus-bonus-app\\\\dataconnect\": could not find dataconnect.yaml in `c:\\Dev\\focus-bonus-app\\dataconnect`\n"}}
[debug] [2025-07-18T12:33:25.465Z] E0718 09:33:25.464703   17492 load.go:23] Could not load config from "c:\\Dev\\focus-bonus-app\\dataconnect": could not find dataconnect.yaml in `c:\Dev\focus-bonus-app\dataconnect`
 {"metadata":{"emulator":{"name":"dataconnect"},"message":"E0718 09:33:25.464703   17492 load.go:23] Could not load config from \"c:\\\\Dev\\\\focus-bonus-app\\\\dataconnect\": could not find dataconnect.yaml in `c:\\Dev\\focus-bonus-app\\dataconnect`\n"}}
[debug] [2025-07-18T12:33:35.465Z] E0718 09:33:35.464412   17492 load.go:23] Could not load config from "c:\\Dev\\focus-bonus-app\\dataconnect": could not find dataconnect.yaml in `c:\Dev\focus-bonus-app\dataconnect`
 {"metadata":{"emulator":{"name":"dataconnect"},"message":"E0718 09:33:35.464412   17492 load.go:23] Could not load config from \"c:\\\\Dev\\\\focus-bonus-app\\\\dataconnect\": could not find dataconnect.yaml in `c:\\Dev\\focus-bonus-app\\dataconnect`\n"}}
[debug] [2025-07-18T12:33:45.464Z] E0718 09:33:45.464683   17492 load.go:23] Could not load config from "c:\\Dev\\focus-bonus-app\\dataconnect": could not find dataconnect.yaml in `c:\Dev\focus-bonus-app\dataconnect`
 {"metadata":{"emulator":{"name":"dataconnect"},"message":"E0718 09:33:45.464683   17492 load.go:23] Could not load config from \"c:\\\\Dev\\\\focus-bonus-app\\\\dataconnect\": could not find dataconnect.yaml in `c:\\Dev\\focus-bonus-app\\dataconnect`\n"}}
[debug] [2025-07-18T12:33:55.464Z] E0718 09:33:55.464389   17492 load.go:23] Could not load config from "c:\\Dev\\focus-bonus-app\\dataconnect": could not find dataconnect.yaml in `c:\Dev\focus-bonus-app\dataconnect`
 {"metadata":{"emulator":{"name":"dataconnect"},"message":"E0718 09:33:55.464389   17492 load.go:23] Could not load config from \"c:\\\\Dev\\\\focus-bonus-app\\\\dataconnect\": could not find dataconnect.yaml in `c:\\Dev\\focus-bonus-app\\dataconnect`\n"}}
[debug] [2025-07-18T12:34:05.465Z] E0718 09:34:05.465800   17492 load.go:23] Could not load config from "c:\\Dev\\focus-bonus-app\\dataconnect": could not find dataconnect.yaml in `c:\Dev\focus-bonus-app\dataconnect`
 {"metadata":{"emulator":{"name":"dataconnect"},"message":"E0718 09:34:05.465800   17492 load.go:23] Could not load config from \"c:\\\\Dev\\\\focus-bonus-app\\\\dataconnect\": could not find dataconnect.yaml in `c:\\Dev\\focus-bonus-app\\dataconnect`\n"}}
[debug] [2025-07-18T12:34:15.465Z] E0718 09:34:15.465366   17492 load.go:23] Could not load config from "c:\\Dev\\focus-bonus-app\\dataconnect": could not find dataconnect.yaml in `c:\Dev\focus-bonus-app\dataconnect`
 {"metadata":{"emulator":{"name":"dataconnect"},"message":"E0718 09:34:15.465366   17492 load.go:23] Could not load config from \"c:\\\\Dev\\\\focus-bonus-app\\\\dataconnect\": could not find dataconnect.yaml in `c:\\Dev\\focus-bonus-app\\dataconnect`\n"}}
[debug] [2025-07-18T12:34:25.464Z] E0718 09:34:25.464459   17492 load.go:23] Could not load config from "c:\\Dev\\focus-bonus-app\\dataconnect": could not find dataconnect.yaml in `c:\Dev\focus-bonus-app\dataconnect`
E0718 09:34:25.464459   17492 watch.go:76] watchAllDir unable to walk dir `c:\Dev\focus-bonus-app\dataconnect`: on path "c:\\Dev\\focus-bonus-app\\dataconnect" (DirEntry: <nil>): CreateFile c:\Dev\focus-bonus-app\dataconnect: The system cannot find the file specified.
 {"metadata":{"emulator":{"name":"dataconnect"},"message":"E0718 09:34:25.464459   17492 load.go:23] Could not load config from \"c:\\\\Dev\\\\focus-bonus-app\\\\dataconnect\": could not find dataconnect.yaml in `c:\\Dev\\focus-bonus-app\\dataconnect`\nE0718 09:34:25.464459   17492 watch.go:76] watchAllDir unable to walk dir `c:\\Dev\\focus-bonus-app\\dataconnect`: on path \"c:\\\\Dev\\\\focus-bonus-app\\\\dataconnect\" (DirEntry: <nil>): CreateFile c:\\Dev\\focus-bonus-app\\dataconnect: The system cannot find the file specified.\n"}}
[debug] [2025-07-18T12:34:35.465Z] E0718 09:34:35.464396   17492 load.go:23] Could not load config from "c:\\Dev\\focus-bonus-app\\dataconnect": could not find dataconnect.yaml in `c:\Dev\focus-bonus-app\dataconnect`
 {"metadata":{"emulator":{"name":"dataconnect"},"message":"E0718 09:34:35.464396   17492 load.go:23] Could not load config from \"c:\\\\Dev\\\\focus-bonus-app\\\\dataconnect\": could not find dataconnect.yaml in `c:\\Dev\\focus-bonus-app\\dataconnect`\n"}}
[debug] [2025-07-18T12:34:45.464Z] E0718 09:34:45.464379   17492 load.go:23] Could not load config from "c:\\Dev\\focus-bonus-app\\dataconnect": could not find dataconnect.yaml in `c:\Dev\focus-bonus-app\dataconnect`
 {"metadata":{"emulator":{"name":"dataconnect"},"message":"E0718 09:34:45.464379   17492 load.go:23] Could not load config from \"c:\\\\Dev\\\\focus-bonus-app\\\\dataconnect\": could not find dataconnect.yaml in `c:\\Dev\\focus-bonus-app\\dataconnect`\n"}}
[debug] [2025-07-18T12:34:55.464Z] E0718 09:34:55.464574   17492 load.go:23] Could not load config from "c:\\Dev\\focus-bonus-app\\dataconnect": could not find dataconnect.yaml in `c:\Dev\focus-bonus-app\dataconnect`
 {"metadata":{"emulator":{"name":"dataconnect"},"message":"E0718 09:34:55.464574   17492 load.go:23] Could not load config from \"c:\\\\Dev\\\\focus-bonus-app\\\\dataconnect\": could not find dataconnect.yaml in `c:\\Dev\\focus-bonus-app\\dataconnect`\n"}}
[debug] [2025-07-18T12:35:05.465Z] E0718 09:35:05.464283   17492 load.go:23] Could not load config from "c:\\Dev\\focus-bonus-app\\dataconnect": could not find dataconnect.yaml in `c:\Dev\focus-bonus-app\dataconnect`
 {"metadata":{"emulator":{"name":"dataconnect"},"message":"E0718 09:35:05.464283   17492 load.go:23] Could not load config from \"c:\\\\Dev\\\\focus-bonus-app\\\\dataconnect\": could not find dataconnect.yaml in `c:\\Dev\\focus-bonus-app\\dataconnect`\n"}}
[debug] [2025-07-18T12:35:15.465Z] E0718 09:35:15.465296   17492 load.go:23] Could not load config from "c:\\Dev\\focus-bonus-app\\dataconnect": could not find dataconnect.yaml in `c:\Dev\focus-bonus-app\dataconnect`
 {"metadata":{"emulator":{"name":"dataconnect"},"message":"E0718 09:35:15.465296   17492 load.go:23] Could not load config from \"c:\\\\Dev\\\\focus-bonus-app\\\\dataconnect\": could not find dataconnect.yaml in `c:\\Dev\\focus-bonus-app\\dataconnect`\n"}}
[debug] [2025-07-18T12:35:25.464Z] E0718 09:35:25.464900   17492 load.go:23] Could not load config from "c:\\Dev\\focus-bonus-app\\dataconnect": could not find dataconnect.yaml in `c:\Dev\focus-bonus-app\dataconnect`
 {"metadata":{"emulator":{"name":"dataconnect"},"message":"E0718 09:35:25.464900   17492 load.go:23] Could not load config from \"c:\\\\Dev\\\\focus-bonus-app\\\\dataconnect\": could not find dataconnect.yaml in `c:\\Dev\\focus-bonus-app\\dataconnect`\n"}}
[debug] [2025-07-18T12:35:35.464Z] E0718 09:35:35.464446   17492 load.go:23] Could not load config from "c:\\Dev\\focus-bonus-app\\dataconnect": could not find dataconnect.yaml in `c:\Dev\focus-bonus-app\dataconnect`
 {"metadata":{"emulator":{"name":"dataconnect"},"message":"E0718 09:35:35.464446   17492 load.go:23] Could not load config from \"c:\\\\Dev\\\\focus-bonus-app\\\\dataconnect\": could not find dataconnect.yaml in `c:\\Dev\\focus-bonus-app\\dataconnect`\n"}}
[debug] [2025-07-18T12:35:45.465Z] E0718 09:35:45.464748   17492 load.go:23] Could not load config from "c:\\Dev\\focus-bonus-app\\dataconnect": could not find dataconnect.yaml in `c:\Dev\focus-bonus-app\dataconnect`
 {"metadata":{"emulator":{"name":"dataconnect"},"message":"E0718 09:35:45.464748   17492 load.go:23] Could not load config from \"c:\\\\Dev\\\\focus-bonus-app\\\\dataconnect\": could not find dataconnect.yaml in `c:\\Dev\\focus-bonus-app\\dataconnect`\n"}}
[debug] [2025-07-18T12:35:55.464Z] E0718 09:35:55.464767   17492 load.go:23] Could not load config from "c:\\Dev\\focus-bonus-app\\dataconnect": could not find dataconnect.yaml in `c:\Dev\focus-bonus-app\dataconnect`
 {"metadata":{"emulator":{"name":"dataconnect"},"message":"E0718 09:35:55.464767   17492 load.go:23] Could not load config from \"c:\\\\Dev\\\\focus-bonus-app\\\\dataconnect\": could not find dataconnect.yaml in `c:\\Dev\\focus-bonus-app\\dataconnect`\n"}}
[debug] [2025-07-18T12:36:05.465Z] E0718 09:36:05.465167   17492 load.go:23] Could not load config from "c:\\Dev\\focus-bonus-app\\dataconnect": could not find dataconnect.yaml in `c:\Dev\focus-bonus-app\dataconnect`
 {"metadata":{"emulator":{"name":"dataconnect"},"message":"E0718 09:36:05.465167   17492 load.go:23] Could not load config from \"c:\\\\Dev\\\\focus-bonus-app\\\\dataconnect\": could not find dataconnect.yaml in `c:\\Dev\\focus-bonus-app\\dataconnect`\n"}}
[debug] [2025-07-18T12:36:15.464Z] E0718 09:36:15.464440   17492 load.go:23] Could not load config from "c:\\Dev\\focus-bonus-app\\dataconnect": could not find dataconnect.yaml in `c:\Dev\focus-bonus-app\dataconnect`
 {"metadata":{"emulator":{"name":"dataconnect"},"message":"E0718 09:36:15.464440   17492 load.go:23] Could not load config from \"c:\\\\Dev\\\\focus-bonus-app\\\\dataconnect\": could not find dataconnect.yaml in `c:\\Dev\\focus-bonus-app\\dataconnect`\n"}}
[debug] [2025-07-18T12:36:25.464Z] E0718 09:36:25.465142   17492 load.go:23] Could not load config from "c:\\Dev\\focus-bonus-app\\dataconnect": could not find dataconnect.yaml in `c:\Dev\focus-bonus-app\dataconnect`
E0718 09:36:25.465142   17492 watch.go:76] watchAllDir unable to walk dir `c:\Dev\focus-bonus-app\dataconnect`: on path "c:\\Dev\\focus-bonus-app\\dataconnect" (DirEntry: <nil>): CreateFile c:\Dev\focus-bonus-app\dataconnect: The system cannot find the file specified.
 {"metadata":{"emulator":{"name":"dataconnect"},"message":"E0718 09:36:25.465142   17492 load.go:23] Could not load config from \"c:\\\\Dev\\\\focus-bonus-app\\\\dataconnect\": could not find dataconnect.yaml in `c:\\Dev\\focus-bonus-app\\dataconnect`\nE0718 09:36:25.465142   17492 watch.go:76] watchAllDir unable to walk dir `c:\\Dev\\focus-bonus-app\\dataconnect`: on path \"c:\\\\Dev\\\\focus-bonus-app\\\\dataconnect\" (DirEntry: <nil>): CreateFile c:\\Dev\\focus-bonus-app\\dataconnect: The system cannot find the file specified.\n"}}
[debug] [2025-07-18T12:36:35.464Z] E0718 09:36:35.464604   17492 load.go:23] Could not load config from "c:\\Dev\\focus-bonus-app\\dataconnect": could not find dataconnect.yaml in `c:\Dev\focus-bonus-app\dataconnect`
 {"metadata":{"emulator":{"name":"dataconnect"},"message":"E0718 09:36:35.464604   17492 load.go:23] Could not load config from \"c:\\\\Dev\\\\focus-bonus-app\\\\dataconnect\": could not find dataconnect.yaml in `c:\\Dev\\focus-bonus-app\\dataconnect`\n"}}
[debug] [2025-07-18T12:36:45.463Z] E0718 09:36:45.464419   17492 load.go:23] Could not load config from "c:\\Dev\\focus-bonus-app\\dataconnect": could not find dataconnect.yaml in `c:\Dev\focus-bonus-app\dataconnect`
 {"metadata":{"emulator":{"name":"dataconnect"},"message":"E0718 09:36:45.464419   17492 load.go:23] Could not load config from \"c:\\\\Dev\\\\focus-bonus-app\\\\dataconnect\": could not find dataconnect.yaml in `c:\\Dev\\focus-bonus-app\\dataconnect`\n"}}
[debug] [2025-07-18T12:36:55.467Z] E0718 09:36:55.466949   17492 load.go:23] Could not load config from "c:\\Dev\\focus-bonus-app\\dataconnect": could not find dataconnect.yaml in `c:\Dev\focus-bonus-app\dataconnect`
 {"metadata":{"emulator":{"name":"dataconnect"},"message":"E0718 09:36:55.466949   17492 load.go:23] Could not load config from \"c:\\\\Dev\\\\focus-bonus-app\\\\dataconnect\": could not find dataconnect.yaml in `c:\\Dev\\focus-bonus-app\\dataconnect`\n"}}
[debug] [2025-07-18T12:37:05.464Z] E0718 09:37:05.464698   17492 load.go:23] Could not load config from "c:\\Dev\\focus-bonus-app\\dataconnect": could not find dataconnect.yaml in `c:\Dev\focus-bonus-app\dataconnect`
 {"metadata":{"emulator":{"name":"dataconnect"},"message":"E0718 09:37:05.464698   17492 load.go:23] Could not load config from \"c:\\\\Dev\\\\focus-bonus-app\\\\dataconnect\": could not find dataconnect.yaml in `c:\\Dev\\focus-bonus-app\\dataconnect`\n"}}
[debug] [2025-07-18T12:37:15.465Z] E0718 09:37:15.464572   17492 load.go:23] Could not load config from "c:\\Dev\\focus-bonus-app\\dataconnect": could not find dataconnect.yaml in `c:\Dev\focus-bonus-app\dataconnect`
 {"metadata":{"emulator":{"name":"dataconnect"},"message":"E0718 09:37:15.464572   17492 load.go:23] Could not load config from \"c:\\\\Dev\\\\focus-bonus-app\\\\dataconnect\": could not find dataconnect.yaml in `c:\\Dev\\focus-bonus-app\\dataconnect`\n"}}
[debug] [2025-07-18T12:37:25.465Z] E0718 09:37:25.464561   17492 load.go:23] Could not load config from "c:\\Dev\\focus-bonus-app\\dataconnect": could not find dataconnect.yaml in `c:\Dev\focus-bonus-app\dataconnect`
 {"metadata":{"emulator":{"name":"dataconnect"},"message":"E0718 09:37:25.464561   17492 load.go:23] Could not load config from \"c:\\\\Dev\\\\focus-bonus-app\\\\dataconnect\": could not find dataconnect.yaml in `c:\\Dev\\focus-bonus-app\\dataconnect`\n"}}
[debug] [2025-07-18T12:37:35.465Z] E0718 09:37:35.465439   17492 load.go:23] Could not load config from "c:\\Dev\\focus-bonus-app\\dataconnect": could not find dataconnect.yaml in `c:\Dev\focus-bonus-app\dataconnect`
 {"metadata":{"emulator":{"name":"dataconnect"},"message":"E0718 09:37:35.465439   17492 load.go:23] Could not load config from \"c:\\\\Dev\\\\focus-bonus-app\\\\dataconnect\": could not find dataconnect.yaml in `c:\\Dev\\focus-bonus-app\\dataconnect`\n"}}
[debug] [2025-07-18T12:37:45.465Z] E0718 09:37:45.464528   17492 load.go:23] Could not load config from "c:\\Dev\\focus-bonus-app\\dataconnect": could not find dataconnect.yaml in `c:\Dev\focus-bonus-app\dataconnect`
 {"metadata":{"emulator":{"name":"dataconnect"},"message":"E0718 09:37:45.464528   17492 load.go:23] Could not load config from \"c:\\\\Dev\\\\focus-bonus-app\\\\dataconnect\": could not find dataconnect.yaml in `c:\\Dev\\focus-bonus-app\\dataconnect`\n"}}
[debug] [2025-07-18T12:37:55.464Z] E0718 09:37:55.464575   17492 load.go:23] Could not load config from "c:\\Dev\\focus-bonus-app\\dataconnect": could not find dataconnect.yaml in `c:\Dev\focus-bonus-app\dataconnect`
 {"metadata":{"emulator":{"name":"dataconnect"},"message":"E0718 09:37:55.464575   17492 load.go:23] Could not load config from \"c:\\\\Dev\\\\focus-bonus-app\\\\dataconnect\": could not find dataconnect.yaml in `c:\\Dev\\focus-bonus-app\\dataconnect`\n"}}
[debug] [2025-07-18T12:38:05.464Z] E0718 09:38:05.464945   17492 load.go:23] Could not load config from "c:\\Dev\\focus-bonus-app\\dataconnect": could not find dataconnect.yaml in `c:\Dev\focus-bonus-app\dataconnect`
 {"metadata":{"emulator":{"name":"dataconnect"},"message":"E0718 09:38:05.464945   17492 load.go:23] Could not load config from \"c:\\\\Dev\\\\focus-bonus-app\\\\dataconnect\": could not find dataconnect.yaml in `c:\\Dev\\focus-bonus-app\\dataconnect`\n"}}
[debug] [2025-07-18T12:38:15.465Z] E0718 09:38:15.464813   17492 load.go:23] Could not load config from "c:\\Dev\\focus-bonus-app\\dataconnect": could not find dataconnect.yaml in `c:\Dev\focus-bonus-app\dataconnect`
 {"metadata":{"emulator":{"name":"dataconnect"},"message":"E0718 09:38:15.464813   17492 load.go:23] Could not load config from \"c:\\\\Dev\\\\focus-bonus-app\\\\dataconnect\": could not find dataconnect.yaml in `c:\\Dev\\focus-bonus-app\\dataconnect`\n"}}
[debug] [2025-07-18T12:38:25.464Z] E0718 09:38:25.464407   17492 load.go:23] Could not load config from "c:\\Dev\\focus-bonus-app\\dataconnect": could not find dataconnect.yaml in `c:\Dev\focus-bonus-app\dataconnect`
E0718 09:38:25.464407   17492 watch.go:76] watchAllDir unable to walk dir `c:\Dev\focus-bonus-app\dataconnect`: on path "c:\\Dev\\focus-bonus-app\\dataconnect" (DirEntry: <nil>): CreateFile c:\Dev\focus-bonus-app\dataconnect: The system cannot find the file specified.
 {"metadata":{"emulator":{"name":"dataconnect"},"message":"E0718 09:38:25.464407   17492 load.go:23] Could not load config from \"c:\\\\Dev\\\\focus-bonus-app\\\\dataconnect\": could not find dataconnect.yaml in `c:\\Dev\\focus-bonus-app\\dataconnect`\nE0718 09:38:25.464407   17492 watch.go:76] watchAllDir unable to walk dir `c:\\Dev\\focus-bonus-app\\dataconnect`: on path \"c:\\\\Dev\\\\focus-bonus-app\\\\dataconnect\" (DirEntry: <nil>): CreateFile c:\\Dev\\focus-bonus-app\\dataconnect: The system cannot find the file specified.\n"}}
[debug] [2025-07-18T12:38:35.464Z] E0718 09:38:35.464522   17492 load.go:23] Could not load config from "c:\\Dev\\focus-bonus-app\\dataconnect": could not find dataconnect.yaml in `c:\Dev\focus-bonus-app\dataconnect`
 {"metadata":{"emulator":{"name":"dataconnect"},"message":"E0718 09:38:35.464522   17492 load.go:23] Could not load config from \"c:\\\\Dev\\\\focus-bonus-app\\\\dataconnect\": could not find dataconnect.yaml in `c:\\Dev\\focus-bonus-app\\dataconnect`\n"}}
[debug] [2025-07-18T12:38:45.465Z] E0718 09:38:45.464227   17492 load.go:23] Could not load config from "c:\\Dev\\focus-bonus-app\\dataconnect": could not find dataconnect.yaml in `c:\Dev\focus-bonus-app\dataconnect`
 {"metadata":{"emulator":{"name":"dataconnect"},"message":"E0718 09:38:45.464227   17492 load.go:23] Could not load config from \"c:\\\\Dev\\\\focus-bonus-app\\\\dataconnect\": could not find dataconnect.yaml in `c:\\Dev\\focus-bonus-app\\dataconnect`\n"}}
[debug] [2025-07-18T12:38:55.464Z] E0718 09:38:55.464309   17492 load.go:23] Could not load config from "c:\\Dev\\focus-bonus-app\\dataconnect": could not find dataconnect.yaml in `c:\Dev\focus-bonus-app\dataconnect`
 {"metadata":{"emulator":{"name":"dataconnect"},"message":"E0718 09:38:55.464309   17492 load.go:23] Could not load config from \"c:\\\\Dev\\\\focus-bonus-app\\\\dataconnect\": could not find dataconnect.yaml in `c:\\Dev\\focus-bonus-app\\dataconnect`\n"}}
[debug] [2025-07-18T12:39:05.465Z] E0718 09:39:05.464911   17492 load.go:23] Could not load config from "c:\\Dev\\focus-bonus-app\\dataconnect": could not find dataconnect.yaml in `c:\Dev\focus-bonus-app\dataconnect`
 {"metadata":{"emulator":{"name":"dataconnect"},"message":"E0718 09:39:05.464911   17492 load.go:23] Could not load config from \"c:\\\\Dev\\\\focus-bonus-app\\\\dataconnect\": could not find dataconnect.yaml in `c:\\Dev\\focus-bonus-app\\dataconnect`\n"}}
[debug] [2025-07-18T12:39:15.466Z] E0718 09:39:15.465465   17492 load.go:23] Could not load config from "c:\\Dev\\focus-bonus-app\\dataconnect": could not find dataconnect.yaml in `c:\Dev\focus-bonus-app\dataconnect`
 {"metadata":{"emulator":{"name":"dataconnect"},"message":"E0718 09:39:15.465465   17492 load.go:23] Could not load config from \"c:\\\\Dev\\\\focus-bonus-app\\\\dataconnect\": could not find dataconnect.yaml in `c:\\Dev\\focus-bonus-app\\dataconnect`\n"}}
[debug] [2025-07-18T12:39:25.465Z] E0718 09:39:25.464554   17492 load.go:23] Could not load config from "c:\\Dev\\focus-bonus-app\\dataconnect": could not find dataconnect.yaml in `c:\Dev\focus-bonus-app\dataconnect`
 {"metadata":{"emulator":{"name":"dataconnect"},"message":"E0718 09:39:25.464554   17492 load.go:23] Could not load config from \"c:\\\\Dev\\\\focus-bonus-app\\\\dataconnect\": could not find dataconnect.yaml in `c:\\Dev\\focus-bonus-app\\dataconnect`\n"}}
[debug] [2025-07-18T12:39:35.464Z] E0718 09:39:35.464302   17492 load.go:23] Could not load config from "c:\\Dev\\focus-bonus-app\\dataconnect": could not find dataconnect.yaml in `c:\Dev\focus-bonus-app\dataconnect`
 {"metadata":{"emulator":{"name":"dataconnect"},"message":"E0718 09:39:35.464302   17492 load.go:23] Could not load config from \"c:\\\\Dev\\\\focus-bonus-app\\\\dataconnect\": could not find dataconnect.yaml in `c:\\Dev\\focus-bonus-app\\dataconnect`\n"}}
[debug] [2025-07-18T12:39:45.465Z] E0718 09:39:45.465243   17492 load.go:23] Could not load config from "c:\\Dev\\focus-bonus-app\\dataconnect": could not find dataconnect.yaml in `c:\Dev\focus-bonus-app\dataconnect`
 {"metadata":{"emulator":{"name":"dataconnect"},"message":"E0718 09:39:45.465243   17492 load.go:23] Could not load config from \"c:\\\\Dev\\\\focus-bonus-app\\\\dataconnect\": could not find dataconnect.yaml in `c:\\Dev\\focus-bonus-app\\dataconnect`\n"}}
[debug] [2025-07-18T12:39:55.464Z] E0718 09:39:55.464558   17492 load.go:23] Could not load config from "c:\\Dev\\focus-bonus-app\\dataconnect": could not find dataconnect.yaml in `c:\Dev\focus-bonus-app\dataconnect`
 {"metadata":{"emulator":{"name":"dataconnect"},"message":"E0718 09:39:55.464558   17492 load.go:23] Could not load config from \"c:\\\\Dev\\\\focus-bonus-app\\\\dataconnect\": could not find dataconnect.yaml in `c:\\Dev\\focus-bonus-app\\dataconnect`\n"}}
[debug] [2025-07-18T12:40:05.464Z] E0718 09:40:05.464498   17492 load.go:23] Could not load config from "c:\\Dev\\focus-bonus-app\\dataconnect": could not find dataconnect.yaml in `c:\Dev\focus-bonus-app\dataconnect`
 {"metadata":{"emulator":{"name":"dataconnect"},"message":"E0718 09:40:05.464498   17492 load.go:23] Could not load config from \"c:\\\\Dev\\\\focus-bonus-app\\\\dataconnect\": could not find dataconnect.yaml in `c:\\Dev\\focus-bonus-app\\dataconnect`\n"}}
[debug] [2025-07-18T12:40:15.465Z] E0718 09:40:15.464575   17492 load.go:23] Could not load config from "c:\\Dev\\focus-bonus-app\\dataconnect": could not find dataconnect.yaml in `c:\Dev\focus-bonus-app\dataconnect`
 {"metadata":{"emulator":{"name":"dataconnect"},"message":"E0718 09:40:15.464575   17492 load.go:23] Could not load config from \"c:\\\\Dev\\\\focus-bonus-app\\\\dataconnect\": could not find dataconnect.yaml in `c:\\Dev\\focus-bonus-app\\dataconnect`\n"}}
[debug] [2025-07-18T12:40:25.465Z] E0718 09:40:25.464742   17492 load.go:23] Could not load config from "c:\\Dev\\focus-bonus-app\\dataconnect": could not find dataconnect.yaml in `c:\Dev\focus-bonus-app\dataconnect`
E0718 09:40:25.464742   17492 watch.go:76] watchAllDir unable to walk dir `c:\Dev\focus-bonus-app\dataconnect`: on path "c:\\Dev\\focus-bonus-app\\dataconnect" (DirEntry: <nil>): CreateFile c:\Dev\focus-bonus-app\dataconnect: The system cannot find the file specified.
 {"metadata":{"emulator":{"name":"dataconnect"},"message":"E0718 09:40:25.464742   17492 load.go:23] Could not load config from \"c:\\\\Dev\\\\focus-bonus-app\\\\dataconnect\": could not find dataconnect.yaml in `c:\\Dev\\focus-bonus-app\\dataconnect`\nE0718 09:40:25.464742   17492 watch.go:76] watchAllDir unable to walk dir `c:\\Dev\\focus-bonus-app\\dataconnect`: on path \"c:\\\\Dev\\\\focus-bonus-app\\\\dataconnect\" (DirEntry: <nil>): CreateFile c:\\Dev\\focus-bonus-app\\dataconnect: The system cannot find the file specified.\n"}}
[debug] [2025-07-18T12:40:35.465Z] E0718 09:40:35.464436   17492 load.go:23] Could not load config from "c:\\Dev\\focus-bonus-app\\dataconnect": could not find dataconnect.yaml in `c:\Dev\focus-bonus-app\dataconnect`
 {"metadata":{"emulator":{"name":"dataconnect"},"message":"E0718 09:40:35.464436   17492 load.go:23] Could not load config from \"c:\\\\Dev\\\\focus-bonus-app\\\\dataconnect\": could not find dataconnect.yaml in `c:\\Dev\\focus-bonus-app\\dataconnect`\n"}}
[debug] [2025-07-18T12:40:45.465Z] E0718 09:40:45.464740   17492 load.go:23] Could not load config from "c:\\Dev\\focus-bonus-app\\dataconnect": could not find dataconnect.yaml in `c:\Dev\focus-bonus-app\dataconnect`
 {"metadata":{"emulator":{"name":"dataconnect"},"message":"E0718 09:40:45.464740   17492 load.go:23] Could not load config from \"c:\\\\Dev\\\\focus-bonus-app\\\\dataconnect\": could not find dataconnect.yaml in `c:\\Dev\\focus-bonus-app\\dataconnect`\n"}}
[debug] [2025-07-18T12:40:55.464Z] E0718 09:40:55.464325   17492 load.go:23] Could not load config from "c:\\Dev\\focus-bonus-app\\dataconnect": could not find dataconnect.yaml in `c:\Dev\focus-bonus-app\dataconnect`
 {"metadata":{"emulator":{"name":"dataconnect"},"message":"E0718 09:40:55.464325   17492 load.go:23] Could not load config from \"c:\\\\Dev\\\\focus-bonus-app\\\\dataconnect\": could not find dataconnect.yaml in `c:\\Dev\\focus-bonus-app\\dataconnect`\n"}}
[debug] [2025-07-18T12:41:05.464Z] E0718 09:41:05.464512   17492 load.go:23] Could not load config from "c:\\Dev\\focus-bonus-app\\dataconnect": could not find dataconnect.yaml in `c:\Dev\focus-bonus-app\dataconnect`
 {"metadata":{"emulator":{"name":"dataconnect"},"message":"E0718 09:41:05.464512   17492 load.go:23] Could not load config from \"c:\\\\Dev\\\\focus-bonus-app\\\\dataconnect\": could not find dataconnect.yaml in `c:\\Dev\\focus-bonus-app\\dataconnect`\n"}}
[debug] [2025-07-18T12:41:15.468Z] E0718 09:41:15.468031   17492 load.go:23] Could not load config from "c:\\Dev\\focus-bonus-app\\dataconnect": could not find dataconnect.yaml in `c:\Dev\focus-bonus-app\dataconnect`
 {"metadata":{"emulator":{"name":"dataconnect"},"message":"E0718 09:41:15.468031   17492 load.go:23] Could not load config from \"c:\\\\Dev\\\\focus-bonus-app\\\\dataconnect\": could not find dataconnect.yaml in `c:\\Dev\\focus-bonus-app\\dataconnect`\n"}}
[debug] [2025-07-18T12:41:25.464Z] E0718 09:41:25.464701   17492 load.go:23] Could not load config from "c:\\Dev\\focus-bonus-app\\dataconnect": could not find dataconnect.yaml in `c:\Dev\focus-bonus-app\dataconnect`
 {"metadata":{"emulator":{"name":"dataconnect"},"message":"E0718 09:41:25.464701   17492 load.go:23] Could not load config from \"c:\\\\Dev\\\\focus-bonus-app\\\\dataconnect\": could not find dataconnect.yaml in `c:\\Dev\\focus-bonus-app\\dataconnect`\n"}}
[debug] [2025-07-18T12:41:35.464Z] E0718 09:41:35.464571   17492 load.go:23] Could not load config from "c:\\Dev\\focus-bonus-app\\dataconnect": could not find dataconnect.yaml in `c:\Dev\focus-bonus-app\dataconnect`
 {"metadata":{"emulator":{"name":"dataconnect"},"message":"E0718 09:41:35.464571   17492 load.go:23] Could not load config from \"c:\\\\Dev\\\\focus-bonus-app\\\\dataconnect\": could not find dataconnect.yaml in `c:\\Dev\\focus-bonus-app\\dataconnect`\n"}}
[debug] [2025-07-18T12:41:45.465Z] E0718 09:41:45.465665   17492 load.go:23] Could not load config from "c:\\Dev\\focus-bonus-app\\dataconnect": could not find dataconnect.yaml in `c:\Dev\focus-bonus-app\dataconnect`
 {"metadata":{"emulator":{"name":"dataconnect"},"message":"E0718 09:41:45.465665   17492 load.go:23] Could not load config from \"c:\\\\Dev\\\\focus-bonus-app\\\\dataconnect\": could not find dataconnect.yaml in `c:\\Dev\\focus-bonus-app\\dataconnect`\n"}}
[debug] [2025-07-18T12:41:55.464Z] E0718 09:41:55.464714   17492 load.go:23] Could not load config from "c:\\Dev\\focus-bonus-app\\dataconnect": could not find dataconnect.yaml in `c:\Dev\focus-bonus-app\dataconnect`
 {"metadata":{"emulator":{"name":"dataconnect"},"message":"E0718 09:41:55.464714   17492 load.go:23] Could not load config from \"c:\\\\Dev\\\\focus-bonus-app\\\\dataconnect\": could not find dataconnect.yaml in `c:\\Dev\\focus-bonus-app\\dataconnect`\n"}}
[debug] [2025-07-18T12:42:05.464Z] E0718 09:42:05.464561   17492 load.go:23] Could not load config from "c:\\Dev\\focus-bonus-app\\dataconnect": could not find dataconnect.yaml in `c:\Dev\focus-bonus-app\dataconnect`
 {"metadata":{"emulator":{"name":"dataconnect"},"message":"E0718 09:42:05.464561   17492 load.go:23] Could not load config from \"c:\\\\Dev\\\\focus-bonus-app\\\\dataconnect\": could not find dataconnect.yaml in `c:\\Dev\\focus-bonus-app\\dataconnect`\n"}}
[debug] [2025-07-18T12:42:15.466Z] E0718 09:42:15.464749   17492 load.go:23] Could not load config from "c:\\Dev\\focus-bonus-app\\dataconnect": could not find dataconnect.yaml in `c:\Dev\focus-bonus-app\dataconnect`
 {"metadata":{"emulator":{"name":"dataconnect"},"message":"E0718 09:42:15.464749   17492 load.go:23] Could not load config from \"c:\\\\Dev\\\\focus-bonus-app\\\\dataconnect\": could not find dataconnect.yaml in `c:\\Dev\\focus-bonus-app\\dataconnect`\n"}}
[debug] [2025-07-18T12:42:25.464Z] E0718 09:42:25.464362   17492 load.go:23] Could not load config from "c:\\Dev\\focus-bonus-app\\dataconnect": could not find dataconnect.yaml in `c:\Dev\focus-bonus-app\dataconnect`
E0718 09:42:25.464362   17492 watch.go:76] watchAllDir unable to walk dir `c:\Dev\focus-bonus-app\dataconnect`: on path "c:\\Dev\\focus-bonus-app\\dataconnect" (DirEntry: <nil>): CreateFile c:\Dev\focus-bonus-app\dataconnect: The system cannot find the file specified.
 {"metadata":{"emulator":{"name":"dataconnect"},"message":"E0718 09:42:25.464362   17492 load.go:23] Could not load config from \"c:\\\\Dev\\\\focus-bonus-app\\\\dataconnect\": could not find dataconnect.yaml in `c:\\Dev\\focus-bonus-app\\dataconnect`\nE0718 09:42:25.464362   17492 watch.go:76] watchAllDir unable to walk dir `c:\\Dev\\focus-bonus-app\\dataconnect`: on path \"c:\\\\Dev\\\\focus-bonus-app\\\\dataconnect\" (DirEntry: <nil>): CreateFile c:\\Dev\\focus-bonus-app\\dataconnect: The system cannot find the file specified.\n"}}
[debug] [2025-07-18T12:42:35.464Z] E0718 09:42:35.464558   17492 load.go:23] Could not load config from "c:\\Dev\\focus-bonus-app\\dataconnect": could not find dataconnect.yaml in `c:\Dev\focus-bonus-app\dataconnect`
 {"metadata":{"emulator":{"name":"dataconnect"},"message":"E0718 09:42:35.464558   17492 load.go:23] Could not load config from \"c:\\\\Dev\\\\focus-bonus-app\\\\dataconnect\": could not find dataconnect.yaml in `c:\\Dev\\focus-bonus-app\\dataconnect`\n"}}
[debug] [2025-07-18T12:42:45.464Z] E0718 09:42:45.464563   17492 load.go:23] Could not load config from "c:\\Dev\\focus-bonus-app\\dataconnect": could not find dataconnect.yaml in `c:\Dev\focus-bonus-app\dataconnect`
 {"metadata":{"emulator":{"name":"dataconnect"},"message":"E0718 09:42:45.464563   17492 load.go:23] Could not load config from \"c:\\\\Dev\\\\focus-bonus-app\\\\dataconnect\": could not find dataconnect.yaml in `c:\\Dev\\focus-bonus-app\\dataconnect`\n"}}
[debug] [2025-07-18T12:42:55.464Z] E0718 09:42:55.464462   17492 load.go:23] Could not load config from "c:\\Dev\\focus-bonus-app\\dataconnect": could not find dataconnect.yaml in `c:\Dev\focus-bonus-app\dataconnect`
 {"metadata":{"emulator":{"name":"dataconnect"},"message":"E0718 09:42:55.464462   17492 load.go:23] Could not load config from \"c:\\\\Dev\\\\focus-bonus-app\\\\dataconnect\": could not find dataconnect.yaml in `c:\\Dev\\focus-bonus-app\\dataconnect`\n"}}
[debug] [2025-07-18T12:43:05.464Z] E0718 09:43:05.464613   17492 load.go:23] Could not load config from "c:\\Dev\\focus-bonus-app\\dataconnect": could not find dataconnect.yaml in `c:\Dev\focus-bonus-app\dataconnect`
 {"metadata":{"emulator":{"name":"dataconnect"},"message":"E0718 09:43:05.464613   17492 load.go:23] Could not load config from \"c:\\\\Dev\\\\focus-bonus-app\\\\dataconnect\": could not find dataconnect.yaml in `c:\\Dev\\focus-bonus-app\\dataconnect`\n"}}
[debug] [2025-07-18T12:43:15.463Z] E0718 09:43:15.464278   17492 load.go:23] Could not load config from "c:\\Dev\\focus-bonus-app\\dataconnect": could not find dataconnect.yaml in `c:\Dev\focus-bonus-app\dataconnect`
 {"metadata":{"emulator":{"name":"dataconnect"},"message":"E0718 09:43:15.464278   17492 load.go:23] Could not load config from \"c:\\\\Dev\\\\focus-bonus-app\\\\dataconnect\": could not find dataconnect.yaml in `c:\\Dev\\focus-bonus-app\\dataconnect`\n"}}
[debug] [2025-07-18T12:43:25.465Z] E0718 09:43:25.464884   17492 load.go:23] Could not load config from "c:\\Dev\\focus-bonus-app\\dataconnect": could not find dataconnect.yaml in `c:\Dev\focus-bonus-app\dataconnect`
 {"metadata":{"emulator":{"name":"dataconnect"},"message":"E0718 09:43:25.464884   17492 load.go:23] Could not load config from \"c:\\\\Dev\\\\focus-bonus-app\\\\dataconnect\": could not find dataconnect.yaml in `c:\\Dev\\focus-bonus-app\\dataconnect`\n"}}
[debug] [2025-07-18T12:43:35.464Z] E0718 09:43:35.464525   17492 load.go:23] Could not load config from "c:\\Dev\\focus-bonus-app\\dataconnect": could not find dataconnect.yaml in `c:\Dev\focus-bonus-app\dataconnect`
 {"metadata":{"emulator":{"name":"dataconnect"},"message":"E0718 09:43:35.464525   17492 load.go:23] Could not load config from \"c:\\\\Dev\\\\focus-bonus-app\\\\dataconnect\": could not find dataconnect.yaml in `c:\\Dev\\focus-bonus-app\\dataconnect`\n"}}
[debug] [2025-07-18T12:43:45.466Z] E0718 09:43:45.465556   17492 load.go:23] Could not load config from "c:\\Dev\\focus-bonus-app\\dataconnect": could not find dataconnect.yaml in `c:\Dev\focus-bonus-app\dataconnect`
 {"metadata":{"emulator":{"name":"dataconnect"},"message":"E0718 09:43:45.465556   17492 load.go:23] Could not load config from \"c:\\\\Dev\\\\focus-bonus-app\\\\dataconnect\": could not find dataconnect.yaml in `c:\\Dev\\focus-bonus-app\\dataconnect`\n"}}
[debug] [2025-07-18T12:43:55.465Z] E0718 09:43:55.465148   17492 load.go:23] Could not load config from "c:\\Dev\\focus-bonus-app\\dataconnect": could not find dataconnect.yaml in `c:\Dev\focus-bonus-app\dataconnect`
 {"metadata":{"emulator":{"name":"dataconnect"},"message":"E0718 09:43:55.465148   17492 load.go:23] Could not load config from \"c:\\\\Dev\\\\focus-bonus-app\\\\dataconnect\": could not find dataconnect.yaml in `c:\\Dev\\focus-bonus-app\\dataconnect`\n"}}
[debug] [2025-07-18T12:44:05.465Z] E0718 09:44:05.465475   17492 load.go:23] Could not load config from "c:\\Dev\\focus-bonus-app\\dataconnect": could not find dataconnect.yaml in `c:\Dev\focus-bonus-app\dataconnect`
 {"metadata":{"emulator":{"name":"dataconnect"},"message":"E0718 09:44:05.465475   17492 load.go:23] Could not load config from \"c:\\\\Dev\\\\focus-bonus-app\\\\dataconnect\": could not find dataconnect.yaml in `c:\\Dev\\focus-bonus-app\\dataconnect`\n"}}
[debug] [2025-07-18T12:44:15.465Z] E0718 09:44:15.465085   17492 load.go:23] Could not load config from "c:\\Dev\\focus-bonus-app\\dataconnect": could not find dataconnect.yaml in `c:\Dev\focus-bonus-app\dataconnect`
 {"metadata":{"emulator":{"name":"dataconnect"},"message":"E0718 09:44:15.465085   17492 load.go:23] Could not load config from \"c:\\\\Dev\\\\focus-bonus-app\\\\dataconnect\": could not find dataconnect.yaml in `c:\\Dev\\focus-bonus-app\\dataconnect`\n"}}
[debug] [2025-07-18T12:44:25.465Z] E0718 09:44:25.465000   17492 load.go:23] Could not load config from "c:\\Dev\\focus-bonus-app\\dataconnect": could not find dataconnect.yaml in `c:\Dev\focus-bonus-app\dataconnect`
E0718 09:44:25.465000   17492 watch.go:76] watchAllDir unable to walk dir `c:\Dev\focus-bonus-app\dataconnect`: on path "c:\\Dev\\focus-bonus-app\\dataconnect" (DirEntry: <nil>): CreateFile c:\Dev\focus-bonus-app\dataconnect: The system cannot find the file specified.
 {"metadata":{"emulator":{"name":"dataconnect"},"message":"E0718 09:44:25.465000   17492 load.go:23] Could not load config from \"c:\\\\Dev\\\\focus-bonus-app\\\\dataconnect\": could not find dataconnect.yaml in `c:\\Dev\\focus-bonus-app\\dataconnect`\nE0718 09:44:25.465000   17492 watch.go:76] watchAllDir unable to walk dir `c:\\Dev\\focus-bonus-app\\dataconnect`: on path \"c:\\\\Dev\\\\focus-bonus-app\\\\dataconnect\" (DirEntry: <nil>): CreateFile c:\\Dev\\focus-bonus-app\\dataconnect: The system cannot find the file specified.\n"}}
[debug] [2025-07-18T12:44:35.465Z] E0718 09:44:35.464900   17492 load.go:23] Could not load config from "c:\\Dev\\focus-bonus-app\\dataconnect": could not find dataconnect.yaml in `c:\Dev\focus-bonus-app\dataconnect`
 {"metadata":{"emulator":{"name":"dataconnect"},"message":"E0718 09:44:35.464900   17492 load.go:23] Could not load config from \"c:\\\\Dev\\\\focus-bonus-app\\\\dataconnect\": could not find dataconnect.yaml in `c:\\Dev\\focus-bonus-app\\dataconnect`\n"}}
[debug] [2025-07-18T12:44:45.466Z] E0718 09:44:45.465553   17492 load.go:23] Could not load config from "c:\\Dev\\focus-bonus-app\\dataconnect": could not find dataconnect.yaml in `c:\Dev\focus-bonus-app\dataconnect`
 {"metadata":{"emulator":{"name":"dataconnect"},"message":"E0718 09:44:45.465553   17492 load.go:23] Could not load config from \"c:\\\\Dev\\\\focus-bonus-app\\\\dataconnect\": could not find dataconnect.yaml in `c:\\Dev\\focus-bonus-app\\dataconnect`\n"}}
[debug] [2025-07-18T12:44:55.466Z] E0718 09:44:55.465740   17492 load.go:23] Could not load config from "c:\\Dev\\focus-bonus-app\\dataconnect": could not find dataconnect.yaml in `c:\Dev\focus-bonus-app\dataconnect`
 {"metadata":{"emulator":{"name":"dataconnect"},"message":"E0718 09:44:55.465740   17492 load.go:23] Could not load config from \"c:\\\\Dev\\\\focus-bonus-app\\\\dataconnect\": could not find dataconnect.yaml in `c:\\Dev\\focus-bonus-app\\dataconnect`\n"}}
[debug] [2025-07-18T12:45:05.465Z] E0718 09:45:05.464818   17492 load.go:23] Could not load config from "c:\\Dev\\focus-bonus-app\\dataconnect": could not find dataconnect.yaml in `c:\Dev\focus-bonus-app\dataconnect`
 {"metadata":{"emulator":{"name":"dataconnect"},"message":"E0718 09:45:05.464818   17492 load.go:23] Could not load config from \"c:\\\\Dev\\\\focus-bonus-app\\\\dataconnect\": could not find dataconnect.yaml in `c:\\Dev\\focus-bonus-app\\dataconnect`\n"}}
[debug] [2025-07-18T12:45:15.465Z] E0718 09:45:15.464815   17492 load.go:23] Could not load config from "c:\\Dev\\focus-bonus-app\\dataconnect": could not find dataconnect.yaml in `c:\Dev\focus-bonus-app\dataconnect`
 {"metadata":{"emulator":{"name":"dataconnect"},"message":"E0718 09:45:15.464815   17492 load.go:23] Could not load config from \"c:\\\\Dev\\\\focus-bonus-app\\\\dataconnect\": could not find dataconnect.yaml in `c:\\Dev\\focus-bonus-app\\dataconnect`\n"}}
[debug] [2025-07-18T12:45:25.465Z] E0718 09:45:25.464780   17492 load.go:23] Could not load config from "c:\\Dev\\focus-bonus-app\\dataconnect": could not find dataconnect.yaml in `c:\Dev\focus-bonus-app\dataconnect`
 {"metadata":{"emulator":{"name":"dataconnect"},"message":"E0718 09:45:25.464780   17492 load.go:23] Could not load config from \"c:\\\\Dev\\\\focus-bonus-app\\\\dataconnect\": could not find dataconnect.yaml in `c:\\Dev\\focus-bonus-app\\dataconnect`\n"}}
[debug] [2025-07-18T12:45:35.465Z] E0718 09:45:35.464522   17492 load.go:23] Could not load config from "c:\\Dev\\focus-bonus-app\\dataconnect": could not find dataconnect.yaml in `c:\Dev\focus-bonus-app\dataconnect`
 {"metadata":{"emulator":{"name":"dataconnect"},"message":"E0718 09:45:35.464522   17492 load.go:23] Could not load config from \"c:\\\\Dev\\\\focus-bonus-app\\\\dataconnect\": could not find dataconnect.yaml in `c:\\Dev\\focus-bonus-app\\dataconnect`\n"}}
[debug] [2025-07-18T12:45:45.465Z] E0718 09:45:45.465367   17492 load.go:23] Could not load config from "c:\\Dev\\focus-bonus-app\\dataconnect": could not find dataconnect.yaml in `c:\Dev\focus-bonus-app\dataconnect`
 {"metadata":{"emulator":{"name":"dataconnect"},"message":"E0718 09:45:45.465367   17492 load.go:23] Could not load config from \"c:\\\\Dev\\\\focus-bonus-app\\\\dataconnect\": could not find dataconnect.yaml in `c:\\Dev\\focus-bonus-app\\dataconnect`\n"}}
[debug] [2025-07-18T12:45:55.465Z] E0718 09:45:55.464491   17492 load.go:23] Could not load config from "c:\\Dev\\focus-bonus-app\\dataconnect": could not find dataconnect.yaml in `c:\Dev\focus-bonus-app\dataconnect`
 {"metadata":{"emulator":{"name":"dataconnect"},"message":"E0718 09:45:55.464491   17492 load.go:23] Could not load config from \"c:\\\\Dev\\\\focus-bonus-app\\\\dataconnect\": could not find dataconnect.yaml in `c:\\Dev\\focus-bonus-app\\dataconnect`\n"}}
[debug] [2025-07-18T12:46:05.465Z] E0718 09:46:05.464891   17492 load.go:23] Could not load config from "c:\\Dev\\focus-bonus-app\\dataconnect": could not find dataconnect.yaml in `c:\Dev\focus-bonus-app\dataconnect`
 {"metadata":{"emulator":{"name":"dataconnect"},"message":"E0718 09:46:05.464891   17492 load.go:23] Could not load config from \"c:\\\\Dev\\\\focus-bonus-app\\\\dataconnect\": could not find dataconnect.yaml in `c:\\Dev\\focus-bonus-app\\dataconnect`\n"}}
[debug] [2025-07-18T12:46:15.465Z] E0718 09:46:15.464444   17492 load.go:23] Could not load config from "c:\\Dev\\focus-bonus-app\\dataconnect": could not find dataconnect.yaml in `c:\Dev\focus-bonus-app\dataconnect`
 {"metadata":{"emulator":{"name":"dataconnect"},"message":"E0718 09:46:15.464444   17492 load.go:23] Could not load config from \"c:\\\\Dev\\\\focus-bonus-app\\\\dataconnect\": could not find dataconnect.yaml in `c:\\Dev\\focus-bonus-app\\dataconnect`\n"}}
[debug] [2025-07-18T12:46:25.465Z] E0718 09:46:25.464324   17492 load.go:23] Could not load config from "c:\\Dev\\focus-bonus-app\\dataconnect": could not find dataconnect.yaml in `c:\Dev\focus-bonus-app\dataconnect`
E0718 09:46:25.464324   17492 watch.go:76] watchAllDir unable to walk dir `c:\Dev\focus-bonus-app\dataconnect`: on path "c:\\Dev\\focus-bonus-app\\dataconnect" (DirEntry: <nil>): CreateFile c:\Dev\focus-bonus-app\dataconnect: The system cannot find the file specified.
 {"metadata":{"emulator":{"name":"dataconnect"},"message":"E0718 09:46:25.464324   17492 load.go:23] Could not load config from \"c:\\\\Dev\\\\focus-bonus-app\\\\dataconnect\": could not find dataconnect.yaml in `c:\\Dev\\focus-bonus-app\\dataconnect`\nE0718 09:46:25.464324   17492 watch.go:76] watchAllDir unable to walk dir `c:\\Dev\\focus-bonus-app\\dataconnect`: on path \"c:\\\\Dev\\\\focus-bonus-app\\\\dataconnect\" (DirEntry: <nil>): CreateFile c:\\Dev\\focus-bonus-app\\dataconnect: The system cannot find the file specified.\n"}}
[debug] [2025-07-18T12:46:35.464Z] E0718 09:46:35.464474   17492 load.go:23] Could not load config from "c:\\Dev\\focus-bonus-app\\dataconnect": could not find dataconnect.yaml in `c:\Dev\focus-bonus-app\dataconnect`
 {"metadata":{"emulator":{"name":"dataconnect"},"message":"E0718 09:46:35.464474   17492 load.go:23] Could not load config from \"c:\\\\Dev\\\\focus-bonus-app\\\\dataconnect\": could not find dataconnect.yaml in `c:\\Dev\\focus-bonus-app\\dataconnect`\n"}}
[debug] [2025-07-18T12:46:45.465Z] E0718 09:46:45.464549   17492 load.go:23] Could not load config from "c:\\Dev\\focus-bonus-app\\dataconnect": could not find dataconnect.yaml in `c:\Dev\focus-bonus-app\dataconnect`
 {"metadata":{"emulator":{"name":"dataconnect"},"message":"E0718 09:46:45.464549   17492 load.go:23] Could not load config from \"c:\\\\Dev\\\\focus-bonus-app\\\\dataconnect\": could not find dataconnect.yaml in `c:\\Dev\\focus-bonus-app\\dataconnect`\n"}}
[debug] [2025-07-18T12:46:55.464Z] E0718 09:46:55.464459   17492 load.go:23] Could not load config from "c:\\Dev\\focus-bonus-app\\dataconnect": could not find dataconnect.yaml in `c:\Dev\focus-bonus-app\dataconnect`
 {"metadata":{"emulator":{"name":"dataconnect"},"message":"E0718 09:46:55.464459   17492 load.go:23] Could not load config from \"c:\\\\Dev\\\\focus-bonus-app\\\\dataconnect\": could not find dataconnect.yaml in `c:\\Dev\\focus-bonus-app\\dataconnect`\n"}}
[debug] [2025-07-18T12:47:05.464Z] E0718 09:47:05.464422   17492 load.go:23] Could not load config from "c:\\Dev\\focus-bonus-app\\dataconnect": could not find dataconnect.yaml in `c:\Dev\focus-bonus-app\dataconnect`
 {"metadata":{"emulator":{"name":"dataconnect"},"message":"E0718 09:47:05.464422   17492 load.go:23] Could not load config from \"c:\\\\Dev\\\\focus-bonus-app\\\\dataconnect\": could not find dataconnect.yaml in `c:\\Dev\\focus-bonus-app\\dataconnect`\n"}}
[debug] [2025-07-18T12:47:15.464Z] E0718 09:47:15.464868   17492 load.go:23] Could not load config from "c:\\Dev\\focus-bonus-app\\dataconnect": could not find dataconnect.yaml in `c:\Dev\focus-bonus-app\dataconnect`
 {"metadata":{"emulator":{"name":"dataconnect"},"message":"E0718 09:47:15.464868   17492 load.go:23] Could not load config from \"c:\\\\Dev\\\\focus-bonus-app\\\\dataconnect\": could not find dataconnect.yaml in `c:\\Dev\\focus-bonus-app\\dataconnect`\n"}}
[debug] [2025-07-18T12:47:25.464Z] E0718 09:47:25.464409   17492 load.go:23] Could not load config from "c:\\Dev\\focus-bonus-app\\dataconnect": could not find dataconnect.yaml in `c:\Dev\focus-bonus-app\dataconnect`
 {"metadata":{"emulator":{"name":"dataconnect"},"message":"E0718 09:47:25.464409   17492 load.go:23] Could not load config from \"c:\\\\Dev\\\\focus-bonus-app\\\\dataconnect\": could not find dataconnect.yaml in `c:\\Dev\\focus-bonus-app\\dataconnect`\n"}}
[debug] [2025-07-18T12:47:35.465Z] E0718 09:47:35.464510   17492 load.go:23] Could not load config from "c:\\Dev\\focus-bonus-app\\dataconnect": could not find dataconnect.yaml in `c:\Dev\focus-bonus-app\dataconnect`
 {"metadata":{"emulator":{"name":"dataconnect"},"message":"E0718 09:47:35.464510   17492 load.go:23] Could not load config from \"c:\\\\Dev\\\\focus-bonus-app\\\\dataconnect\": could not find dataconnect.yaml in `c:\\Dev\\focus-bonus-app\\dataconnect`\n"}}
[debug] [2025-07-18T12:47:45.465Z] E0718 09:47:45.464835   17492 load.go:23] Could not load config from "c:\\Dev\\focus-bonus-app\\dataconnect": could not find dataconnect.yaml in `c:\Dev\focus-bonus-app\dataconnect`
 {"metadata":{"emulator":{"name":"dataconnect"},"message":"E0718 09:47:45.464835   17492 load.go:23] Could not load config from \"c:\\\\Dev\\\\focus-bonus-app\\\\dataconnect\": could not find dataconnect.yaml in `c:\\Dev\\focus-bonus-app\\dataconnect`\n"}}
[debug] [2025-07-18T12:47:55.464Z] E0718 09:47:55.464433   17492 load.go:23] Could not load config from "c:\\Dev\\focus-bonus-app\\dataconnect": could not find dataconnect.yaml in `c:\Dev\focus-bonus-app\dataconnect`
 {"metadata":{"emulator":{"name":"dataconnect"},"message":"E0718 09:47:55.464433   17492 load.go:23] Could not load config from \"c:\\\\Dev\\\\focus-bonus-app\\\\dataconnect\": could not find dataconnect.yaml in `c:\\Dev\\focus-bonus-app\\dataconnect`\n"}}
[debug] [2025-07-18T12:48:05.465Z] E0718 09:48:05.464694   17492 load.go:23] Could not load config from "c:\\Dev\\focus-bonus-app\\dataconnect": could not find dataconnect.yaml in `c:\Dev\focus-bonus-app\dataconnect`
 {"metadata":{"emulator":{"name":"dataconnect"},"message":"E0718 09:48:05.464694   17492 load.go:23] Could not load config from \"c:\\\\Dev\\\\focus-bonus-app\\\\dataconnect\": could not find dataconnect.yaml in `c:\\Dev\\focus-bonus-app\\dataconnect`\n"}}
[debug] [2025-07-18T12:48:15.465Z] E0718 09:48:15.464837   17492 load.go:23] Could not load config from "c:\\Dev\\focus-bonus-app\\dataconnect": could not find dataconnect.yaml in `c:\Dev\focus-bonus-app\dataconnect`
 {"metadata":{"emulator":{"name":"dataconnect"},"message":"E0718 09:48:15.464837   17492 load.go:23] Could not load config from \"c:\\\\Dev\\\\focus-bonus-app\\\\dataconnect\": could not find dataconnect.yaml in `c:\\Dev\\focus-bonus-app\\dataconnect`\n"}}
[debug] [2025-07-18T12:48:25.464Z] E0718 09:48:25.464260   17492 load.go:23] Could not load config from "c:\\Dev\\focus-bonus-app\\dataconnect": could not find dataconnect.yaml in `c:\Dev\focus-bonus-app\dataconnect`
E0718 09:48:25.464260   17492 watch.go:76] watchAllDir unable to walk dir `c:\Dev\focus-bonus-app\dataconnect`: on path "c:\\Dev\\focus-bonus-app\\dataconnect" (DirEntry: <nil>): CreateFile c:\Dev\focus-bonus-app\dataconnect: The system cannot find the file specified.
 {"metadata":{"emulator":{"name":"dataconnect"},"message":"E0718 09:48:25.464260   17492 load.go:23] Could not load config from \"c:\\\\Dev\\\\focus-bonus-app\\\\dataconnect\": could not find dataconnect.yaml in `c:\\Dev\\focus-bonus-app\\dataconnect`\nE0718 09:48:25.464260   17492 watch.go:76] watchAllDir unable to walk dir `c:\\Dev\\focus-bonus-app\\dataconnect`: on path \"c:\\\\Dev\\\\focus-bonus-app\\\\dataconnect\" (DirEntry: <nil>): CreateFile c:\\Dev\\focus-bonus-app\\dataconnect: The system cannot find the file specified.\n"}}
[debug] [2025-07-18T12:48:35.465Z] E0718 09:48:35.464757   17492 load.go:23] Could not load config from "c:\\Dev\\focus-bonus-app\\dataconnect": could not find dataconnect.yaml in `c:\Dev\focus-bonus-app\dataconnect`
 {"metadata":{"emulator":{"name":"dataconnect"},"message":"E0718 09:48:35.464757   17492 load.go:23] Could not load config from \"c:\\\\Dev\\\\focus-bonus-app\\\\dataconnect\": could not find dataconnect.yaml in `c:\\Dev\\focus-bonus-app\\dataconnect`\n"}}
[debug] [2025-07-18T12:48:45.465Z] E0718 09:48:45.464938   17492 load.go:23] Could not load config from "c:\\Dev\\focus-bonus-app\\dataconnect": could not find dataconnect.yaml in `c:\Dev\focus-bonus-app\dataconnect`
 {"metadata":{"emulator":{"name":"dataconnect"},"message":"E0718 09:48:45.464938   17492 load.go:23] Could not load config from \"c:\\\\Dev\\\\focus-bonus-app\\\\dataconnect\": could not find dataconnect.yaml in `c:\\Dev\\focus-bonus-app\\dataconnect`\n"}}
[debug] [2025-07-18T12:48:55.465Z] E0718 09:48:55.464848   17492 load.go:23] Could not load config from "c:\\Dev\\focus-bonus-app\\dataconnect": could not find dataconnect.yaml in `c:\Dev\focus-bonus-app\dataconnect`
 {"metadata":{"emulator":{"name":"dataconnect"},"message":"E0718 09:48:55.464848   17492 load.go:23] Could not load config from \"c:\\\\Dev\\\\focus-bonus-app\\\\dataconnect\": could not find dataconnect.yaml in `c:\\Dev\\focus-bonus-app\\dataconnect`\n"}}
[debug] [2025-07-18T12:49:05.464Z] E0718 09:49:05.464296   17492 load.go:23] Could not load config from "c:\\Dev\\focus-bonus-app\\dataconnect": could not find dataconnect.yaml in `c:\Dev\focus-bonus-app\dataconnect`
 {"metadata":{"emulator":{"name":"dataconnect"},"message":"E0718 09:49:05.464296   17492 load.go:23] Could not load config from \"c:\\\\Dev\\\\focus-bonus-app\\\\dataconnect\": could not find dataconnect.yaml in `c:\\Dev\\focus-bonus-app\\dataconnect`\n"}}
[debug] [2025-07-18T12:49:15.465Z] E0718 09:49:15.464987   17492 load.go:23] Could not load config from "c:\\Dev\\focus-bonus-app\\dataconnect": could not find dataconnect.yaml in `c:\Dev\focus-bonus-app\dataconnect`
 {"metadata":{"emulator":{"name":"dataconnect"},"message":"E0718 09:49:15.464987   17492 load.go:23] Could not load config from \"c:\\\\Dev\\\\focus-bonus-app\\\\dataconnect\": could not find dataconnect.yaml in `c:\\Dev\\focus-bonus-app\\dataconnect`\n"}}
[debug] [2025-07-18T12:49:25.465Z] E0718 09:49:25.464720   17492 load.go:23] Could not load config from "c:\\Dev\\focus-bonus-app\\dataconnect": could not find dataconnect.yaml in `c:\Dev\focus-bonus-app\dataconnect`
 {"metadata":{"emulator":{"name":"dataconnect"},"message":"E0718 09:49:25.464720   17492 load.go:23] Could not load config from \"c:\\\\Dev\\\\focus-bonus-app\\\\dataconnect\": could not find dataconnect.yaml in `c:\\Dev\\focus-bonus-app\\dataconnect`\n"}}
[debug] [2025-07-18T12:49:35.465Z] E0718 09:49:35.465047   17492 load.go:23] Could not load config from "c:\\Dev\\focus-bonus-app\\dataconnect": could not find dataconnect.yaml in `c:\Dev\focus-bonus-app\dataconnect`
 {"metadata":{"emulator":{"name":"dataconnect"},"message":"E0718 09:49:35.465047   17492 load.go:23] Could not load config from \"c:\\\\Dev\\\\focus-bonus-app\\\\dataconnect\": could not find dataconnect.yaml in `c:\\Dev\\focus-bonus-app\\dataconnect`\n"}}
[debug] [2025-07-18T12:49:45.465Z] E0718 09:49:45.464849   17492 load.go:23] Could not load config from "c:\\Dev\\focus-bonus-app\\dataconnect": could not find dataconnect.yaml in `c:\Dev\focus-bonus-app\dataconnect`
 {"metadata":{"emulator":{"name":"dataconnect"},"message":"E0718 09:49:45.464849   17492 load.go:23] Could not load config from \"c:\\\\Dev\\\\focus-bonus-app\\\\dataconnect\": could not find dataconnect.yaml in `c:\\Dev\\focus-bonus-app\\dataconnect`\n"}}
[debug] [2025-07-18T12:49:55.465Z] E0718 09:49:55.465143   17492 load.go:23] Could not load config from "c:\\Dev\\focus-bonus-app\\dataconnect": could not find dataconnect.yaml in `c:\Dev\focus-bonus-app\dataconnect`
 {"metadata":{"emulator":{"name":"dataconnect"},"message":"E0718 09:49:55.465143   17492 load.go:23] Could not load config from \"c:\\\\Dev\\\\focus-bonus-app\\\\dataconnect\": could not find dataconnect.yaml in `c:\\Dev\\focus-bonus-app\\dataconnect`\n"}}
[debug] [2025-07-18T12:50:05.464Z] E0718 09:50:05.464698   17492 load.go:23] Could not load config from "c:\\Dev\\focus-bonus-app\\dataconnect": could not find dataconnect.yaml in `c:\Dev\focus-bonus-app\dataconnect`
 {"metadata":{"emulator":{"name":"dataconnect"},"message":"E0718 09:50:05.464698   17492 load.go:23] Could not load config from \"c:\\\\Dev\\\\focus-bonus-app\\\\dataconnect\": could not find dataconnect.yaml in `c:\\Dev\\focus-bonus-app\\dataconnect`\n"}}
[debug] [2025-07-18T12:50:15.465Z] E0718 09:50:15.465413   17492 load.go:23] Could not load config from "c:\\Dev\\focus-bonus-app\\dataconnect": could not find dataconnect.yaml in `c:\Dev\focus-bonus-app\dataconnect`
 {"metadata":{"emulator":{"name":"dataconnect"},"message":"E0718 09:50:15.465413   17492 load.go:23] Could not load config from \"c:\\\\Dev\\\\focus-bonus-app\\\\dataconnect\": could not find dataconnect.yaml in `c:\\Dev\\focus-bonus-app\\dataconnect`\n"}}
[debug] [2025-07-18T12:50:25.464Z] E0718 09:50:25.464424   17492 load.go:23] Could not load config from "c:\\Dev\\focus-bonus-app\\dataconnect": could not find dataconnect.yaml in `c:\Dev\focus-bonus-app\dataconnect`
E0718 09:50:25.464424   17492 watch.go:76] watchAllDir unable to walk dir `c:\Dev\focus-bonus-app\dataconnect`: on path "c:\\Dev\\focus-bonus-app\\dataconnect" (DirEntry: <nil>): CreateFile c:\Dev\focus-bonus-app\dataconnect: The system cannot find the file specified.
 {"metadata":{"emulator":{"name":"dataconnect"},"message":"E0718 09:50:25.464424   17492 load.go:23] Could not load config from \"c:\\\\Dev\\\\focus-bonus-app\\\\dataconnect\": could not find dataconnect.yaml in `c:\\Dev\\focus-bonus-app\\dataconnect`\nE0718 09:50:25.464424   17492 watch.go:76] watchAllDir unable to walk dir `c:\\Dev\\focus-bonus-app\\dataconnect`: on path \"c:\\\\Dev\\\\focus-bonus-app\\\\dataconnect\" (DirEntry: <nil>): CreateFile c:\\Dev\\focus-bonus-app\\dataconnect: The system cannot find the file specified.\n"}}
[debug] [2025-07-18T12:50:35.464Z] E0718 09:50:35.464460   17492 load.go:23] Could not load config from "c:\\Dev\\focus-bonus-app\\dataconnect": could not find dataconnect.yaml in `c:\Dev\focus-bonus-app\dataconnect`
 {"metadata":{"emulator":{"name":"dataconnect"},"message":"E0718 09:50:35.464460   17492 load.go:23] Could not load config from \"c:\\\\Dev\\\\focus-bonus-app\\\\dataconnect\": could not find dataconnect.yaml in `c:\\Dev\\focus-bonus-app\\dataconnect`\n"}}
[debug] [2025-07-18T12:50:45.464Z] E0718 09:50:45.464344   17492 load.go:23] Could not load config from "c:\\Dev\\focus-bonus-app\\dataconnect": could not find dataconnect.yaml in `c:\Dev\focus-bonus-app\dataconnect`
 {"metadata":{"emulator":{"name":"dataconnect"},"message":"E0718 09:50:45.464344   17492 load.go:23] Could not load config from \"c:\\\\Dev\\\\focus-bonus-app\\\\dataconnect\": could not find dataconnect.yaml in `c:\\Dev\\focus-bonus-app\\dataconnect`\n"}}
[debug] [2025-07-18T12:50:55.465Z] E0718 09:50:55.465405   17492 load.go:23] Could not load config from "c:\\Dev\\focus-bonus-app\\dataconnect": could not find dataconnect.yaml in `c:\Dev\focus-bonus-app\dataconnect`
 {"metadata":{"emulator":{"name":"dataconnect"},"message":"E0718 09:50:55.465405   17492 load.go:23] Could not load config from \"c:\\\\Dev\\\\focus-bonus-app\\\\dataconnect\": could not find dataconnect.yaml in `c:\\Dev\\focus-bonus-app\\dataconnect`\n"}}
[debug] [2025-07-18T12:51:05.464Z] E0718 09:51:05.464494   17492 load.go:23] Could not load config from "c:\\Dev\\focus-bonus-app\\dataconnect": could not find dataconnect.yaml in `c:\Dev\focus-bonus-app\dataconnect`
 {"metadata":{"emulator":{"name":"dataconnect"},"message":"E0718 09:51:05.464494   17492 load.go:23] Could not load config from \"c:\\\\Dev\\\\focus-bonus-app\\\\dataconnect\": could not find dataconnect.yaml in `c:\\Dev\\focus-bonus-app\\dataconnect`\n"}}
[debug] [2025-07-18T12:51:15.465Z] E0718 09:51:15.464637   17492 load.go:23] Could not load config from "c:\\Dev\\focus-bonus-app\\dataconnect": could not find dataconnect.yaml in `c:\Dev\focus-bonus-app\dataconnect`
 {"metadata":{"emulator":{"name":"dataconnect"},"message":"E0718 09:51:15.464637   17492 load.go:23] Could not load config from \"c:\\\\Dev\\\\focus-bonus-app\\\\dataconnect\": could not find dataconnect.yaml in `c:\\Dev\\focus-bonus-app\\dataconnect`\n"}}
[debug] [2025-07-18T12:51:25.465Z] E0718 09:51:25.464555   17492 load.go:23] Could not load config from "c:\\Dev\\focus-bonus-app\\dataconnect": could not find dataconnect.yaml in `c:\Dev\focus-bonus-app\dataconnect`
 {"metadata":{"emulator":{"name":"dataconnect"},"message":"E0718 09:51:25.464555   17492 load.go:23] Could not load config from \"c:\\\\Dev\\\\focus-bonus-app\\\\dataconnect\": could not find dataconnect.yaml in `c:\\Dev\\focus-bonus-app\\dataconnect`\n"}}
[debug] [2025-07-18T12:51:35.464Z] E0718 09:51:35.464286   17492 load.go:23] Could not load config from "c:\\Dev\\focus-bonus-app\\dataconnect": could not find dataconnect.yaml in `c:\Dev\focus-bonus-app\dataconnect`
 {"metadata":{"emulator":{"name":"dataconnect"},"message":"E0718 09:51:35.464286   17492 load.go:23] Could not load config from \"c:\\\\Dev\\\\focus-bonus-app\\\\dataconnect\": could not find dataconnect.yaml in `c:\\Dev\\focus-bonus-app\\dataconnect`\n"}}
[debug] [2025-07-18T12:51:45.466Z] E0718 09:51:45.466053   17492 load.go:23] Could not load config from "c:\\Dev\\focus-bonus-app\\dataconnect": could not find dataconnect.yaml in `c:\Dev\focus-bonus-app\dataconnect`
 {"metadata":{"emulator":{"name":"dataconnect"},"message":"E0718 09:51:45.466053   17492 load.go:23] Could not load config from \"c:\\\\Dev\\\\focus-bonus-app\\\\dataconnect\": could not find dataconnect.yaml in `c:\\Dev\\focus-bonus-app\\dataconnect`\n"}}
[debug] [2025-07-18T12:51:55.464Z] E0718 09:51:55.464804   17492 load.go:23] Could not load config from "c:\\Dev\\focus-bonus-app\\dataconnect": could not find dataconnect.yaml in `c:\Dev\focus-bonus-app\dataconnect`
 {"metadata":{"emulator":{"name":"dataconnect"},"message":"E0718 09:51:55.464804   17492 load.go:23] Could not load config from \"c:\\\\Dev\\\\focus-bonus-app\\\\dataconnect\": could not find dataconnect.yaml in `c:\\Dev\\focus-bonus-app\\dataconnect`\n"}}
[debug] [2025-07-18T12:52:05.464Z] E0718 09:52:05.464551   17492 load.go:23] Could not load config from "c:\\Dev\\focus-bonus-app\\dataconnect": could not find dataconnect.yaml in `c:\Dev\focus-bonus-app\dataconnect`
 {"metadata":{"emulator":{"name":"dataconnect"},"message":"E0718 09:52:05.464551   17492 load.go:23] Could not load config from \"c:\\\\Dev\\\\focus-bonus-app\\\\dataconnect\": could not find dataconnect.yaml in `c:\\Dev\\focus-bonus-app\\dataconnect`\n"}}
[debug] [2025-07-18T12:52:15.465Z] E0718 09:52:15.465502   17492 load.go:23] Could not load config from "c:\\Dev\\focus-bonus-app\\dataconnect": could not find dataconnect.yaml in `c:\Dev\focus-bonus-app\dataconnect`
 {"metadata":{"emulator":{"name":"dataconnect"},"message":"E0718 09:52:15.465502   17492 load.go:23] Could not load config from \"c:\\\\Dev\\\\focus-bonus-app\\\\dataconnect\": could not find dataconnect.yaml in `c:\\Dev\\focus-bonus-app\\dataconnect`\n"}}
[debug] [2025-07-18T12:58:35.804Z] E0718 09:58:35.795495   17492 load.go:23] Could not load config from "c:\\Dev\\focus-bonus-app\\dataconnect": could not find dataconnect.yaml in `c:\Dev\focus-bonus-app\dataconnect`
E0718 09:58:35.795495   17492 watch.go:76] watchAllDir unable to walk dir `c:\Dev\focus-bonus-app\dataconnect`: on path "c:\\Dev\\focus-bonus-app\\dataconnect" (DirEntry: <nil>): CreateFile c:\Dev\focus-bonus-app\dataconnect: The system cannot find the file specified.
 {"metadata":{"emulator":{"name":"dataconnect"},"message":"E0718 09:58:35.795495   17492 load.go:23] Could not load config from \"c:\\\\Dev\\\\focus-bonus-app\\\\dataconnect\": could not find dataconnect.yaml in `c:\\Dev\\focus-bonus-app\\dataconnect`\nE0718 09:58:35.795495   17492 watch.go:76] watchAllDir unable to walk dir `c:\\Dev\\focus-bonus-app\\dataconnect`: on path \"c:\\\\Dev\\\\focus-bonus-app\\\\dataconnect\" (DirEntry: <nil>): CreateFile c:\\Dev\\focus-bonus-app\\dataconnect: The system cannot find the file specified.\n"}}
[debug] [2025-07-18T12:58:45.465Z] E0718 09:58:45.466020   17492 load.go:23] Could not load config from "c:\\Dev\\focus-bonus-app\\dataconnect": could not find dataconnect.yaml in `c:\Dev\focus-bonus-app\dataconnect`
 {"metadata":{"emulator":{"name":"dataconnect"},"message":"E0718 09:58:45.466020   17492 load.go:23] Could not load config from \"c:\\\\Dev\\\\focus-bonus-app\\\\dataconnect\": could not find dataconnect.yaml in `c:\\Dev\\focus-bonus-app\\dataconnect`\n"}}
[debug] [2025-07-18T12:58:55.465Z] E0718 09:58:55.465247   17492 load.go:23] Could not load config from "c:\\Dev\\focus-bonus-app\\dataconnect": could not find dataconnect.yaml in `c:\Dev\focus-bonus-app\dataconnect`
 {"metadata":{"emulator":{"name":"dataconnect"},"message":"E0718 09:58:55.465247   17492 load.go:23] Could not load config from \"c:\\\\Dev\\\\focus-bonus-app\\\\dataconnect\": could not find dataconnect.yaml in `c:\\Dev\\focus-bonus-app\\dataconnect`\n"}}
[debug] [2025-07-18T12:59:05.464Z] E0718 09:59:05.464788   17492 load.go:23] Could not load config from "c:\\Dev\\focus-bonus-app\\dataconnect": could not find dataconnect.yaml in `c:\Dev\focus-bonus-app\dataconnect`
 {"metadata":{"emulator":{"name":"dataconnect"},"message":"E0718 09:59:05.464788   17492 load.go:23] Could not load config from \"c:\\\\Dev\\\\focus-bonus-app\\\\dataconnect\": could not find dataconnect.yaml in `c:\\Dev\\focus-bonus-app\\dataconnect`\n"}}
[debug] [2025-07-18T12:59:15.464Z] E0718 09:59:15.464570   17492 load.go:23] Could not load config from "c:\\Dev\\focus-bonus-app\\dataconnect": could not find dataconnect.yaml in `c:\Dev\focus-bonus-app\dataconnect`
 {"metadata":{"emulator":{"name":"dataconnect"},"message":"E0718 09:59:15.464570   17492 load.go:23] Could not load config from \"c:\\\\Dev\\\\focus-bonus-app\\\\dataconnect\": could not find dataconnect.yaml in `c:\\Dev\\focus-bonus-app\\dataconnect`\n"}}
[debug] [2025-07-18T12:59:25.464Z] E0718 09:59:25.464429   17492 load.go:23] Could not load config from "c:\\Dev\\focus-bonus-app\\dataconnect": could not find dataconnect.yaml in `c:\Dev\focus-bonus-app\dataconnect`
 {"metadata":{"emulator":{"name":"dataconnect"},"message":"E0718 09:59:25.464429   17492 load.go:23] Could not load config from \"c:\\\\Dev\\\\focus-bonus-app\\\\dataconnect\": could not find dataconnect.yaml in `c:\\Dev\\focus-bonus-app\\dataconnect`\n"}}
[debug] [2025-07-18T12:59:35.464Z] E0718 09:59:35.464815   17492 load.go:23] Could not load config from "c:\\Dev\\focus-bonus-app\\dataconnect": could not find dataconnect.yaml in `c:\Dev\focus-bonus-app\dataconnect`
 {"metadata":{"emulator":{"name":"dataconnect"},"message":"E0718 09:59:35.464815   17492 load.go:23] Could not load config from \"c:\\\\Dev\\\\focus-bonus-app\\\\dataconnect\": could not find dataconnect.yaml in `c:\\Dev\\focus-bonus-app\\dataconnect`\n"}}
[debug] [2025-07-18T12:59:45.464Z] E0718 09:59:45.464326   17492 load.go:23] Could not load config from "c:\\Dev\\focus-bonus-app\\dataconnect": could not find dataconnect.yaml in `c:\Dev\focus-bonus-app\dataconnect`
 {"metadata":{"emulator":{"name":"dataconnect"},"message":"E0718 09:59:45.464326   17492 load.go:23] Could not load config from \"c:\\\\Dev\\\\focus-bonus-app\\\\dataconnect\": could not find dataconnect.yaml in `c:\\Dev\\focus-bonus-app\\dataconnect`\n"}}
[debug] [2025-07-18T12:59:55.464Z] E0718 09:59:55.464678   17492 load.go:23] Could not load config from "c:\\Dev\\focus-bonus-app\\dataconnect": could not find dataconnect.yaml in `c:\Dev\focus-bonus-app\dataconnect`
 {"metadata":{"emulator":{"name":"dataconnect"},"message":"E0718 09:59:55.464678   17492 load.go:23] Could not load config from \"c:\\\\Dev\\\\focus-bonus-app\\\\dataconnect\": could not find dataconnect.yaml in `c:\\Dev\\focus-bonus-app\\dataconnect`\n"}}
[debug] [2025-07-18T13:00:05.464Z] E0718 10:00:05.464653   17492 load.go:23] Could not load config from "c:\\Dev\\focus-bonus-app\\dataconnect": could not find dataconnect.yaml in `c:\Dev\focus-bonus-app\dataconnect`
 {"metadata":{"emulator":{"name":"dataconnect"},"message":"E0718 10:00:05.464653   17492 load.go:23] Could not load config from \"c:\\\\Dev\\\\focus-bonus-app\\\\dataconnect\": could not find dataconnect.yaml in `c:\\Dev\\focus-bonus-app\\dataconnect`\n"}}
[debug] [2025-07-18T13:00:15.464Z] E0718 10:00:15.464565   17492 load.go:23] Could not load config from "c:\\Dev\\focus-bonus-app\\dataconnect": could not find dataconnect.yaml in `c:\Dev\focus-bonus-app\dataconnect`
 {"metadata":{"emulator":{"name":"dataconnect"},"message":"E0718 10:00:15.464565   17492 load.go:23] Could not load config from \"c:\\\\Dev\\\\focus-bonus-app\\\\dataconnect\": could not find dataconnect.yaml in `c:\\Dev\\focus-bonus-app\\dataconnect`\n"}}
[debug] [2025-07-18T13:00:25.464Z] E0718 10:00:25.464643   17492 load.go:23] Could not load config from "c:\\Dev\\focus-bonus-app\\dataconnect": could not find dataconnect.yaml in `c:\Dev\focus-bonus-app\dataconnect`
E0718 10:00:25.464643   17492 watch.go:76] watchAllDir unable to walk dir `c:\Dev\focus-bonus-app\dataconnect`: on path "c:\\Dev\\focus-bonus-app\\dataconnect" (DirEntry: <nil>): CreateFile c:\Dev\focus-bonus-app\dataconnect: The system cannot find the file specified.
 {"metadata":{"emulator":{"name":"dataconnect"},"message":"E0718 10:00:25.464643   17492 load.go:23] Could not load config from \"c:\\\\Dev\\\\focus-bonus-app\\\\dataconnect\": could not find dataconnect.yaml in `c:\\Dev\\focus-bonus-app\\dataconnect`\nE0718 10:00:25.464643   17492 watch.go:76] watchAllDir unable to walk dir `c:\\Dev\\focus-bonus-app\\dataconnect`: on path \"c:\\\\Dev\\\\focus-bonus-app\\\\dataconnect\" (DirEntry: <nil>): CreateFile c:\\Dev\\focus-bonus-app\\dataconnect: The system cannot find the file specified.\n"}}
[debug] [2025-07-18T13:00:35.465Z] E0718 10:00:35.464795   17492 load.go:23] Could not load config from "c:\\Dev\\focus-bonus-app\\dataconnect": could not find dataconnect.yaml in `c:\Dev\focus-bonus-app\dataconnect`
 {"metadata":{"emulator":{"name":"dataconnect"},"message":"E0718 10:00:35.464795   17492 load.go:23] Could not load config from \"c:\\\\Dev\\\\focus-bonus-app\\\\dataconnect\": could not find dataconnect.yaml in `c:\\Dev\\focus-bonus-app\\dataconnect`\n"}}
[debug] [2025-07-18T13:00:45.465Z] E0718 10:00:45.465336   17492 load.go:23] Could not load config from "c:\\Dev\\focus-bonus-app\\dataconnect": could not find dataconnect.yaml in `c:\Dev\focus-bonus-app\dataconnect`
 {"metadata":{"emulator":{"name":"dataconnect"},"message":"E0718 10:00:45.465336   17492 load.go:23] Could not load config from \"c:\\\\Dev\\\\focus-bonus-app\\\\dataconnect\": could not find dataconnect.yaml in `c:\\Dev\\focus-bonus-app\\dataconnect`\n"}}
[debug] [2025-07-18T13:00:55.464Z] E0718 10:00:55.464686   17492 load.go:23] Could not load config from "c:\\Dev\\focus-bonus-app\\dataconnect": could not find dataconnect.yaml in `c:\Dev\focus-bonus-app\dataconnect`
 {"metadata":{"emulator":{"name":"dataconnect"},"message":"E0718 10:00:55.464686   17492 load.go:23] Could not load config from \"c:\\\\Dev\\\\focus-bonus-app\\\\dataconnect\": could not find dataconnect.yaml in `c:\\Dev\\focus-bonus-app\\dataconnect`\n"}}
[debug] [2025-07-18T13:01:05.464Z] E0718 10:01:05.464267   17492 load.go:23] Could not load config from "c:\\Dev\\focus-bonus-app\\dataconnect": could not find dataconnect.yaml in `c:\Dev\focus-bonus-app\dataconnect`
 {"metadata":{"emulator":{"name":"dataconnect"},"message":"E0718 10:01:05.464267   17492 load.go:23] Could not load config from \"c:\\\\Dev\\\\focus-bonus-app\\\\dataconnect\": could not find dataconnect.yaml in `c:\\Dev\\focus-bonus-app\\dataconnect`\n"}}
[debug] [2025-07-18T13:01:15.465Z] E0718 10:01:15.465192   17492 load.go:23] Could not load config from "c:\\Dev\\focus-bonus-app\\dataconnect": could not find dataconnect.yaml in `c:\Dev\focus-bonus-app\dataconnect`
 {"metadata":{"emulator":{"name":"dataconnect"},"message":"E0718 10:01:15.465192   17492 load.go:23] Could not load config from \"c:\\\\Dev\\\\focus-bonus-app\\\\dataconnect\": could not find dataconnect.yaml in `c:\\Dev\\focus-bonus-app\\dataconnect`\n"}}
[debug] [2025-07-18T13:01:25.464Z] E0718 10:01:25.464365   17492 load.go:23] Could not load config from "c:\\Dev\\focus-bonus-app\\dataconnect": could not find dataconnect.yaml in `c:\Dev\focus-bonus-app\dataconnect`
 {"metadata":{"emulator":{"name":"dataconnect"},"message":"E0718 10:01:25.464365   17492 load.go:23] Could not load config from \"c:\\\\Dev\\\\focus-bonus-app\\\\dataconnect\": could not find dataconnect.yaml in `c:\\Dev\\focus-bonus-app\\dataconnect`\n"}}
[debug] [2025-07-18T13:01:35.464Z] E0718 10:01:35.464618   17492 load.go:23] Could not load config from "c:\\Dev\\focus-bonus-app\\dataconnect": could not find dataconnect.yaml in `c:\Dev\focus-bonus-app\dataconnect`
 {"metadata":{"emulator":{"name":"dataconnect"},"message":"E0718 10:01:35.464618   17492 load.go:23] Could not load config from \"c:\\\\Dev\\\\focus-bonus-app\\\\dataconnect\": could not find dataconnect.yaml in `c:\\Dev\\focus-bonus-app\\dataconnect`\n"}}
[debug] [2025-07-18T13:01:45.464Z] E0718 10:01:45.464432   17492 load.go:23] Could not load config from "c:\\Dev\\focus-bonus-app\\dataconnect": could not find dataconnect.yaml in `c:\Dev\focus-bonus-app\dataconnect`
 {"metadata":{"emulator":{"name":"dataconnect"},"message":"E0718 10:01:45.464432   17492 load.go:23] Could not load config from \"c:\\\\Dev\\\\focus-bonus-app\\\\dataconnect\": could not find dataconnect.yaml in `c:\\Dev\\focus-bonus-app\\dataconnect`\n"}}
[debug] [2025-07-18T13:01:55.465Z] E0718 10:01:55.465169   17492 load.go:23] Could not load config from "c:\\Dev\\focus-bonus-app\\dataconnect": could not find dataconnect.yaml in `c:\Dev\focus-bonus-app\dataconnect`
 {"metadata":{"emulator":{"name":"dataconnect"},"message":"E0718 10:01:55.465169   17492 load.go:23] Could not load config from \"c:\\\\Dev\\\\focus-bonus-app\\\\dataconnect\": could not find dataconnect.yaml in `c:\\Dev\\focus-bonus-app\\dataconnect`\n"}}
[debug] [2025-07-18T13:02:05.464Z] E0718 10:02:05.464507   17492 load.go:23] Could not load config from "c:\\Dev\\focus-bonus-app\\dataconnect": could not find dataconnect.yaml in `c:\Dev\focus-bonus-app\dataconnect`
 {"metadata":{"emulator":{"name":"dataconnect"},"message":"E0718 10:02:05.464507   17492 load.go:23] Could not load config from \"c:\\\\Dev\\\\focus-bonus-app\\\\dataconnect\": could not find dataconnect.yaml in `c:\\Dev\\focus-bonus-app\\dataconnect`\n"}}
[debug] [2025-07-18T13:02:15.465Z] E0718 10:02:15.464601   17492 load.go:23] Could not load config from "c:\\Dev\\focus-bonus-app\\dataconnect": could not find dataconnect.yaml in `c:\Dev\focus-bonus-app\dataconnect`
 {"metadata":{"emulator":{"name":"dataconnect"},"message":"E0718 10:02:15.464601   17492 load.go:23] Could not load config from \"c:\\\\Dev\\\\focus-bonus-app\\\\dataconnect\": could not find dataconnect.yaml in `c:\\Dev\\focus-bonus-app\\dataconnect`\n"}}
[debug] [2025-07-18T13:02:25.465Z] E0718 10:02:25.464672   17492 load.go:23] Could not load config from "c:\\Dev\\focus-bonus-app\\dataconnect": could not find dataconnect.yaml in `c:\Dev\focus-bonus-app\dataconnect`
E0718 10:02:25.464672   17492 watch.go:76] watchAllDir unable to walk dir `c:\Dev\focus-bonus-app\dataconnect`: on path "c:\\Dev\\focus-bonus-app\\dataconnect" (DirEntry: <nil>): CreateFile c:\Dev\focus-bonus-app\dataconnect: The system cannot find the file specified.
 {"metadata":{"emulator":{"name":"dataconnect"},"message":"E0718 10:02:25.464672   17492 load.go:23] Could not load config from \"c:\\\\Dev\\\\focus-bonus-app\\\\dataconnect\": could not find dataconnect.yaml in `c:\\Dev\\focus-bonus-app\\dataconnect`\nE0718 10:02:25.464672   17492 watch.go:76] watchAllDir unable to walk dir `c:\\Dev\\focus-bonus-app\\dataconnect`: on path \"c:\\\\Dev\\\\focus-bonus-app\\\\dataconnect\" (DirEntry: <nil>): CreateFile c:\\Dev\\focus-bonus-app\\dataconnect: The system cannot find the file specified.\n"}}
[debug] [2025-07-18T13:02:35.464Z] E0718 10:02:35.464493   17492 load.go:23] Could not load config from "c:\\Dev\\focus-bonus-app\\dataconnect": could not find dataconnect.yaml in `c:\Dev\focus-bonus-app\dataconnect`
 {"metadata":{"emulator":{"name":"dataconnect"},"message":"E0718 10:02:35.464493   17492 load.go:23] Could not load config from \"c:\\\\Dev\\\\focus-bonus-app\\\\dataconnect\": could not find dataconnect.yaml in `c:\\Dev\\focus-bonus-app\\dataconnect`\n"}}
[debug] [2025-07-18T13:02:45.464Z] E0718 10:02:45.464478   17492 load.go:23] Could not load config from "c:\\Dev\\focus-bonus-app\\dataconnect": could not find dataconnect.yaml in `c:\Dev\focus-bonus-app\dataconnect`
 {"metadata":{"emulator":{"name":"dataconnect"},"message":"E0718 10:02:45.464478   17492 load.go:23] Could not load config from \"c:\\\\Dev\\\\focus-bonus-app\\\\dataconnect\": could not find dataconnect.yaml in `c:\\Dev\\focus-bonus-app\\dataconnect`\n"}}
[debug] [2025-07-18T13:02:55.465Z] E0718 10:02:55.464604   17492 load.go:23] Could not load config from "c:\\Dev\\focus-bonus-app\\dataconnect": could not find dataconnect.yaml in `c:\Dev\focus-bonus-app\dataconnect`
 {"metadata":{"emulator":{"name":"dataconnect"},"message":"E0718 10:02:55.464604   17492 load.go:23] Could not load config from \"c:\\\\Dev\\\\focus-bonus-app\\\\dataconnect\": could not find dataconnect.yaml in `c:\\Dev\\focus-bonus-app\\dataconnect`\n"}}
[debug] [2025-07-18T13:03:05.465Z] E0718 10:03:05.465212   17492 load.go:23] Could not load config from "c:\\Dev\\focus-bonus-app\\dataconnect": could not find dataconnect.yaml in `c:\Dev\focus-bonus-app\dataconnect`
 {"metadata":{"emulator":{"name":"dataconnect"},"message":"E0718 10:03:05.465212   17492 load.go:23] Could not load config from \"c:\\\\Dev\\\\focus-bonus-app\\\\dataconnect\": could not find dataconnect.yaml in `c:\\Dev\\focus-bonus-app\\dataconnect`\n"}}
[debug] [2025-07-18T13:03:15.465Z] E0718 10:03:15.464815   17492 load.go:23] Could not load config from "c:\\Dev\\focus-bonus-app\\dataconnect": could not find dataconnect.yaml in `c:\Dev\focus-bonus-app\dataconnect`
 {"metadata":{"emulator":{"name":"dataconnect"},"message":"E0718 10:03:15.464815   17492 load.go:23] Could not load config from \"c:\\\\Dev\\\\focus-bonus-app\\\\dataconnect\": could not find dataconnect.yaml in `c:\\Dev\\focus-bonus-app\\dataconnect`\n"}}
[debug] [2025-07-18T13:03:25.465Z] E0718 10:03:25.464939   17492 load.go:23] Could not load config from "c:\\Dev\\focus-bonus-app\\dataconnect": could not find dataconnect.yaml in `c:\Dev\focus-bonus-app\dataconnect`
 {"metadata":{"emulator":{"name":"dataconnect"},"message":"E0718 10:03:25.464939   17492 load.go:23] Could not load config from \"c:\\\\Dev\\\\focus-bonus-app\\\\dataconnect\": could not find dataconnect.yaml in `c:\\Dev\\focus-bonus-app\\dataconnect`\n"}}
[debug] [2025-07-18T13:03:35.465Z] E0718 10:03:35.464554   17492 load.go:23] Could not load config from "c:\\Dev\\focus-bonus-app\\dataconnect": could not find dataconnect.yaml in `c:\Dev\focus-bonus-app\dataconnect`
 {"metadata":{"emulator":{"name":"dataconnect"},"message":"E0718 10:03:35.464554   17492 load.go:23] Could not load config from \"c:\\\\Dev\\\\focus-bonus-app\\\\dataconnect\": could not find dataconnect.yaml in `c:\\Dev\\focus-bonus-app\\dataconnect`\n"}}
[debug] [2025-07-18T13:03:45.465Z] E0718 10:03:45.464548   17492 load.go:23] Could not load config from "c:\\Dev\\focus-bonus-app\\dataconnect": could not find dataconnect.yaml in `c:\Dev\focus-bonus-app\dataconnect`
 {"metadata":{"emulator":{"name":"dataconnect"},"message":"E0718 10:03:45.464548   17492 load.go:23] Could not load config from \"c:\\\\Dev\\\\focus-bonus-app\\\\dataconnect\": could not find dataconnect.yaml in `c:\\Dev\\focus-bonus-app\\dataconnect`\n"}}
[debug] [2025-07-18T13:03:55.465Z] E0718 10:03:55.464567   17492 load.go:23] Could not load config from "c:\\Dev\\focus-bonus-app\\dataconnect": could not find dataconnect.yaml in `c:\Dev\focus-bonus-app\dataconnect`
 {"metadata":{"emulator":{"name":"dataconnect"},"message":"E0718 10:03:55.464567   17492 load.go:23] Could not load config from \"c:\\\\Dev\\\\focus-bonus-app\\\\dataconnect\": could not find dataconnect.yaml in `c:\\Dev\\focus-bonus-app\\dataconnect`\n"}}
[debug] [2025-07-18T13:04:05.464Z] E0718 10:04:05.464581   17492 load.go:23] Could not load config from "c:\\Dev\\focus-bonus-app\\dataconnect": could not find dataconnect.yaml in `c:\Dev\focus-bonus-app\dataconnect`
 {"metadata":{"emulator":{"name":"dataconnect"},"message":"E0718 10:04:05.464581   17492 load.go:23] Could not load config from \"c:\\\\Dev\\\\focus-bonus-app\\\\dataconnect\": could not find dataconnect.yaml in `c:\\Dev\\focus-bonus-app\\dataconnect`\n"}}
[debug] [2025-07-18T13:04:15.465Z] E0718 10:04:15.464589   17492 load.go:23] Could not load config from "c:\\Dev\\focus-bonus-app\\dataconnect": could not find dataconnect.yaml in `c:\Dev\focus-bonus-app\dataconnect`
 {"metadata":{"emulator":{"name":"dataconnect"},"message":"E0718 10:04:15.464589   17492 load.go:23] Could not load config from \"c:\\\\Dev\\\\focus-bonus-app\\\\dataconnect\": could not find dataconnect.yaml in `c:\\Dev\\focus-bonus-app\\dataconnect`\n"}}
[debug] [2025-07-18T13:04:25.465Z] E0718 10:04:25.464619   17492 load.go:23] Could not load config from "c:\\Dev\\focus-bonus-app\\dataconnect": could not find dataconnect.yaml in `c:\Dev\focus-bonus-app\dataconnect`
E0718 10:04:25.464619   17492 watch.go:76] watchAllDir unable to walk dir `c:\Dev\focus-bonus-app\dataconnect`: on path "c:\\Dev\\focus-bonus-app\\dataconnect" (DirEntry: <nil>): CreateFile c:\Dev\focus-bonus-app\dataconnect: The system cannot find the file specified.
 {"metadata":{"emulator":{"name":"dataconnect"},"message":"E0718 10:04:25.464619   17492 load.go:23] Could not load config from \"c:\\\\Dev\\\\focus-bonus-app\\\\dataconnect\": could not find dataconnect.yaml in `c:\\Dev\\focus-bonus-app\\dataconnect`\nE0718 10:04:25.464619   17492 watch.go:76] watchAllDir unable to walk dir `c:\\Dev\\focus-bonus-app\\dataconnect`: on path \"c:\\\\Dev\\\\focus-bonus-app\\\\dataconnect\" (DirEntry: <nil>): CreateFile c:\\Dev\\focus-bonus-app\\dataconnect: The system cannot find the file specified.\n"}}
[debug] [2025-07-18T13:04:35.464Z] E0718 10:04:35.464510   17492 load.go:23] Could not load config from "c:\\Dev\\focus-bonus-app\\dataconnect": could not find dataconnect.yaml in `c:\Dev\focus-bonus-app\dataconnect`
 {"metadata":{"emulator":{"name":"dataconnect"},"message":"E0718 10:04:35.464510   17492 load.go:23] Could not load config from \"c:\\\\Dev\\\\focus-bonus-app\\\\dataconnect\": could not find dataconnect.yaml in `c:\\Dev\\focus-bonus-app\\dataconnect`\n"}}
[debug] [2025-07-18T13:04:45.465Z] E0718 10:04:45.465084   17492 load.go:23] Could not load config from "c:\\Dev\\focus-bonus-app\\dataconnect": could not find dataconnect.yaml in `c:\Dev\focus-bonus-app\dataconnect`
 {"metadata":{"emulator":{"name":"dataconnect"},"message":"E0718 10:04:45.465084   17492 load.go:23] Could not load config from \"c:\\\\Dev\\\\focus-bonus-app\\\\dataconnect\": could not find dataconnect.yaml in `c:\\Dev\\focus-bonus-app\\dataconnect`\n"}}
[debug] [2025-07-18T13:04:55.465Z] E0718 10:04:55.465028   17492 load.go:23] Could not load config from "c:\\Dev\\focus-bonus-app\\dataconnect": could not find dataconnect.yaml in `c:\Dev\focus-bonus-app\dataconnect`
 {"metadata":{"emulator":{"name":"dataconnect"},"message":"E0718 10:04:55.465028   17492 load.go:23] Could not load config from \"c:\\\\Dev\\\\focus-bonus-app\\\\dataconnect\": could not find dataconnect.yaml in `c:\\Dev\\focus-bonus-app\\dataconnect`\n"}}
[debug] [2025-07-18T13:05:05.465Z] E0718 10:05:05.464304   17492 load.go:23] Could not load config from "c:\\Dev\\focus-bonus-app\\dataconnect": could not find dataconnect.yaml in `c:\Dev\focus-bonus-app\dataconnect`
 {"metadata":{"emulator":{"name":"dataconnect"},"message":"E0718 10:05:05.464304   17492 load.go:23] Could not load config from \"c:\\\\Dev\\\\focus-bonus-app\\\\dataconnect\": could not find dataconnect.yaml in `c:\\Dev\\focus-bonus-app\\dataconnect`\n"}}
[debug] [2025-07-18T13:05:15.465Z] E0718 10:05:15.464969   17492 load.go:23] Could not load config from "c:\\Dev\\focus-bonus-app\\dataconnect": could not find dataconnect.yaml in `c:\Dev\focus-bonus-app\dataconnect`
 {"metadata":{"emulator":{"name":"dataconnect"},"message":"E0718 10:05:15.464969   17492 load.go:23] Could not load config from \"c:\\\\Dev\\\\focus-bonus-app\\\\dataconnect\": could not find dataconnect.yaml in `c:\\Dev\\focus-bonus-app\\dataconnect`\n"}}
[debug] [2025-07-18T13:05:25.465Z] E0718 10:05:25.464380   17492 load.go:23] Could not load config from "c:\\Dev\\focus-bonus-app\\dataconnect": could not find dataconnect.yaml in `c:\Dev\focus-bonus-app\dataconnect`
 {"metadata":{"emulator":{"name":"dataconnect"},"message":"E0718 10:05:25.464380   17492 load.go:23] Could not load config from \"c:\\\\Dev\\\\focus-bonus-app\\\\dataconnect\": could not find dataconnect.yaml in `c:\\Dev\\focus-bonus-app\\dataconnect`\n"}}
[debug] [2025-07-18T13:05:35.464Z] E0718 10:05:35.464540   17492 load.go:23] Could not load config from "c:\\Dev\\focus-bonus-app\\dataconnect": could not find dataconnect.yaml in `c:\Dev\focus-bonus-app\dataconnect`
 {"metadata":{"emulator":{"name":"dataconnect"},"message":"E0718 10:05:35.464540   17492 load.go:23] Could not load config from \"c:\\\\Dev\\\\focus-bonus-app\\\\dataconnect\": could not find dataconnect.yaml in `c:\\Dev\\focus-bonus-app\\dataconnect`\n"}}
[debug] [2025-07-18T13:05:45.465Z] E0718 10:05:45.464745   17492 load.go:23] Could not load config from "c:\\Dev\\focus-bonus-app\\dataconnect": could not find dataconnect.yaml in `c:\Dev\focus-bonus-app\dataconnect`
 {"metadata":{"emulator":{"name":"dataconnect"},"message":"E0718 10:05:45.464745   17492 load.go:23] Could not load config from \"c:\\\\Dev\\\\focus-bonus-app\\\\dataconnect\": could not find dataconnect.yaml in `c:\\Dev\\focus-bonus-app\\dataconnect`\n"}}
[debug] [2025-07-18T13:05:55.465Z] E0718 10:05:55.465006   17492 load.go:23] Could not load config from "c:\\Dev\\focus-bonus-app\\dataconnect": could not find dataconnect.yaml in `c:\Dev\focus-bonus-app\dataconnect`
 {"metadata":{"emulator":{"name":"dataconnect"},"message":"E0718 10:05:55.465006   17492 load.go:23] Could not load config from \"c:\\\\Dev\\\\focus-bonus-app\\\\dataconnect\": could not find dataconnect.yaml in `c:\\Dev\\focus-bonus-app\\dataconnect`\n"}}
[debug] [2025-07-18T13:06:05.465Z] E0718 10:06:05.464992   17492 load.go:23] Could not load config from "c:\\Dev\\focus-bonus-app\\dataconnect": could not find dataconnect.yaml in `c:\Dev\focus-bonus-app\dataconnect`
 {"metadata":{"emulator":{"name":"dataconnect"},"message":"E0718 10:06:05.464992   17492 load.go:23] Could not load config from \"c:\\\\Dev\\\\focus-bonus-app\\\\dataconnect\": could not find dataconnect.yaml in `c:\\Dev\\focus-bonus-app\\dataconnect`\n"}}
[debug] [2025-07-18T13:06:15.465Z] E0718 10:06:15.464679   17492 load.go:23] Could not load config from "c:\\Dev\\focus-bonus-app\\dataconnect": could not find dataconnect.yaml in `c:\Dev\focus-bonus-app\dataconnect`
 {"metadata":{"emulator":{"name":"dataconnect"},"message":"E0718 10:06:15.464679   17492 load.go:23] Could not load config from \"c:\\\\Dev\\\\focus-bonus-app\\\\dataconnect\": could not find dataconnect.yaml in `c:\\Dev\\focus-bonus-app\\dataconnect`\n"}}
[debug] [2025-07-18T13:06:25.465Z] E0718 10:06:25.464504   17492 load.go:23] Could not load config from "c:\\Dev\\focus-bonus-app\\dataconnect": could not find dataconnect.yaml in `c:\Dev\focus-bonus-app\dataconnect`
E0718 10:06:25.464504   17492 watch.go:76] watchAllDir unable to walk dir `c:\Dev\focus-bonus-app\dataconnect`: on path "c:\\Dev\\focus-bonus-app\\dataconnect" (DirEntry: <nil>): CreateFile c:\Dev\focus-bonus-app\dataconnect: The system cannot find the file specified.
 {"metadata":{"emulator":{"name":"dataconnect"},"message":"E0718 10:06:25.464504   17492 load.go:23] Could not load config from \"c:\\\\Dev\\\\focus-bonus-app\\\\dataconnect\": could not find dataconnect.yaml in `c:\\Dev\\focus-bonus-app\\dataconnect`\nE0718 10:06:25.464504   17492 watch.go:76] watchAllDir unable to walk dir `c:\\Dev\\focus-bonus-app\\dataconnect`: on path \"c:\\\\Dev\\\\focus-bonus-app\\\\dataconnect\" (DirEntry: <nil>): CreateFile c:\\Dev\\focus-bonus-app\\dataconnect: The system cannot find the file specified.\n"}}
[debug] [2025-07-18T13:06:35.465Z] E0718 10:06:35.464512   17492 load.go:23] Could not load config from "c:\\Dev\\focus-bonus-app\\dataconnect": could not find dataconnect.yaml in `c:\Dev\focus-bonus-app\dataconnect`
 {"metadata":{"emulator":{"name":"dataconnect"},"message":"E0718 10:06:35.464512   17492 load.go:23] Could not load config from \"c:\\\\Dev\\\\focus-bonus-app\\\\dataconnect\": could not find dataconnect.yaml in `c:\\Dev\\focus-bonus-app\\dataconnect`\n"}}
[debug] [2025-07-18T13:06:45.465Z] E0718 10:06:45.464638   17492 load.go:23] Could not load config from "c:\\Dev\\focus-bonus-app\\dataconnect": could not find dataconnect.yaml in `c:\Dev\focus-bonus-app\dataconnect`
 {"metadata":{"emulator":{"name":"dataconnect"},"message":"E0718 10:06:45.464638   17492 load.go:23] Could not load config from \"c:\\\\Dev\\\\focus-bonus-app\\\\dataconnect\": could not find dataconnect.yaml in `c:\\Dev\\focus-bonus-app\\dataconnect`\n"}}
[debug] [2025-07-18T13:06:55.465Z] E0718 10:06:55.464720   17492 load.go:23] Could not load config from "c:\\Dev\\focus-bonus-app\\dataconnect": could not find dataconnect.yaml in `c:\Dev\focus-bonus-app\dataconnect`
 {"metadata":{"emulator":{"name":"dataconnect"},"message":"E0718 10:06:55.464720   17492 load.go:23] Could not load config from \"c:\\\\Dev\\\\focus-bonus-app\\\\dataconnect\": could not find dataconnect.yaml in `c:\\Dev\\focus-bonus-app\\dataconnect`\n"}}
[debug] [2025-07-18T13:07:05.464Z] E0718 10:07:05.465270   17492 load.go:23] Could not load config from "c:\\Dev\\focus-bonus-app\\dataconnect": could not find dataconnect.yaml in `c:\Dev\focus-bonus-app\dataconnect`
 {"metadata":{"emulator":{"name":"dataconnect"},"message":"E0718 10:07:05.465270   17492 load.go:23] Could not load config from \"c:\\\\Dev\\\\focus-bonus-app\\\\dataconnect\": could not find dataconnect.yaml in `c:\\Dev\\focus-bonus-app\\dataconnect`\n"}}
[debug] [2025-07-18T13:07:15.465Z] E0718 10:07:15.465808   17492 load.go:23] Could not load config from "c:\\Dev\\focus-bonus-app\\dataconnect": could not find dataconnect.yaml in `c:\Dev\focus-bonus-app\dataconnect`
 {"metadata":{"emulator":{"name":"dataconnect"},"message":"E0718 10:07:15.465808   17492 load.go:23] Could not load config from \"c:\\\\Dev\\\\focus-bonus-app\\\\dataconnect\": could not find dataconnect.yaml in `c:\\Dev\\focus-bonus-app\\dataconnect`\n"}}
[debug] [2025-07-18T13:07:25.464Z] E0718 10:07:25.464840   17492 load.go:23] Could not load config from "c:\\Dev\\focus-bonus-app\\dataconnect": could not find dataconnect.yaml in `c:\Dev\focus-bonus-app\dataconnect`
 {"metadata":{"emulator":{"name":"dataconnect"},"message":"E0718 10:07:25.464840   17492 load.go:23] Could not load config from \"c:\\\\Dev\\\\focus-bonus-app\\\\dataconnect\": could not find dataconnect.yaml in `c:\\Dev\\focus-bonus-app\\dataconnect`\n"}}
[debug] [2025-07-18T13:07:35.464Z] E0718 10:07:35.464627   17492 load.go:23] Could not load config from "c:\\Dev\\focus-bonus-app\\dataconnect": could not find dataconnect.yaml in `c:\Dev\focus-bonus-app\dataconnect`
 {"metadata":{"emulator":{"name":"dataconnect"},"message":"E0718 10:07:35.464627   17492 load.go:23] Could not load config from \"c:\\\\Dev\\\\focus-bonus-app\\\\dataconnect\": could not find dataconnect.yaml in `c:\\Dev\\focus-bonus-app\\dataconnect`\n"}}
[debug] [2025-07-18T13:07:45.464Z] E0718 10:07:45.464468   17492 load.go:23] Could not load config from "c:\\Dev\\focus-bonus-app\\dataconnect": could not find dataconnect.yaml in `c:\Dev\focus-bonus-app\dataconnect`
 {"metadata":{"emulator":{"name":"dataconnect"},"message":"E0718 10:07:45.464468   17492 load.go:23] Could not load config from \"c:\\\\Dev\\\\focus-bonus-app\\\\dataconnect\": could not find dataconnect.yaml in `c:\\Dev\\focus-bonus-app\\dataconnect`\n"}}
[debug] [2025-07-18T13:07:55.463Z] E0718 10:07:55.464426   17492 load.go:23] Could not load config from "c:\\Dev\\focus-bonus-app\\dataconnect": could not find dataconnect.yaml in `c:\Dev\focus-bonus-app\dataconnect`
 {"metadata":{"emulator":{"name":"dataconnect"},"message":"E0718 10:07:55.464426   17492 load.go:23] Could not load config from \"c:\\\\Dev\\\\focus-bonus-app\\\\dataconnect\": could not find dataconnect.yaml in `c:\\Dev\\focus-bonus-app\\dataconnect`\n"}}
[debug] [2025-07-18T13:08:05.465Z] E0718 10:08:05.464606   17492 load.go:23] Could not load config from "c:\\Dev\\focus-bonus-app\\dataconnect": could not find dataconnect.yaml in `c:\Dev\focus-bonus-app\dataconnect`
 {"metadata":{"emulator":{"name":"dataconnect"},"message":"E0718 10:08:05.464606   17492 load.go:23] Could not load config from \"c:\\\\Dev\\\\focus-bonus-app\\\\dataconnect\": could not find dataconnect.yaml in `c:\\Dev\\focus-bonus-app\\dataconnect`\n"}}
[debug] [2025-07-18T13:08:15.465Z] E0718 10:08:15.464574   17492 load.go:23] Could not load config from "c:\\Dev\\focus-bonus-app\\dataconnect": could not find dataconnect.yaml in `c:\Dev\focus-bonus-app\dataconnect`
 {"metadata":{"emulator":{"name":"dataconnect"},"message":"E0718 10:08:15.464574   17492 load.go:23] Could not load config from \"c:\\\\Dev\\\\focus-bonus-app\\\\dataconnect\": could not find dataconnect.yaml in `c:\\Dev\\focus-bonus-app\\dataconnect`\n"}}
[debug] [2025-07-18T13:08:25.465Z] E0718 10:08:25.464748   17492 load.go:23] Could not load config from "c:\\Dev\\focus-bonus-app\\dataconnect": could not find dataconnect.yaml in `c:\Dev\focus-bonus-app\dataconnect`
 {"metadata":{"emulator":{"name":"dataconnect"},"message":"E0718 10:08:25.464748   17492 load.go:23] Could not load config from \"c:\\\\Dev\\\\focus-bonus-app\\\\dataconnect\": could not find dataconnect.yaml in `c:\\Dev\\focus-bonus-app\\dataconnect`\n"}}
[debug] [2025-07-18T13:08:25.465Z] E0718 10:08:25.464748   17492 watch.go:76] watchAllDir unable to walk dir `c:\Dev\focus-bonus-app\dataconnect`: on path "c:\\Dev\\focus-bonus-app\\dataconnect" (DirEntry: <nil>): CreateFile c:\Dev\focus-bonus-app\dataconnect: The system cannot find the file specified.
 {"metadata":{"emulator":{"name":"dataconnect"},"message":"E0718 10:08:25.464748   17492 watch.go:76] watchAllDir unable to walk dir `c:\\Dev\\focus-bonus-app\\dataconnect`: on path \"c:\\\\Dev\\\\focus-bonus-app\\\\dataconnect\" (DirEntry: <nil>): CreateFile c:\\Dev\\focus-bonus-app\\dataconnect: The system cannot find the file specified.\n"}}
[debug] [2025-07-18T13:08:35.464Z] E0718 10:08:35.464291   17492 load.go:23] Could not load config from "c:\\Dev\\focus-bonus-app\\dataconnect": could not find dataconnect.yaml in `c:\Dev\focus-bonus-app\dataconnect`
 {"metadata":{"emulator":{"name":"dataconnect"},"message":"E0718 10:08:35.464291   17492 load.go:23] Could not load config from \"c:\\\\Dev\\\\focus-bonus-app\\\\dataconnect\": could not find dataconnect.yaml in `c:\\Dev\\focus-bonus-app\\dataconnect`\n"}}
[debug] [2025-07-18T13:08:45.502Z] E0718 10:08:45.482669   17492 load.go:23] Could not load config from "c:\\Dev\\focus-bonus-app\\dataconnect": could not find dataconnect.yaml in `c:\Dev\focus-bonus-app\dataconnect`
 {"metadata":{"emulator":{"name":"dataconnect"},"message":"E0718 10:08:45.482669   17492 load.go:23] Could not load config from \"c:\\\\Dev\\\\focus-bonus-app\\\\dataconnect\": could not find dataconnect.yaml in `c:\\Dev\\focus-bonus-app\\dataconnect`\n"}}
[debug] [2025-07-18T13:08:55.465Z] E0718 10:08:55.464714   17492 load.go:23] Could not load config from "c:\\Dev\\focus-bonus-app\\dataconnect": could not find dataconnect.yaml in `c:\Dev\focus-bonus-app\dataconnect`
 {"metadata":{"emulator":{"name":"dataconnect"},"message":"E0718 10:08:55.464714   17492 load.go:23] Could not load config from \"c:\\\\Dev\\\\focus-bonus-app\\\\dataconnect\": could not find dataconnect.yaml in `c:\\Dev\\focus-bonus-app\\dataconnect`\n"}}
[debug] [2025-07-18T13:09:05.476Z] E0718 10:09:05.467097   17492 load.go:23] Could not load config from "c:\\Dev\\focus-bonus-app\\dataconnect": could not find dataconnect.yaml in `c:\Dev\focus-bonus-app\dataconnect`
 {"metadata":{"emulator":{"name":"dataconnect"},"message":"E0718 10:09:05.467097   17492 load.go:23] Could not load config from \"c:\\\\Dev\\\\focus-bonus-app\\\\dataconnect\": could not find dataconnect.yaml in `c:\\Dev\\focus-bonus-app\\dataconnect`\n"}}
[debug] [2025-07-18T13:09:15.466Z] E0718 10:09:15.466040   17492 load.go:23] Could not load config from "c:\\Dev\\focus-bonus-app\\dataconnect": could not find dataconnect.yaml in `c:\Dev\focus-bonus-app\dataconnect`
 {"metadata":{"emulator":{"name":"dataconnect"},"message":"E0718 10:09:15.466040   17492 load.go:23] Could not load config from \"c:\\\\Dev\\\\focus-bonus-app\\\\dataconnect\": could not find dataconnect.yaml in `c:\\Dev\\focus-bonus-app\\dataconnect`\n"}}
[debug] [2025-07-18T13:09:25.465Z] E0718 10:09:25.464674   17492 load.go:23] Could not load config from "c:\\Dev\\focus-bonus-app\\dataconnect": could not find dataconnect.yaml in `c:\Dev\focus-bonus-app\dataconnect`
 {"metadata":{"emulator":{"name":"dataconnect"},"message":"E0718 10:09:25.464674   17492 load.go:23] Could not load config from \"c:\\\\Dev\\\\focus-bonus-app\\\\dataconnect\": could not find dataconnect.yaml in `c:\\Dev\\focus-bonus-app\\dataconnect`\n"}}
[debug] [2025-07-18T13:09:35.465Z] E0718 10:09:35.464570   17492 load.go:23] Could not load config from "c:\\Dev\\focus-bonus-app\\dataconnect": could not find dataconnect.yaml in `c:\Dev\focus-bonus-app\dataconnect`
 {"metadata":{"emulator":{"name":"dataconnect"},"message":"E0718 10:09:35.464570   17492 load.go:23] Could not load config from \"c:\\\\Dev\\\\focus-bonus-app\\\\dataconnect\": could not find dataconnect.yaml in `c:\\Dev\\focus-bonus-app\\dataconnect`\n"}}
[debug] [2025-07-18T13:09:45.464Z] E0718 10:09:45.464632   17492 load.go:23] Could not load config from "c:\\Dev\\focus-bonus-app\\dataconnect": could not find dataconnect.yaml in `c:\Dev\focus-bonus-app\dataconnect`
 {"metadata":{"emulator":{"name":"dataconnect"},"message":"E0718 10:09:45.464632   17492 load.go:23] Could not load config from \"c:\\\\Dev\\\\focus-bonus-app\\\\dataconnect\": could not find dataconnect.yaml in `c:\\Dev\\focus-bonus-app\\dataconnect`\n"}}
[debug] [2025-07-18T13:09:55.466Z] E0718 10:09:55.465304   17492 load.go:23] Could not load config from "c:\\Dev\\focus-bonus-app\\dataconnect": could not find dataconnect.yaml in `c:\Dev\focus-bonus-app\dataconnect`
 {"metadata":{"emulator":{"name":"dataconnect"},"message":"E0718 10:09:55.465304   17492 load.go:23] Could not load config from \"c:\\\\Dev\\\\focus-bonus-app\\\\dataconnect\": could not find dataconnect.yaml in `c:\\Dev\\focus-bonus-app\\dataconnect`\n"}}
[debug] [2025-07-18T13:10:05.465Z] E0718 10:10:05.464623   17492 load.go:23] Could not load config from "c:\\Dev\\focus-bonus-app\\dataconnect": could not find dataconnect.yaml in `c:\Dev\focus-bonus-app\dataconnect`
 {"metadata":{"emulator":{"name":"dataconnect"},"message":"E0718 10:10:05.464623   17492 load.go:23] Could not load config from \"c:\\\\Dev\\\\focus-bonus-app\\\\dataconnect\": could not find dataconnect.yaml in `c:\\Dev\\focus-bonus-app\\dataconnect`\n"}}
[debug] [2025-07-18T13:10:15.465Z] E0718 10:10:15.464906   17492 load.go:23] Could not load config from "c:\\Dev\\focus-bonus-app\\dataconnect": could not find dataconnect.yaml in `c:\Dev\focus-bonus-app\dataconnect`
 {"metadata":{"emulator":{"name":"dataconnect"},"message":"E0718 10:10:15.464906   17492 load.go:23] Could not load config from \"c:\\\\Dev\\\\focus-bonus-app\\\\dataconnect\": could not find dataconnect.yaml in `c:\\Dev\\focus-bonus-app\\dataconnect`\n"}}
[debug] [2025-07-18T13:10:25.466Z] E0718 10:10:25.465510   17492 load.go:23] Could not load config from "c:\\Dev\\focus-bonus-app\\dataconnect": could not find dataconnect.yaml in `c:\Dev\focus-bonus-app\dataconnect`
E0718 10:10:25.465510   17492 watch.go:76] watchAllDir unable to walk dir `c:\Dev\focus-bonus-app\dataconnect`: on path "c:\\Dev\\focus-bonus-app\\dataconnect" (DirEntry: <nil>): CreateFile c:\Dev\focus-bonus-app\dataconnect: The system cannot find the file specified.
 {"metadata":{"emulator":{"name":"dataconnect"},"message":"E0718 10:10:25.465510   17492 load.go:23] Could not load config from \"c:\\\\Dev\\\\focus-bonus-app\\\\dataconnect\": could not find dataconnect.yaml in `c:\\Dev\\focus-bonus-app\\dataconnect`\nE0718 10:10:25.465510   17492 watch.go:76] watchAllDir unable to walk dir `c:\\Dev\\focus-bonus-app\\dataconnect`: on path \"c:\\\\Dev\\\\focus-bonus-app\\\\dataconnect\" (DirEntry: <nil>): CreateFile c:\\Dev\\focus-bonus-app\\dataconnect: The system cannot find the file specified.\n"}}
[debug] [2025-07-18T13:10:35.464Z] E0718 10:10:35.464717   17492 load.go:23] Could not load config from "c:\\Dev\\focus-bonus-app\\dataconnect": could not find dataconnect.yaml in `c:\Dev\focus-bonus-app\dataconnect`
 {"metadata":{"emulator":{"name":"dataconnect"},"message":"E0718 10:10:35.464717   17492 load.go:23] Could not load config from \"c:\\\\Dev\\\\focus-bonus-app\\\\dataconnect\": could not find dataconnect.yaml in `c:\\Dev\\focus-bonus-app\\dataconnect`\n"}}
[debug] [2025-07-18T13:10:45.464Z] E0718 10:10:45.464762   17492 load.go:23] Could not load config from "c:\\Dev\\focus-bonus-app\\dataconnect": could not find dataconnect.yaml in `c:\Dev\focus-bonus-app\dataconnect`
 {"metadata":{"emulator":{"name":"dataconnect"},"message":"E0718 10:10:45.464762   17492 load.go:23] Could not load config from \"c:\\\\Dev\\\\focus-bonus-app\\\\dataconnect\": could not find dataconnect.yaml in `c:\\Dev\\focus-bonus-app\\dataconnect`\n"}}
[debug] [2025-07-18T13:10:55.464Z] E0718 10:10:55.464447   17492 load.go:23] Could not load config from "c:\\Dev\\focus-bonus-app\\dataconnect": could not find dataconnect.yaml in `c:\Dev\focus-bonus-app\dataconnect`
 {"metadata":{"emulator":{"name":"dataconnect"},"message":"E0718 10:10:55.464447   17492 load.go:23] Could not load config from \"c:\\\\Dev\\\\focus-bonus-app\\\\dataconnect\": could not find dataconnect.yaml in `c:\\Dev\\focus-bonus-app\\dataconnect`\n"}}
[debug] [2025-07-18T13:11:05.465Z] E0718 10:11:05.464683   17492 load.go:23] Could not load config from "c:\\Dev\\focus-bonus-app\\dataconnect": could not find dataconnect.yaml in `c:\Dev\focus-bonus-app\dataconnect`
 {"metadata":{"emulator":{"name":"dataconnect"},"message":"E0718 10:11:05.464683   17492 load.go:23] Could not load config from \"c:\\\\Dev\\\\focus-bonus-app\\\\dataconnect\": could not find dataconnect.yaml in `c:\\Dev\\focus-bonus-app\\dataconnect`\n"}}
[debug] [2025-07-18T13:11:15.465Z] E0718 10:11:15.465117   17492 load.go:23] Could not load config from "c:\\Dev\\focus-bonus-app\\dataconnect": could not find dataconnect.yaml in `c:\Dev\focus-bonus-app\dataconnect`
 {"metadata":{"emulator":{"name":"dataconnect"},"message":"E0718 10:11:15.465117   17492 load.go:23] Could not load config from \"c:\\\\Dev\\\\focus-bonus-app\\\\dataconnect\": could not find dataconnect.yaml in `c:\\Dev\\focus-bonus-app\\dataconnect`\n"}}
[debug] [2025-07-18T13:11:25.464Z] E0718 10:11:25.464817   17492 load.go:23] Could not load config from "c:\\Dev\\focus-bonus-app\\dataconnect": could not find dataconnect.yaml in `c:\Dev\focus-bonus-app\dataconnect`
 {"metadata":{"emulator":{"name":"dataconnect"},"message":"E0718 10:11:25.464817   17492 load.go:23] Could not load config from \"c:\\\\Dev\\\\focus-bonus-app\\\\dataconnect\": could not find dataconnect.yaml in `c:\\Dev\\focus-bonus-app\\dataconnect`\n"}}
[debug] [2025-07-18T13:11:35.464Z] E0718 10:11:35.464377   17492 load.go:23] Could not load config from "c:\\Dev\\focus-bonus-app\\dataconnect": could not find dataconnect.yaml in `c:\Dev\focus-bonus-app\dataconnect`
 {"metadata":{"emulator":{"name":"dataconnect"},"message":"E0718 10:11:35.464377   17492 load.go:23] Could not load config from \"c:\\\\Dev\\\\focus-bonus-app\\\\dataconnect\": could not find dataconnect.yaml in `c:\\Dev\\focus-bonus-app\\dataconnect`\n"}}
[debug] [2025-07-18T13:11:45.464Z] E0718 10:11:45.464667   17492 load.go:23] Could not load config from "c:\\Dev\\focus-bonus-app\\dataconnect": could not find dataconnect.yaml in `c:\Dev\focus-bonus-app\dataconnect`
 {"metadata":{"emulator":{"name":"dataconnect"},"message":"E0718 10:11:45.464667   17492 load.go:23] Could not load config from \"c:\\\\Dev\\\\focus-bonus-app\\\\dataconnect\": could not find dataconnect.yaml in `c:\\Dev\\focus-bonus-app\\dataconnect`\n"}}
[debug] [2025-07-18T13:11:55.466Z] E0718 10:11:55.466219   17492 load.go:23] Could not load config from "c:\\Dev\\focus-bonus-app\\dataconnect": could not find dataconnect.yaml in `c:\Dev\focus-bonus-app\dataconnect`
 {"metadata":{"emulator":{"name":"dataconnect"},"message":"E0718 10:11:55.466219   17492 load.go:23] Could not load config from \"c:\\\\Dev\\\\focus-bonus-app\\\\dataconnect\": could not find dataconnect.yaml in `c:\\Dev\\focus-bonus-app\\dataconnect`\n"}}
[debug] [2025-07-18T13:12:05.465Z] E0718 10:12:05.465000   17492 load.go:23] Could not load config from "c:\\Dev\\focus-bonus-app\\dataconnect": could not find dataconnect.yaml in `c:\Dev\focus-bonus-app\dataconnect`
 {"metadata":{"emulator":{"name":"dataconnect"},"message":"E0718 10:12:05.465000   17492 load.go:23] Could not load config from \"c:\\\\Dev\\\\focus-bonus-app\\\\dataconnect\": could not find dataconnect.yaml in `c:\\Dev\\focus-bonus-app\\dataconnect`\n"}}
[debug] [2025-07-18T13:12:15.464Z] E0718 10:12:15.465127   17492 load.go:23] Could not load config from "c:\\Dev\\focus-bonus-app\\dataconnect": could not find dataconnect.yaml in `c:\Dev\focus-bonus-app\dataconnect`
 {"metadata":{"emulator":{"name":"dataconnect"},"message":"E0718 10:12:15.465127   17492 load.go:23] Could not load config from \"c:\\\\Dev\\\\focus-bonus-app\\\\dataconnect\": could not find dataconnect.yaml in `c:\\Dev\\focus-bonus-app\\dataconnect`\n"}}
[debug] [2025-07-18T13:12:25.465Z] E0718 10:12:25.465022   17492 load.go:23] Could not load config from "c:\\Dev\\focus-bonus-app\\dataconnect": could not find dataconnect.yaml in `c:\Dev\focus-bonus-app\dataconnect`
 {"metadata":{"emulator":{"name":"dataconnect"},"message":"E0718 10:12:25.465022   17492 load.go:23] Could not load config from \"c:\\\\Dev\\\\focus-bonus-app\\\\dataconnect\": could not find dataconnect.yaml in `c:\\Dev\\focus-bonus-app\\dataconnect`\n"}}
[debug] [2025-07-18T13:12:25.466Z] E0718 10:12:25.465022   17492 watch.go:76] watchAllDir unable to walk dir `c:\Dev\focus-bonus-app\dataconnect`: on path "c:\\Dev\\focus-bonus-app\\dataconnect" (DirEntry: <nil>): CreateFile c:\Dev\focus-bonus-app\dataconnect: The system cannot find the file specified.
 {"metadata":{"emulator":{"name":"dataconnect"},"message":"E0718 10:12:25.465022   17492 watch.go:76] watchAllDir unable to walk dir `c:\\Dev\\focus-bonus-app\\dataconnect`: on path \"c:\\\\Dev\\\\focus-bonus-app\\\\dataconnect\" (DirEntry: <nil>): CreateFile c:\\Dev\\focus-bonus-app\\dataconnect: The system cannot find the file specified.\n"}}
[debug] [2025-07-18T13:12:35.465Z] E0718 10:12:35.465134   17492 load.go:23] Could not load config from "c:\\Dev\\focus-bonus-app\\dataconnect": could not find dataconnect.yaml in `c:\Dev\focus-bonus-app\dataconnect`
 {"metadata":{"emulator":{"name":"dataconnect"},"message":"E0718 10:12:35.465134   17492 load.go:23] Could not load config from \"c:\\\\Dev\\\\focus-bonus-app\\\\dataconnect\": could not find dataconnect.yaml in `c:\\Dev\\focus-bonus-app\\dataconnect`\n"}}
[debug] [2025-07-18T13:12:45.465Z] E0718 10:12:45.464970   17492 load.go:23] Could not load config from "c:\\Dev\\focus-bonus-app\\dataconnect": could not find dataconnect.yaml in `c:\Dev\focus-bonus-app\dataconnect`
 {"metadata":{"emulator":{"name":"dataconnect"},"message":"E0718 10:12:45.464970   17492 load.go:23] Could not load config from \"c:\\\\Dev\\\\focus-bonus-app\\\\dataconnect\": could not find dataconnect.yaml in `c:\\Dev\\focus-bonus-app\\dataconnect`\n"}}
[debug] [2025-07-18T13:12:55.465Z] E0718 10:12:55.464435   17492 load.go:23] Could not load config from "c:\\Dev\\focus-bonus-app\\dataconnect": could not find dataconnect.yaml in `c:\Dev\focus-bonus-app\dataconnect`
 {"metadata":{"emulator":{"name":"dataconnect"},"message":"E0718 10:12:55.464435   17492 load.go:23] Could not load config from \"c:\\\\Dev\\\\focus-bonus-app\\\\dataconnect\": could not find dataconnect.yaml in `c:\\Dev\\focus-bonus-app\\dataconnect`\n"}}
[debug] [2025-07-18T13:13:05.466Z] E0718 10:13:05.466099   17492 load.go:23] Could not load config from "c:\\Dev\\focus-bonus-app\\dataconnect": could not find dataconnect.yaml in `c:\Dev\focus-bonus-app\dataconnect`
 {"metadata":{"emulator":{"name":"dataconnect"},"message":"E0718 10:13:05.466099   17492 load.go:23] Could not load config from \"c:\\\\Dev\\\\focus-bonus-app\\\\dataconnect\": could not find dataconnect.yaml in `c:\\Dev\\focus-bonus-app\\dataconnect`\n"}}
[debug] [2025-07-18T13:13:15.465Z] E0718 10:13:15.464574   17492 load.go:23] Could not load config from "c:\\Dev\\focus-bonus-app\\dataconnect": could not find dataconnect.yaml in `c:\Dev\focus-bonus-app\dataconnect`
 {"metadata":{"emulator":{"name":"dataconnect"},"message":"E0718 10:13:15.464574   17492 load.go:23] Could not load config from \"c:\\\\Dev\\\\focus-bonus-app\\\\dataconnect\": could not find dataconnect.yaml in `c:\\Dev\\focus-bonus-app\\dataconnect`\n"}}
[debug] [2025-07-18T13:13:25.466Z] E0718 10:13:25.465421   17492 load.go:23] Could not load config from "c:\\Dev\\focus-bonus-app\\dataconnect": could not find dataconnect.yaml in `c:\Dev\focus-bonus-app\dataconnect`
 {"metadata":{"emulator":{"name":"dataconnect"},"message":"E0718 10:13:25.465421   17492 load.go:23] Could not load config from \"c:\\\\Dev\\\\focus-bonus-app\\\\dataconnect\": could not find dataconnect.yaml in `c:\\Dev\\focus-bonus-app\\dataconnect`\n"}}
[debug] [2025-07-18T13:13:35.465Z] E0718 10:13:35.465168   17492 load.go:23] Could not load config from "c:\\Dev\\focus-bonus-app\\dataconnect": could not find dataconnect.yaml in `c:\Dev\focus-bonus-app\dataconnect`
 {"metadata":{"emulator":{"name":"dataconnect"},"message":"E0718 10:13:35.465168   17492 load.go:23] Could not load config from \"c:\\\\Dev\\\\focus-bonus-app\\\\dataconnect\": could not find dataconnect.yaml in `c:\\Dev\\focus-bonus-app\\dataconnect`\n"}}
[debug] [2025-07-18T13:13:45.465Z] E0718 10:13:45.464990   17492 load.go:23] Could not load config from "c:\\Dev\\focus-bonus-app\\dataconnect": could not find dataconnect.yaml in `c:\Dev\focus-bonus-app\dataconnect`
 {"metadata":{"emulator":{"name":"dataconnect"},"message":"E0718 10:13:45.464990   17492 load.go:23] Could not load config from \"c:\\\\Dev\\\\focus-bonus-app\\\\dataconnect\": could not find dataconnect.yaml in `c:\\Dev\\focus-bonus-app\\dataconnect`\n"}}
[debug] [2025-07-18T13:13:55.466Z] E0718 10:13:55.465423   17492 load.go:23] Could not load config from "c:\\Dev\\focus-bonus-app\\dataconnect": could not find dataconnect.yaml in `c:\Dev\focus-bonus-app\dataconnect`
 {"metadata":{"emulator":{"name":"dataconnect"},"message":"E0718 10:13:55.465423   17492 load.go:23] Could not load config from \"c:\\\\Dev\\\\focus-bonus-app\\\\dataconnect\": could not find dataconnect.yaml in `c:\\Dev\\focus-bonus-app\\dataconnect`\n"}}
[debug] [2025-07-18T13:14:05.465Z] E0718 10:14:05.465239   17492 load.go:23] Could not load config from "c:\\Dev\\focus-bonus-app\\dataconnect": could not find dataconnect.yaml in `c:\Dev\focus-bonus-app\dataconnect`
 {"metadata":{"emulator":{"name":"dataconnect"},"message":"E0718 10:14:05.465239   17492 load.go:23] Could not load config from \"c:\\\\Dev\\\\focus-bonus-app\\\\dataconnect\": could not find dataconnect.yaml in `c:\\Dev\\focus-bonus-app\\dataconnect`\n"}}
[debug] [2025-07-18T13:14:15.465Z] E0718 10:14:15.464843   17492 load.go:23] Could not load config from "c:\\Dev\\focus-bonus-app\\dataconnect": could not find dataconnect.yaml in `c:\Dev\focus-bonus-app\dataconnect`
 {"metadata":{"emulator":{"name":"dataconnect"},"message":"E0718 10:14:15.464843   17492 load.go:23] Could not load config from \"c:\\\\Dev\\\\focus-bonus-app\\\\dataconnect\": could not find dataconnect.yaml in `c:\\Dev\\focus-bonus-app\\dataconnect`\n"}}
[debug] [2025-07-18T13:14:25.466Z] E0718 10:14:25.465882   17492 load.go:23] Could not load config from "c:\\Dev\\focus-bonus-app\\dataconnect": could not find dataconnect.yaml in `c:\Dev\focus-bonus-app\dataconnect`
 {"metadata":{"emulator":{"name":"dataconnect"},"message":"E0718 10:14:25.465882   17492 load.go:23] Could not load config from \"c:\\\\Dev\\\\focus-bonus-app\\\\dataconnect\": could not find dataconnect.yaml in `c:\\Dev\\focus-bonus-app\\dataconnect`\n"}}
[debug] [2025-07-18T13:14:25.467Z] E0718 10:14:25.465882   17492 watch.go:76] watchAllDir unable to walk dir `c:\Dev\focus-bonus-app\dataconnect`: on path "c:\\Dev\\focus-bonus-app\\dataconnect" (DirEntry: <nil>): CreateFile c:\Dev\focus-bonus-app\dataconnect: The system cannot find the file specified.
 {"metadata":{"emulator":{"name":"dataconnect"},"message":"E0718 10:14:25.465882   17492 watch.go:76] watchAllDir unable to walk dir `c:\\Dev\\focus-bonus-app\\dataconnect`: on path \"c:\\\\Dev\\\\focus-bonus-app\\\\dataconnect\" (DirEntry: <nil>): CreateFile c:\\Dev\\focus-bonus-app\\dataconnect: The system cannot find the file specified.\n"}}
[debug] [2025-07-18T13:14:35.465Z] E0718 10:14:35.464591   17492 load.go:23] Could not load config from "c:\\Dev\\focus-bonus-app\\dataconnect": could not find dataconnect.yaml in `c:\Dev\focus-bonus-app\dataconnect`
 {"metadata":{"emulator":{"name":"dataconnect"},"message":"E0718 10:14:35.464591   17492 load.go:23] Could not load config from \"c:\\\\Dev\\\\focus-bonus-app\\\\dataconnect\": could not find dataconnect.yaml in `c:\\Dev\\focus-bonus-app\\dataconnect`\n"}}
[debug] [2025-07-18T13:14:45.464Z] E0718 10:14:45.464352   17492 load.go:23] Could not load config from "c:\\Dev\\focus-bonus-app\\dataconnect": could not find dataconnect.yaml in `c:\Dev\focus-bonus-app\dataconnect`
 {"metadata":{"emulator":{"name":"dataconnect"},"message":"E0718 10:14:45.464352   17492 load.go:23] Could not load config from \"c:\\\\Dev\\\\focus-bonus-app\\\\dataconnect\": could not find dataconnect.yaml in `c:\\Dev\\focus-bonus-app\\dataconnect`\n"}}
[debug] [2025-07-18T13:14:55.465Z] E0718 10:14:55.464787   17492 load.go:23] Could not load config from "c:\\Dev\\focus-bonus-app\\dataconnect": could not find dataconnect.yaml in `c:\Dev\focus-bonus-app\dataconnect`
 {"metadata":{"emulator":{"name":"dataconnect"},"message":"E0718 10:14:55.464787   17492 load.go:23] Could not load config from \"c:\\\\Dev\\\\focus-bonus-app\\\\dataconnect\": could not find dataconnect.yaml in `c:\\Dev\\focus-bonus-app\\dataconnect`\n"}}
[debug] [2025-07-18T13:15:05.465Z] E0718 10:15:05.464576   17492 load.go:23] Could not load config from "c:\\Dev\\focus-bonus-app\\dataconnect": could not find dataconnect.yaml in `c:\Dev\focus-bonus-app\dataconnect`
 {"metadata":{"emulator":{"name":"dataconnect"},"message":"E0718 10:15:05.464576   17492 load.go:23] Could not load config from \"c:\\\\Dev\\\\focus-bonus-app\\\\dataconnect\": could not find dataconnect.yaml in `c:\\Dev\\focus-bonus-app\\dataconnect`\n"}}
[debug] [2025-07-18T13:15:15.465Z] E0718 10:15:15.464815   17492 load.go:23] Could not load config from "c:\\Dev\\focus-bonus-app\\dataconnect": could not find dataconnect.yaml in `c:\Dev\focus-bonus-app\dataconnect`
 {"metadata":{"emulator":{"name":"dataconnect"},"message":"E0718 10:15:15.464815   17492 load.go:23] Could not load config from \"c:\\\\Dev\\\\focus-bonus-app\\\\dataconnect\": could not find dataconnect.yaml in `c:\\Dev\\focus-bonus-app\\dataconnect`\n"}}
[debug] [2025-07-18T13:15:25.465Z] E0718 10:15:25.464706   17492 load.go:23] Could not load config from "c:\\Dev\\focus-bonus-app\\dataconnect": could not find dataconnect.yaml in `c:\Dev\focus-bonus-app\dataconnect`
 {"metadata":{"emulator":{"name":"dataconnect"},"message":"E0718 10:15:25.464706   17492 load.go:23] Could not load config from \"c:\\\\Dev\\\\focus-bonus-app\\\\dataconnect\": could not find dataconnect.yaml in `c:\\Dev\\focus-bonus-app\\dataconnect`\n"}}
[debug] [2025-07-18T13:15:35.466Z] E0718 10:15:35.465898   17492 load.go:23] Could not load config from "c:\\Dev\\focus-bonus-app\\dataconnect": could not find dataconnect.yaml in `c:\Dev\focus-bonus-app\dataconnect`
 {"metadata":{"emulator":{"name":"dataconnect"},"message":"E0718 10:15:35.465898   17492 load.go:23] Could not load config from \"c:\\\\Dev\\\\focus-bonus-app\\\\dataconnect\": could not find dataconnect.yaml in `c:\\Dev\\focus-bonus-app\\dataconnect`\n"}}
[debug] [2025-07-18T13:15:45.464Z] E0718 10:15:45.464276   17492 load.go:23] Could not load config from "c:\\Dev\\focus-bonus-app\\dataconnect": could not find dataconnect.yaml in `c:\Dev\focus-bonus-app\dataconnect`
 {"metadata":{"emulator":{"name":"dataconnect"},"message":"E0718 10:15:45.464276   17492 load.go:23] Could not load config from \"c:\\\\Dev\\\\focus-bonus-app\\\\dataconnect\": could not find dataconnect.yaml in `c:\\Dev\\focus-bonus-app\\dataconnect`\n"}}
[debug] [2025-07-18T13:15:55.466Z] E0718 10:15:55.466145   17492 load.go:23] Could not load config from "c:\\Dev\\focus-bonus-app\\dataconnect": could not find dataconnect.yaml in `c:\Dev\focus-bonus-app\dataconnect`
 {"metadata":{"emulator":{"name":"dataconnect"},"message":"E0718 10:15:55.466145   17492 load.go:23] Could not load config from \"c:\\\\Dev\\\\focus-bonus-app\\\\dataconnect\": could not find dataconnect.yaml in `c:\\Dev\\focus-bonus-app\\dataconnect`\n"}}
[debug] [2025-07-18T13:16:05.465Z] E0718 10:16:05.464841   17492 load.go:23] Could not load config from "c:\\Dev\\focus-bonus-app\\dataconnect": could not find dataconnect.yaml in `c:\Dev\focus-bonus-app\dataconnect`
 {"metadata":{"emulator":{"name":"dataconnect"},"message":"E0718 10:16:05.464841   17492 load.go:23] Could not load config from \"c:\\\\Dev\\\\focus-bonus-app\\\\dataconnect\": could not find dataconnect.yaml in `c:\\Dev\\focus-bonus-app\\dataconnect`\n"}}
[debug] [2025-07-18T13:16:15.465Z] E0718 10:16:15.464840   17492 load.go:23] Could not load config from "c:\\Dev\\focus-bonus-app\\dataconnect": could not find dataconnect.yaml in `c:\Dev\focus-bonus-app\dataconnect`
 {"metadata":{"emulator":{"name":"dataconnect"},"message":"E0718 10:16:15.464840   17492 load.go:23] Could not load config from \"c:\\\\Dev\\\\focus-bonus-app\\\\dataconnect\": could not find dataconnect.yaml in `c:\\Dev\\focus-bonus-app\\dataconnect`\n"}}
[debug] [2025-07-18T13:16:25.465Z] E0718 10:16:25.464947   17492 load.go:23] Could not load config from "c:\\Dev\\focus-bonus-app\\dataconnect": could not find dataconnect.yaml in `c:\Dev\focus-bonus-app\dataconnect`
 {"metadata":{"emulator":{"name":"dataconnect"},"message":"E0718 10:16:25.464947   17492 load.go:23] Could not load config from \"c:\\\\Dev\\\\focus-bonus-app\\\\dataconnect\": could not find dataconnect.yaml in `c:\\Dev\\focus-bonus-app\\dataconnect`\n"}}
[debug] [2025-07-18T13:16:25.466Z] E0718 10:16:25.465459   17492 watch.go:76] watchAllDir unable to walk dir `c:\Dev\focus-bonus-app\dataconnect`: on path "c:\\Dev\\focus-bonus-app\\dataconnect" (DirEntry: <nil>): CreateFile c:\Dev\focus-bonus-app\dataconnect: The system cannot find the file specified.
 {"metadata":{"emulator":{"name":"dataconnect"},"message":"E0718 10:16:25.465459   17492 watch.go:76] watchAllDir unable to walk dir `c:\\Dev\\focus-bonus-app\\dataconnect`: on path \"c:\\\\Dev\\\\focus-bonus-app\\\\dataconnect\" (DirEntry: <nil>): CreateFile c:\\Dev\\focus-bonus-app\\dataconnect: The system cannot find the file specified.\n"}}
[debug] [2025-07-18T13:16:35.465Z] E0718 10:16:35.465780   17492 load.go:23] Could not load config from "c:\\Dev\\focus-bonus-app\\dataconnect": could not find dataconnect.yaml in `c:\Dev\focus-bonus-app\dataconnect`
 {"metadata":{"emulator":{"name":"dataconnect"},"message":"E0718 10:16:35.465780   17492 load.go:23] Could not load config from \"c:\\\\Dev\\\\focus-bonus-app\\\\dataconnect\": could not find dataconnect.yaml in `c:\\Dev\\focus-bonus-app\\dataconnect`\n"}}
[debug] [2025-07-18T13:16:45.464Z] E0718 10:16:45.464559   17492 load.go:23] Could not load config from "c:\\Dev\\focus-bonus-app\\dataconnect": could not find dataconnect.yaml in `c:\Dev\focus-bonus-app\dataconnect`
 {"metadata":{"emulator":{"name":"dataconnect"},"message":"E0718 10:16:45.464559   17492 load.go:23] Could not load config from \"c:\\\\Dev\\\\focus-bonus-app\\\\dataconnect\": could not find dataconnect.yaml in `c:\\Dev\\focus-bonus-app\\dataconnect`\n"}}
[debug] [2025-07-18T13:16:55.464Z] E0718 10:16:55.464973   17492 load.go:23] Could not load config from "c:\\Dev\\focus-bonus-app\\dataconnect": could not find dataconnect.yaml in `c:\Dev\focus-bonus-app\dataconnect`
 {"metadata":{"emulator":{"name":"dataconnect"},"message":"E0718 10:16:55.464973   17492 load.go:23] Could not load config from \"c:\\\\Dev\\\\focus-bonus-app\\\\dataconnect\": could not find dataconnect.yaml in `c:\\Dev\\focus-bonus-app\\dataconnect`\n"}}
[debug] [2025-07-18T13:17:05.464Z] E0718 10:17:05.464707   17492 load.go:23] Could not load config from "c:\\Dev\\focus-bonus-app\\dataconnect": could not find dataconnect.yaml in `c:\Dev\focus-bonus-app\dataconnect`
 {"metadata":{"emulator":{"name":"dataconnect"},"message":"E0718 10:17:05.464707   17492 load.go:23] Could not load config from \"c:\\\\Dev\\\\focus-bonus-app\\\\dataconnect\": could not find dataconnect.yaml in `c:\\Dev\\focus-bonus-app\\dataconnect`\n"}}
[debug] [2025-07-18T13:17:15.463Z] E0718 10:17:15.464642   17492 load.go:23] Could not load config from "c:\\Dev\\focus-bonus-app\\dataconnect": could not find dataconnect.yaml in `c:\Dev\focus-bonus-app\dataconnect`
 {"metadata":{"emulator":{"name":"dataconnect"},"message":"E0718 10:17:15.464642   17492 load.go:23] Could not load config from \"c:\\\\Dev\\\\focus-bonus-app\\\\dataconnect\": could not find dataconnect.yaml in `c:\\Dev\\focus-bonus-app\\dataconnect`\n"}}
[debug] [2025-07-18T13:17:25.463Z] E0718 10:17:25.464370   17492 load.go:23] Could not load config from "c:\\Dev\\focus-bonus-app\\dataconnect": could not find dataconnect.yaml in `c:\Dev\focus-bonus-app\dataconnect`
 {"metadata":{"emulator":{"name":"dataconnect"},"message":"E0718 10:17:25.464370   17492 load.go:23] Could not load config from \"c:\\\\Dev\\\\focus-bonus-app\\\\dataconnect\": could not find dataconnect.yaml in `c:\\Dev\\focus-bonus-app\\dataconnect`\n"}}
[debug] [2025-07-18T13:17:35.464Z] E0718 10:17:35.464672   17492 load.go:23] Could not load config from "c:\\Dev\\focus-bonus-app\\dataconnect": could not find dataconnect.yaml in `c:\Dev\focus-bonus-app\dataconnect`
 {"metadata":{"emulator":{"name":"dataconnect"},"message":"E0718 10:17:35.464672   17492 load.go:23] Could not load config from \"c:\\\\Dev\\\\focus-bonus-app\\\\dataconnect\": could not find dataconnect.yaml in `c:\\Dev\\focus-bonus-app\\dataconnect`\n"}}
[debug] [2025-07-18T13:17:45.465Z] E0718 10:17:45.466197   17492 load.go:23] Could not load config from "c:\\Dev\\focus-bonus-app\\dataconnect": could not find dataconnect.yaml in `c:\Dev\focus-bonus-app\dataconnect`
 {"metadata":{"emulator":{"name":"dataconnect"},"message":"E0718 10:17:45.466197   17492 load.go:23] Could not load config from \"c:\\\\Dev\\\\focus-bonus-app\\\\dataconnect\": could not find dataconnect.yaml in `c:\\Dev\\focus-bonus-app\\dataconnect`\n"}}
[debug] [2025-07-18T13:17:55.464Z] E0718 10:17:55.464415   17492 load.go:23] Could not load config from "c:\\Dev\\focus-bonus-app\\dataconnect": could not find dataconnect.yaml in `c:\Dev\focus-bonus-app\dataconnect`
 {"metadata":{"emulator":{"name":"dataconnect"},"message":"E0718 10:17:55.464415   17492 load.go:23] Could not load config from \"c:\\\\Dev\\\\focus-bonus-app\\\\dataconnect\": could not find dataconnect.yaml in `c:\\Dev\\focus-bonus-app\\dataconnect`\n"}}
[debug] [2025-07-18T13:18:05.465Z] E0718 10:18:05.464898   17492 load.go:23] Could not load config from "c:\\Dev\\focus-bonus-app\\dataconnect": could not find dataconnect.yaml in `c:\Dev\focus-bonus-app\dataconnect`
 {"metadata":{"emulator":{"name":"dataconnect"},"message":"E0718 10:18:05.464898   17492 load.go:23] Could not load config from \"c:\\\\Dev\\\\focus-bonus-app\\\\dataconnect\": could not find dataconnect.yaml in `c:\\Dev\\focus-bonus-app\\dataconnect`\n"}}
[debug] [2025-07-18T13:18:15.464Z] E0718 10:18:15.464514   17492 load.go:23] Could not load config from "c:\\Dev\\focus-bonus-app\\dataconnect": could not find dataconnect.yaml in `c:\Dev\focus-bonus-app\dataconnect`
 {"metadata":{"emulator":{"name":"dataconnect"},"message":"E0718 10:18:15.464514   17492 load.go:23] Could not load config from \"c:\\\\Dev\\\\focus-bonus-app\\\\dataconnect\": could not find dataconnect.yaml in `c:\\Dev\\focus-bonus-app\\dataconnect`\n"}}
[debug] [2025-07-18T13:18:25.464Z] E0718 10:18:25.464800   17492 load.go:23] Could not load config from "c:\\Dev\\focus-bonus-app\\dataconnect": could not find dataconnect.yaml in `c:\Dev\focus-bonus-app\dataconnect`
E0718 10:18:25.464800   17492 watch.go:76] watchAllDir unable to walk dir `c:\Dev\focus-bonus-app\dataconnect`: on path "c:\\Dev\\focus-bonus-app\\dataconnect" (DirEntry: <nil>): CreateFile c:\Dev\focus-bonus-app\dataconnect: The system cannot find the file specified.
 {"metadata":{"emulator":{"name":"dataconnect"},"message":"E0718 10:18:25.464800   17492 load.go:23] Could not load config from \"c:\\\\Dev\\\\focus-bonus-app\\\\dataconnect\": could not find dataconnect.yaml in `c:\\Dev\\focus-bonus-app\\dataconnect`\nE0718 10:18:25.464800   17492 watch.go:76] watchAllDir unable to walk dir `c:\\Dev\\focus-bonus-app\\dataconnect`: on path \"c:\\\\Dev\\\\focus-bonus-app\\\\dataconnect\" (DirEntry: <nil>): CreateFile c:\\Dev\\focus-bonus-app\\dataconnect: The system cannot find the file specified.\n"}}
[debug] [2025-07-18T13:18:35.466Z] E0718 10:18:35.466217   17492 load.go:23] Could not load config from "c:\\Dev\\focus-bonus-app\\dataconnect": could not find dataconnect.yaml in `c:\Dev\focus-bonus-app\dataconnect`
 {"metadata":{"emulator":{"name":"dataconnect"},"message":"E0718 10:18:35.466217   17492 load.go:23] Could not load config from \"c:\\\\Dev\\\\focus-bonus-app\\\\dataconnect\": could not find dataconnect.yaml in `c:\\Dev\\focus-bonus-app\\dataconnect`\n"}}
[debug] [2025-07-18T13:18:45.465Z] E0718 10:18:45.464619   17492 load.go:23] Could not load config from "c:\\Dev\\focus-bonus-app\\dataconnect": could not find dataconnect.yaml in `c:\Dev\focus-bonus-app\dataconnect`
 {"metadata":{"emulator":{"name":"dataconnect"},"message":"E0718 10:18:45.464619   17492 load.go:23] Could not load config from \"c:\\\\Dev\\\\focus-bonus-app\\\\dataconnect\": could not find dataconnect.yaml in `c:\\Dev\\focus-bonus-app\\dataconnect`\n"}}
[debug] [2025-07-18T13:18:55.464Z] E0718 10:18:55.464420   17492 load.go:23] Could not load config from "c:\\Dev\\focus-bonus-app\\dataconnect": could not find dataconnect.yaml in `c:\Dev\focus-bonus-app\dataconnect`
 {"metadata":{"emulator":{"name":"dataconnect"},"message":"E0718 10:18:55.464420   17492 load.go:23] Could not load config from \"c:\\\\Dev\\\\focus-bonus-app\\\\dataconnect\": could not find dataconnect.yaml in `c:\\Dev\\focus-bonus-app\\dataconnect`\n"}}
[debug] [2025-07-18T13:19:05.465Z] E0718 10:19:05.464781   17492 load.go:23] Could not load config from "c:\\Dev\\focus-bonus-app\\dataconnect": could not find dataconnect.yaml in `c:\Dev\focus-bonus-app\dataconnect`
 {"metadata":{"emulator":{"name":"dataconnect"},"message":"E0718 10:19:05.464781   17492 load.go:23] Could not load config from \"c:\\\\Dev\\\\focus-bonus-app\\\\dataconnect\": could not find dataconnect.yaml in `c:\\Dev\\focus-bonus-app\\dataconnect`\n"}}
[debug] [2025-07-18T13:19:15.464Z] E0718 10:19:15.464635   17492 load.go:23] Could not load config from "c:\\Dev\\focus-bonus-app\\dataconnect": could not find dataconnect.yaml in `c:\Dev\focus-bonus-app\dataconnect`
 {"metadata":{"emulator":{"name":"dataconnect"},"message":"E0718 10:19:15.464635   17492 load.go:23] Could not load config from \"c:\\\\Dev\\\\focus-bonus-app\\\\dataconnect\": could not find dataconnect.yaml in `c:\\Dev\\focus-bonus-app\\dataconnect`\n"}}
[debug] [2025-07-18T13:19:25.465Z] E0718 10:19:25.464539   17492 load.go:23] Could not load config from "c:\\Dev\\focus-bonus-app\\dataconnect": could not find dataconnect.yaml in `c:\Dev\focus-bonus-app\dataconnect`
 {"metadata":{"emulator":{"name":"dataconnect"},"message":"E0718 10:19:25.464539   17492 load.go:23] Could not load config from \"c:\\\\Dev\\\\focus-bonus-app\\\\dataconnect\": could not find dataconnect.yaml in `c:\\Dev\\focus-bonus-app\\dataconnect`\n"}}
[debug] [2025-07-18T13:19:35.465Z] E0718 10:19:35.464493   17492 load.go:23] Could not load config from "c:\\Dev\\focus-bonus-app\\dataconnect": could not find dataconnect.yaml in `c:\Dev\focus-bonus-app\dataconnect`
 {"metadata":{"emulator":{"name":"dataconnect"},"message":"E0718 10:19:35.464493   17492 load.go:23] Could not load config from \"c:\\\\Dev\\\\focus-bonus-app\\\\dataconnect\": could not find dataconnect.yaml in `c:\\Dev\\focus-bonus-app\\dataconnect`\n"}}
[debug] [2025-07-18T13:19:45.465Z] E0718 10:19:45.464744   17492 load.go:23] Could not load config from "c:\\Dev\\focus-bonus-app\\dataconnect": could not find dataconnect.yaml in `c:\Dev\focus-bonus-app\dataconnect`
 {"metadata":{"emulator":{"name":"dataconnect"},"message":"E0718 10:19:45.464744   17492 load.go:23] Could not load config from \"c:\\\\Dev\\\\focus-bonus-app\\\\dataconnect\": could not find dataconnect.yaml in `c:\\Dev\\focus-bonus-app\\dataconnect`\n"}}
[debug] [2025-07-18T13:19:55.465Z] E0718 10:19:55.464609   17492 load.go:23] Could not load config from "c:\\Dev\\focus-bonus-app\\dataconnect": could not find dataconnect.yaml in `c:\Dev\focus-bonus-app\dataconnect`
 {"metadata":{"emulator":{"name":"dataconnect"},"message":"E0718 10:19:55.464609   17492 load.go:23] Could not load config from \"c:\\\\Dev\\\\focus-bonus-app\\\\dataconnect\": could not find dataconnect.yaml in `c:\\Dev\\focus-bonus-app\\dataconnect`\n"}}
[debug] [2025-07-18T13:20:05.466Z] E0718 10:20:05.465414   17492 load.go:23] Could not load config from "c:\\Dev\\focus-bonus-app\\dataconnect": could not find dataconnect.yaml in `c:\Dev\focus-bonus-app\dataconnect`
 {"metadata":{"emulator":{"name":"dataconnect"},"message":"E0718 10:20:05.465414   17492 load.go:23] Could not load config from \"c:\\\\Dev\\\\focus-bonus-app\\\\dataconnect\": could not find dataconnect.yaml in `c:\\Dev\\focus-bonus-app\\dataconnect`\n"}}
[debug] [2025-07-18T13:20:15.465Z] E0718 10:20:15.464744   17492 load.go:23] Could not load config from "c:\\Dev\\focus-bonus-app\\dataconnect": could not find dataconnect.yaml in `c:\Dev\focus-bonus-app\dataconnect`
 {"metadata":{"emulator":{"name":"dataconnect"},"message":"E0718 10:20:15.464744   17492 load.go:23] Could not load config from \"c:\\\\Dev\\\\focus-bonus-app\\\\dataconnect\": could not find dataconnect.yaml in `c:\\Dev\\focus-bonus-app\\dataconnect`\n"}}
[debug] [2025-07-18T13:20:25.465Z] E0718 10:20:25.465199   17492 load.go:23] Could not load config from "c:\\Dev\\focus-bonus-app\\dataconnect": could not find dataconnect.yaml in `c:\Dev\focus-bonus-app\dataconnect`
E0718 10:20:25.465199   17492 watch.go:76] watchAllDir unable to walk dir `c:\Dev\focus-bonus-app\dataconnect`: on path "c:\\Dev\\focus-bonus-app\\dataconnect" (DirEntry: <nil>): CreateFile c:\Dev\focus-bonus-app\dataconnect: The system cannot find the file specified.
 {"metadata":{"emulator":{"name":"dataconnect"},"message":"E0718 10:20:25.465199   17492 load.go:23] Could not load config from \"c:\\\\Dev\\\\focus-bonus-app\\\\dataconnect\": could not find dataconnect.yaml in `c:\\Dev\\focus-bonus-app\\dataconnect`\nE0718 10:20:25.465199   17492 watch.go:76] watchAllDir unable to walk dir `c:\\Dev\\focus-bonus-app\\dataconnect`: on path \"c:\\\\Dev\\\\focus-bonus-app\\\\dataconnect\" (DirEntry: <nil>): CreateFile c:\\Dev\\focus-bonus-app\\dataconnect: The system cannot find the file specified.\n"}}
[debug] [2025-07-18T13:20:35.465Z] E0718 10:20:35.465272   17492 load.go:23] Could not load config from "c:\\Dev\\focus-bonus-app\\dataconnect": could not find dataconnect.yaml in `c:\Dev\focus-bonus-app\dataconnect`
 {"metadata":{"emulator":{"name":"dataconnect"},"message":"E0718 10:20:35.465272   17492 load.go:23] Could not load config from \"c:\\\\Dev\\\\focus-bonus-app\\\\dataconnect\": could not find dataconnect.yaml in `c:\\Dev\\focus-bonus-app\\dataconnect`\n"}}
[debug] [2025-07-18T13:20:45.465Z] E0718 10:20:45.465259   17492 load.go:23] Could not load config from "c:\\Dev\\focus-bonus-app\\dataconnect": could not find dataconnect.yaml in `c:\Dev\focus-bonus-app\dataconnect`
 {"metadata":{"emulator":{"name":"dataconnect"},"message":"E0718 10:20:45.465259   17492 load.go:23] Could not load config from \"c:\\\\Dev\\\\focus-bonus-app\\\\dataconnect\": could not find dataconnect.yaml in `c:\\Dev\\focus-bonus-app\\dataconnect`\n"}}
[debug] [2025-07-18T13:20:55.465Z] E0718 10:20:55.464590   17492 load.go:23] Could not load config from "c:\\Dev\\focus-bonus-app\\dataconnect": could not find dataconnect.yaml in `c:\Dev\focus-bonus-app\dataconnect`
 {"metadata":{"emulator":{"name":"dataconnect"},"message":"E0718 10:20:55.464590   17492 load.go:23] Could not load config from \"c:\\\\Dev\\\\focus-bonus-app\\\\dataconnect\": could not find dataconnect.yaml in `c:\\Dev\\focus-bonus-app\\dataconnect`\n"}}
[debug] [2025-07-18T13:21:05.470Z] E0718 10:21:05.470104   17492 load.go:23] Could not load config from "c:\\Dev\\focus-bonus-app\\dataconnect": could not find dataconnect.yaml in `c:\Dev\focus-bonus-app\dataconnect`
 {"metadata":{"emulator":{"name":"dataconnect"},"message":"E0718 10:21:05.470104   17492 load.go:23] Could not load config from \"c:\\\\Dev\\\\focus-bonus-app\\\\dataconnect\": could not find dataconnect.yaml in `c:\\Dev\\focus-bonus-app\\dataconnect`\n"}}
[debug] [2025-07-18T13:21:15.465Z] E0718 10:21:15.464913   17492 load.go:23] Could not load config from "c:\\Dev\\focus-bonus-app\\dataconnect": could not find dataconnect.yaml in `c:\Dev\focus-bonus-app\dataconnect`
 {"metadata":{"emulator":{"name":"dataconnect"},"message":"E0718 10:21:15.464913   17492 load.go:23] Could not load config from \"c:\\\\Dev\\\\focus-bonus-app\\\\dataconnect\": could not find dataconnect.yaml in `c:\\Dev\\focus-bonus-app\\dataconnect`\n"}}
[debug] [2025-07-18T13:21:25.465Z] E0718 10:21:25.464835   17492 load.go:23] Could not load config from "c:\\Dev\\focus-bonus-app\\dataconnect": could not find dataconnect.yaml in `c:\Dev\focus-bonus-app\dataconnect`
 {"metadata":{"emulator":{"name":"dataconnect"},"message":"E0718 10:21:25.464835   17492 load.go:23] Could not load config from \"c:\\\\Dev\\\\focus-bonus-app\\\\dataconnect\": could not find dataconnect.yaml in `c:\\Dev\\focus-bonus-app\\dataconnect`\n"}}
[debug] [2025-07-18T13:21:35.464Z] E0718 10:21:35.464822   17492 load.go:23] Could not load config from "c:\\Dev\\focus-bonus-app\\dataconnect": could not find dataconnect.yaml in `c:\Dev\focus-bonus-app\dataconnect`
 {"metadata":{"emulator":{"name":"dataconnect"},"message":"E0718 10:21:35.464822   17492 load.go:23] Could not load config from \"c:\\\\Dev\\\\focus-bonus-app\\\\dataconnect\": could not find dataconnect.yaml in `c:\\Dev\\focus-bonus-app\\dataconnect`\n"}}
[debug] [2025-07-18T13:21:45.466Z] E0718 10:21:45.465591   17492 load.go:23] Could not load config from "c:\\Dev\\focus-bonus-app\\dataconnect": could not find dataconnect.yaml in `c:\Dev\focus-bonus-app\dataconnect`
 {"metadata":{"emulator":{"name":"dataconnect"},"message":"E0718 10:21:45.465591   17492 load.go:23] Could not load config from \"c:\\\\Dev\\\\focus-bonus-app\\\\dataconnect\": could not find dataconnect.yaml in `c:\\Dev\\focus-bonus-app\\dataconnect`\n"}}
[debug] [2025-07-18T13:21:55.464Z] E0718 10:21:55.464376   17492 load.go:23] Could not load config from "c:\\Dev\\focus-bonus-app\\dataconnect": could not find dataconnect.yaml in `c:\Dev\focus-bonus-app\dataconnect`
 {"metadata":{"emulator":{"name":"dataconnect"},"message":"E0718 10:21:55.464376   17492 load.go:23] Could not load config from \"c:\\\\Dev\\\\focus-bonus-app\\\\dataconnect\": could not find dataconnect.yaml in `c:\\Dev\\focus-bonus-app\\dataconnect`\n"}}
[debug] [2025-07-18T13:22:05.465Z] E0718 10:22:05.464642   17492 load.go:23] Could not load config from "c:\\Dev\\focus-bonus-app\\dataconnect": could not find dataconnect.yaml in `c:\Dev\focus-bonus-app\dataconnect`
 {"metadata":{"emulator":{"name":"dataconnect"},"message":"E0718 10:22:05.464642   17492 load.go:23] Could not load config from \"c:\\\\Dev\\\\focus-bonus-app\\\\dataconnect\": could not find dataconnect.yaml in `c:\\Dev\\focus-bonus-app\\dataconnect`\n"}}
[debug] [2025-07-18T13:22:15.465Z] E0718 10:22:15.464753   17492 load.go:23] Could not load config from "c:\\Dev\\focus-bonus-app\\dataconnect": could not find dataconnect.yaml in `c:\Dev\focus-bonus-app\dataconnect`
 {"metadata":{"emulator":{"name":"dataconnect"},"message":"E0718 10:22:15.464753   17492 load.go:23] Could not load config from \"c:\\\\Dev\\\\focus-bonus-app\\\\dataconnect\": could not find dataconnect.yaml in `c:\\Dev\\focus-bonus-app\\dataconnect`\n"}}
[debug] [2025-07-18T13:22:25.464Z] E0718 10:22:25.464417   17492 load.go:23] Could not load config from "c:\\Dev\\focus-bonus-app\\dataconnect": could not find dataconnect.yaml in `c:\Dev\focus-bonus-app\dataconnect`
E0718 10:22:25.464417   17492 watch.go:76] watchAllDir unable to walk dir `c:\Dev\focus-bonus-app\dataconnect`: on path "c:\\Dev\\focus-bonus-app\\dataconnect" (DirEntry: <nil>): CreateFile c:\Dev\focus-bonus-app\dataconnect: The system cannot find the file specified.
 {"metadata":{"emulator":{"name":"dataconnect"},"message":"E0718 10:22:25.464417   17492 load.go:23] Could not load config from \"c:\\\\Dev\\\\focus-bonus-app\\\\dataconnect\": could not find dataconnect.yaml in `c:\\Dev\\focus-bonus-app\\dataconnect`\nE0718 10:22:25.464417   17492 watch.go:76] watchAllDir unable to walk dir `c:\\Dev\\focus-bonus-app\\dataconnect`: on path \"c:\\\\Dev\\\\focus-bonus-app\\\\dataconnect\" (DirEntry: <nil>): CreateFile c:\\Dev\\focus-bonus-app\\dataconnect: The system cannot find the file specified.\n"}}
[debug] [2025-07-18T13:22:35.465Z] E0718 10:22:35.464519   17492 load.go:23] Could not load config from "c:\\Dev\\focus-bonus-app\\dataconnect": could not find dataconnect.yaml in `c:\Dev\focus-bonus-app\dataconnect`
 {"metadata":{"emulator":{"name":"dataconnect"},"message":"E0718 10:22:35.464519   17492 load.go:23] Could not load config from \"c:\\\\Dev\\\\focus-bonus-app\\\\dataconnect\": could not find dataconnect.yaml in `c:\\Dev\\focus-bonus-app\\dataconnect`\n"}}
[debug] [2025-07-18T13:22:45.464Z] E0718 10:22:45.464529   17492 load.go:23] Could not load config from "c:\\Dev\\focus-bonus-app\\dataconnect": could not find dataconnect.yaml in `c:\Dev\focus-bonus-app\dataconnect`
 {"metadata":{"emulator":{"name":"dataconnect"},"message":"E0718 10:22:45.464529   17492 load.go:23] Could not load config from \"c:\\\\Dev\\\\focus-bonus-app\\\\dataconnect\": could not find dataconnect.yaml in `c:\\Dev\\focus-bonus-app\\dataconnect`\n"}}
[debug] [2025-07-18T13:22:55.464Z] E0718 10:22:55.464505   17492 load.go:23] Could not load config from "c:\\Dev\\focus-bonus-app\\dataconnect": could not find dataconnect.yaml in `c:\Dev\focus-bonus-app\dataconnect`
 {"metadata":{"emulator":{"name":"dataconnect"},"message":"E0718 10:22:55.464505   17492 load.go:23] Could not load config from \"c:\\\\Dev\\\\focus-bonus-app\\\\dataconnect\": could not find dataconnect.yaml in `c:\\Dev\\focus-bonus-app\\dataconnect`\n"}}
[debug] [2025-07-18T13:23:05.466Z] E0718 10:23:05.466577   17492 load.go:23] Could not load config from "c:\\Dev\\focus-bonus-app\\dataconnect": could not find dataconnect.yaml in `c:\Dev\focus-bonus-app\dataconnect`
 {"metadata":{"emulator":{"name":"dataconnect"},"message":"E0718 10:23:05.466577   17492 load.go:23] Could not load config from \"c:\\\\Dev\\\\focus-bonus-app\\\\dataconnect\": could not find dataconnect.yaml in `c:\\Dev\\focus-bonus-app\\dataconnect`\n"}}
[debug] [2025-07-18T13:23:15.466Z] E0718 10:23:15.465710   17492 load.go:23] Could not load config from "c:\\Dev\\focus-bonus-app\\dataconnect": could not find dataconnect.yaml in `c:\Dev\focus-bonus-app\dataconnect`
 {"metadata":{"emulator":{"name":"dataconnect"},"message":"E0718 10:23:15.465710   17492 load.go:23] Could not load config from \"c:\\\\Dev\\\\focus-bonus-app\\\\dataconnect\": could not find dataconnect.yaml in `c:\\Dev\\focus-bonus-app\\dataconnect`\n"}}
[debug] [2025-07-18T13:23:25.464Z] E0718 10:23:25.464910   17492 load.go:23] Could not load config from "c:\\Dev\\focus-bonus-app\\dataconnect": could not find dataconnect.yaml in `c:\Dev\focus-bonus-app\dataconnect`
 {"metadata":{"emulator":{"name":"dataconnect"},"message":"E0718 10:23:25.464910   17492 load.go:23] Could not load config from \"c:\\\\Dev\\\\focus-bonus-app\\\\dataconnect\": could not find dataconnect.yaml in `c:\\Dev\\focus-bonus-app\\dataconnect`\n"}}
[debug] [2025-07-18T13:23:35.465Z] E0718 10:23:35.465181   17492 load.go:23] Could not load config from "c:\\Dev\\focus-bonus-app\\dataconnect": could not find dataconnect.yaml in `c:\Dev\focus-bonus-app\dataconnect`
 {"metadata":{"emulator":{"name":"dataconnect"},"message":"E0718 10:23:35.465181   17492 load.go:23] Could not load config from \"c:\\\\Dev\\\\focus-bonus-app\\\\dataconnect\": could not find dataconnect.yaml in `c:\\Dev\\focus-bonus-app\\dataconnect`\n"}}
[debug] [2025-07-18T13:23:45.465Z] E0718 10:23:45.465103   17492 load.go:23] Could not load config from "c:\\Dev\\focus-bonus-app\\dataconnect": could not find dataconnect.yaml in `c:\Dev\focus-bonus-app\dataconnect`
 {"metadata":{"emulator":{"name":"dataconnect"},"message":"E0718 10:23:45.465103   17492 load.go:23] Could not load config from \"c:\\\\Dev\\\\focus-bonus-app\\\\dataconnect\": could not find dataconnect.yaml in `c:\\Dev\\focus-bonus-app\\dataconnect`\n"}}
[debug] [2025-07-18T13:23:55.464Z] E0718 10:23:55.464794   17492 load.go:23] Could not load config from "c:\\Dev\\focus-bonus-app\\dataconnect": could not find dataconnect.yaml in `c:\Dev\focus-bonus-app\dataconnect`
 {"metadata":{"emulator":{"name":"dataconnect"},"message":"E0718 10:23:55.464794   17492 load.go:23] Could not load config from \"c:\\\\Dev\\\\focus-bonus-app\\\\dataconnect\": could not find dataconnect.yaml in `c:\\Dev\\focus-bonus-app\\dataconnect`\n"}}
[debug] [2025-07-18T13:24:05.466Z] E0718 10:24:05.465855   17492 load.go:23] Could not load config from "c:\\Dev\\focus-bonus-app\\dataconnect": could not find dataconnect.yaml in `c:\Dev\focus-bonus-app\dataconnect`
 {"metadata":{"emulator":{"name":"dataconnect"},"message":"E0718 10:24:05.465855   17492 load.go:23] Could not load config from \"c:\\\\Dev\\\\focus-bonus-app\\\\dataconnect\": could not find dataconnect.yaml in `c:\\Dev\\focus-bonus-app\\dataconnect`\n"}}
[debug] [2025-07-18T13:24:15.464Z] E0718 10:24:15.465037   17492 load.go:23] Could not load config from "c:\\Dev\\focus-bonus-app\\dataconnect": could not find dataconnect.yaml in `c:\Dev\focus-bonus-app\dataconnect`
 {"metadata":{"emulator":{"name":"dataconnect"},"message":"E0718 10:24:15.465037   17492 load.go:23] Could not load config from \"c:\\\\Dev\\\\focus-bonus-app\\\\dataconnect\": could not find dataconnect.yaml in `c:\\Dev\\focus-bonus-app\\dataconnect`\n"}}
[debug] [2025-07-18T13:24:25.465Z] E0718 10:24:25.465253   17492 load.go:23] Could not load config from "c:\\Dev\\focus-bonus-app\\dataconnect": could not find dataconnect.yaml in `c:\Dev\focus-bonus-app\dataconnect`
E0718 10:24:25.465253   17492 watch.go:76] watchAllDir unable to walk dir `c:\Dev\focus-bonus-app\dataconnect`: on path "c:\\Dev\\focus-bonus-app\\dataconnect" (DirEntry: <nil>): CreateFile c:\Dev\focus-bonus-app\dataconnect: The system cannot find the file specified.
 {"metadata":{"emulator":{"name":"dataconnect"},"message":"E0718 10:24:25.465253   17492 load.go:23] Could not load config from \"c:\\\\Dev\\\\focus-bonus-app\\\\dataconnect\": could not find dataconnect.yaml in `c:\\Dev\\focus-bonus-app\\dataconnect`\nE0718 10:24:25.465253   17492 watch.go:76] watchAllDir unable to walk dir `c:\\Dev\\focus-bonus-app\\dataconnect`: on path \"c:\\\\Dev\\\\focus-bonus-app\\\\dataconnect\" (DirEntry: <nil>): CreateFile c:\\Dev\\focus-bonus-app\\dataconnect: The system cannot find the file specified.\n"}}
[debug] [2025-07-18T13:24:35.465Z] E0718 10:24:35.465288   17492 load.go:23] Could not load config from "c:\\Dev\\focus-bonus-app\\dataconnect": could not find dataconnect.yaml in `c:\Dev\focus-bonus-app\dataconnect`
 {"metadata":{"emulator":{"name":"dataconnect"},"message":"E0718 10:24:35.465288   17492 load.go:23] Could not load config from \"c:\\\\Dev\\\\focus-bonus-app\\\\dataconnect\": could not find dataconnect.yaml in `c:\\Dev\\focus-bonus-app\\dataconnect`\n"}}
[debug] [2025-07-18T13:24:45.465Z] E0718 10:24:45.465365   17492 load.go:23] Could not load config from "c:\\Dev\\focus-bonus-app\\dataconnect": could not find dataconnect.yaml in `c:\Dev\focus-bonus-app\dataconnect`
 {"metadata":{"emulator":{"name":"dataconnect"},"message":"E0718 10:24:45.465365   17492 load.go:23] Could not load config from \"c:\\\\Dev\\\\focus-bonus-app\\\\dataconnect\": could not find dataconnect.yaml in `c:\\Dev\\focus-bonus-app\\dataconnect`\n"}}
[debug] [2025-07-18T13:24:55.464Z] E0718 10:24:55.464869   17492 load.go:23] Could not load config from "c:\\Dev\\focus-bonus-app\\dataconnect": could not find dataconnect.yaml in `c:\Dev\focus-bonus-app\dataconnect`
 {"metadata":{"emulator":{"name":"dataconnect"},"message":"E0718 10:24:55.464869   17492 load.go:23] Could not load config from \"c:\\\\Dev\\\\focus-bonus-app\\\\dataconnect\": could not find dataconnect.yaml in `c:\\Dev\\focus-bonus-app\\dataconnect`\n"}}
[debug] [2025-07-18T13:25:05.465Z] E0718 10:25:05.464918   17492 load.go:23] Could not load config from "c:\\Dev\\focus-bonus-app\\dataconnect": could not find dataconnect.yaml in `c:\Dev\focus-bonus-app\dataconnect`
 {"metadata":{"emulator":{"name":"dataconnect"},"message":"E0718 10:25:05.464918   17492 load.go:23] Could not load config from \"c:\\\\Dev\\\\focus-bonus-app\\\\dataconnect\": could not find dataconnect.yaml in `c:\\Dev\\focus-bonus-app\\dataconnect`\n"}}
[debug] [2025-07-18T13:25:15.465Z] E0718 10:25:15.464840   17492 load.go:23] Could not load config from "c:\\Dev\\focus-bonus-app\\dataconnect": could not find dataconnect.yaml in `c:\Dev\focus-bonus-app\dataconnect`
 {"metadata":{"emulator":{"name":"dataconnect"},"message":"E0718 10:25:15.464840   17492 load.go:23] Could not load config from \"c:\\\\Dev\\\\focus-bonus-app\\\\dataconnect\": could not find dataconnect.yaml in `c:\\Dev\\focus-bonus-app\\dataconnect`\n"}}
[debug] [2025-07-18T13:25:25.465Z] E0718 10:25:25.465803   17492 load.go:23] Could not load config from "c:\\Dev\\focus-bonus-app\\dataconnect": could not find dataconnect.yaml in `c:\Dev\focus-bonus-app\dataconnect`
 {"metadata":{"emulator":{"name":"dataconnect"},"message":"E0718 10:25:25.465803   17492 load.go:23] Could not load config from \"c:\\\\Dev\\\\focus-bonus-app\\\\dataconnect\": could not find dataconnect.yaml in `c:\\Dev\\focus-bonus-app\\dataconnect`\n"}}
[debug] [2025-07-18T13:25:35.464Z] E0718 10:25:35.465331   17492 load.go:23] Could not load config from "c:\\Dev\\focus-bonus-app\\dataconnect": could not find dataconnect.yaml in `c:\Dev\focus-bonus-app\dataconnect`
 {"metadata":{"emulator":{"name":"dataconnect"},"message":"E0718 10:25:35.465331   17492 load.go:23] Could not load config from \"c:\\\\Dev\\\\focus-bonus-app\\\\dataconnect\": could not find dataconnect.yaml in `c:\\Dev\\focus-bonus-app\\dataconnect`\n"}}
[debug] [2025-07-18T13:25:45.465Z] E0718 10:25:45.465366   17492 load.go:23] Could not load config from "c:\\Dev\\focus-bonus-app\\dataconnect": could not find dataconnect.yaml in `c:\Dev\focus-bonus-app\dataconnect`
 {"metadata":{"emulator":{"name":"dataconnect"},"message":"E0718 10:25:45.465366   17492 load.go:23] Could not load config from \"c:\\\\Dev\\\\focus-bonus-app\\\\dataconnect\": could not find dataconnect.yaml in `c:\\Dev\\focus-bonus-app\\dataconnect`\n"}}
[debug] [2025-07-18T13:25:55.464Z] E0718 10:25:55.464841   17492 load.go:23] Could not load config from "c:\\Dev\\focus-bonus-app\\dataconnect": could not find dataconnect.yaml in `c:\Dev\focus-bonus-app\dataconnect`
 {"metadata":{"emulator":{"name":"dataconnect"},"message":"E0718 10:25:55.464841   17492 load.go:23] Could not load config from \"c:\\\\Dev\\\\focus-bonus-app\\\\dataconnect\": could not find dataconnect.yaml in `c:\\Dev\\focus-bonus-app\\dataconnect`\n"}}
[debug] [2025-07-18T13:26:05.464Z] E0718 10:26:05.464823   17492 load.go:23] Could not load config from "c:\\Dev\\focus-bonus-app\\dataconnect": could not find dataconnect.yaml in `c:\Dev\focus-bonus-app\dataconnect`
 {"metadata":{"emulator":{"name":"dataconnect"},"message":"E0718 10:26:05.464823   17492 load.go:23] Could not load config from \"c:\\\\Dev\\\\focus-bonus-app\\\\dataconnect\": could not find dataconnect.yaml in `c:\\Dev\\focus-bonus-app\\dataconnect`\n"}}
[debug] [2025-07-18T13:26:15.464Z] E0718 10:26:15.464581   17492 load.go:23] Could not load config from "c:\\Dev\\focus-bonus-app\\dataconnect": could not find dataconnect.yaml in `c:\Dev\focus-bonus-app\dataconnect`
 {"metadata":{"emulator":{"name":"dataconnect"},"message":"E0718 10:26:15.464581   17492 load.go:23] Could not load config from \"c:\\\\Dev\\\\focus-bonus-app\\\\dataconnect\": could not find dataconnect.yaml in `c:\\Dev\\focus-bonus-app\\dataconnect`\n"}}
[debug] [2025-07-18T13:26:25.464Z] E0718 10:26:25.465191   17492 load.go:23] Could not load config from "c:\\Dev\\focus-bonus-app\\dataconnect": could not find dataconnect.yaml in `c:\Dev\focus-bonus-app\dataconnect`
E0718 10:26:25.465191   17492 watch.go:76] watchAllDir unable to walk dir `c:\Dev\focus-bonus-app\dataconnect`: on path "c:\\Dev\\focus-bonus-app\\dataconnect" (DirEntry: <nil>): CreateFile c:\Dev\focus-bonus-app\dataconnect: The system cannot find the file specified.
 {"metadata":{"emulator":{"name":"dataconnect"},"message":"E0718 10:26:25.465191   17492 load.go:23] Could not load config from \"c:\\\\Dev\\\\focus-bonus-app\\\\dataconnect\": could not find dataconnect.yaml in `c:\\Dev\\focus-bonus-app\\dataconnect`\nE0718 10:26:25.465191   17492 watch.go:76] watchAllDir unable to walk dir `c:\\Dev\\focus-bonus-app\\dataconnect`: on path \"c:\\\\Dev\\\\focus-bonus-app\\\\dataconnect\" (DirEntry: <nil>): CreateFile c:\\Dev\\focus-bonus-app\\dataconnect: The system cannot find the file specified.\n"}}
[debug] [2025-07-18T13:26:35.465Z] E0718 10:26:35.465080   17492 load.go:23] Could not load config from "c:\\Dev\\focus-bonus-app\\dataconnect": could not find dataconnect.yaml in `c:\Dev\focus-bonus-app\dataconnect`
 {"metadata":{"emulator":{"name":"dataconnect"},"message":"E0718 10:26:35.465080   17492 load.go:23] Could not load config from \"c:\\\\Dev\\\\focus-bonus-app\\\\dataconnect\": could not find dataconnect.yaml in `c:\\Dev\\focus-bonus-app\\dataconnect`\n"}}
[debug] [2025-07-18T13:26:45.465Z] E0718 10:26:45.464922   17492 load.go:23] Could not load config from "c:\\Dev\\focus-bonus-app\\dataconnect": could not find dataconnect.yaml in `c:\Dev\focus-bonus-app\dataconnect`
 {"metadata":{"emulator":{"name":"dataconnect"},"message":"E0718 10:26:45.464922   17492 load.go:23] Could not load config from \"c:\\\\Dev\\\\focus-bonus-app\\\\dataconnect\": could not find dataconnect.yaml in `c:\\Dev\\focus-bonus-app\\dataconnect`\n"}}
[debug] [2025-07-18T13:26:55.465Z] E0718 10:26:55.464798   17492 load.go:23] Could not load config from "c:\\Dev\\focus-bonus-app\\dataconnect": could not find dataconnect.yaml in `c:\Dev\focus-bonus-app\dataconnect`
 {"metadata":{"emulator":{"name":"dataconnect"},"message":"E0718 10:26:55.464798   17492 load.go:23] Could not load config from \"c:\\\\Dev\\\\focus-bonus-app\\\\dataconnect\": could not find dataconnect.yaml in `c:\\Dev\\focus-bonus-app\\dataconnect`\n"}}
[debug] [2025-07-18T13:27:05.465Z] E0718 10:27:05.465130   17492 load.go:23] Could not load config from "c:\\Dev\\focus-bonus-app\\dataconnect": could not find dataconnect.yaml in `c:\Dev\focus-bonus-app\dataconnect`
 {"metadata":{"emulator":{"name":"dataconnect"},"message":"E0718 10:27:05.465130   17492 load.go:23] Could not load config from \"c:\\\\Dev\\\\focus-bonus-app\\\\dataconnect\": could not find dataconnect.yaml in `c:\\Dev\\focus-bonus-app\\dataconnect`\n"}}
[debug] [2025-07-18T13:27:15.465Z] E0718 10:27:15.464991   17492 load.go:23] Could not load config from "c:\\Dev\\focus-bonus-app\\dataconnect": could not find dataconnect.yaml in `c:\Dev\focus-bonus-app\dataconnect`
 {"metadata":{"emulator":{"name":"dataconnect"},"message":"E0718 10:27:15.464991   17492 load.go:23] Could not load config from \"c:\\\\Dev\\\\focus-bonus-app\\\\dataconnect\": could not find dataconnect.yaml in `c:\\Dev\\focus-bonus-app\\dataconnect`\n"}}
[debug] [2025-07-18T13:27:25.465Z] E0718 10:27:25.464803   17492 load.go:23] Could not load config from "c:\\Dev\\focus-bonus-app\\dataconnect": could not find dataconnect.yaml in `c:\Dev\focus-bonus-app\dataconnect`
 {"metadata":{"emulator":{"name":"dataconnect"},"message":"E0718 10:27:25.464803   17492 load.go:23] Could not load config from \"c:\\\\Dev\\\\focus-bonus-app\\\\dataconnect\": could not find dataconnect.yaml in `c:\\Dev\\focus-bonus-app\\dataconnect`\n"}}
[debug] [2025-07-18T13:27:35.465Z] E0718 10:27:35.464977   17492 load.go:23] Could not load config from "c:\\Dev\\focus-bonus-app\\dataconnect": could not find dataconnect.yaml in `c:\Dev\focus-bonus-app\dataconnect`
 {"metadata":{"emulator":{"name":"dataconnect"},"message":"E0718 10:27:35.464977   17492 load.go:23] Could not load config from \"c:\\\\Dev\\\\focus-bonus-app\\\\dataconnect\": could not find dataconnect.yaml in `c:\\Dev\\focus-bonus-app\\dataconnect`\n"}}
[debug] [2025-07-18T13:27:45.466Z] E0718 10:27:45.465254   17492 load.go:23] Could not load config from "c:\\Dev\\focus-bonus-app\\dataconnect": could not find dataconnect.yaml in `c:\Dev\focus-bonus-app\dataconnect`
 {"metadata":{"emulator":{"name":"dataconnect"},"message":"E0718 10:27:45.465254   17492 load.go:23] Could not load config from \"c:\\\\Dev\\\\focus-bonus-app\\\\dataconnect\": could not find dataconnect.yaml in `c:\\Dev\\focus-bonus-app\\dataconnect`\n"}}
[debug] [2025-07-18T13:27:55.465Z] E0718 10:27:55.464390   17492 load.go:23] Could not load config from "c:\\Dev\\focus-bonus-app\\dataconnect": could not find dataconnect.yaml in `c:\Dev\focus-bonus-app\dataconnect`
 {"metadata":{"emulator":{"name":"dataconnect"},"message":"E0718 10:27:55.464390   17492 load.go:23] Could not load config from \"c:\\\\Dev\\\\focus-bonus-app\\\\dataconnect\": could not find dataconnect.yaml in `c:\\Dev\\focus-bonus-app\\dataconnect`\n"}}
[debug] [2025-07-18T13:28:05.464Z] E0718 10:28:05.464537   17492 load.go:23] Could not load config from "c:\\Dev\\focus-bonus-app\\dataconnect": could not find dataconnect.yaml in `c:\Dev\focus-bonus-app\dataconnect`
 {"metadata":{"emulator":{"name":"dataconnect"},"message":"E0718 10:28:05.464537   17492 load.go:23] Could not load config from \"c:\\\\Dev\\\\focus-bonus-app\\\\dataconnect\": could not find dataconnect.yaml in `c:\\Dev\\focus-bonus-app\\dataconnect`\n"}}
[debug] [2025-07-18T13:28:15.465Z] E0718 10:28:15.464663   17492 load.go:23] Could not load config from "c:\\Dev\\focus-bonus-app\\dataconnect": could not find dataconnect.yaml in `c:\Dev\focus-bonus-app\dataconnect`
 {"metadata":{"emulator":{"name":"dataconnect"},"message":"E0718 10:28:15.464663   17492 load.go:23] Could not load config from \"c:\\\\Dev\\\\focus-bonus-app\\\\dataconnect\": could not find dataconnect.yaml in `c:\\Dev\\focus-bonus-app\\dataconnect`\n"}}
[debug] [2025-07-18T13:29:45.801Z] E0718 10:29:45.789622   17492 load.go:23] Could not load config from "c:\\Dev\\focus-bonus-app\\dataconnect": could not find dataconnect.yaml in `c:\Dev\focus-bonus-app\dataconnect`
E0718 10:29:45.789622   17492 watch.go:76] watchAllDir unable to walk dir `c:\Dev\focus-bonus-app\dataconnect`: on path "c:\\Dev\\focus-bonus-app\\dataconnect" (DirEntry: <nil>): CreateFile c:\Dev\focus-bonus-app\dataconnect: The system cannot find the file specified.
 {"metadata":{"emulator":{"name":"dataconnect"},"message":"E0718 10:29:45.789622   17492 load.go:23] Could not load config from \"c:\\\\Dev\\\\focus-bonus-app\\\\dataconnect\": could not find dataconnect.yaml in `c:\\Dev\\focus-bonus-app\\dataconnect`\nE0718 10:29:45.789622   17492 watch.go:76] watchAllDir unable to walk dir `c:\\Dev\\focus-bonus-app\\dataconnect`: on path \"c:\\\\Dev\\\\focus-bonus-app\\\\dataconnect\" (DirEntry: <nil>): CreateFile c:\\Dev\\focus-bonus-app\\dataconnect: The system cannot find the file specified.\n"}}
[debug] [2025-07-18T13:29:55.464Z] E0718 10:29:55.464633   17492 load.go:23] Could not load config from "c:\\Dev\\focus-bonus-app\\dataconnect": could not find dataconnect.yaml in `c:\Dev\focus-bonus-app\dataconnect`
 {"metadata":{"emulator":{"name":"dataconnect"},"message":"E0718 10:29:55.464633   17492 load.go:23] Could not load config from \"c:\\\\Dev\\\\focus-bonus-app\\\\dataconnect\": could not find dataconnect.yaml in `c:\\Dev\\focus-bonus-app\\dataconnect`\n"}}
[debug] [2025-07-18T13:30:05.464Z] E0718 10:30:05.464650   17492 load.go:23] Could not load config from "c:\\Dev\\focus-bonus-app\\dataconnect": could not find dataconnect.yaml in `c:\Dev\focus-bonus-app\dataconnect`
 {"metadata":{"emulator":{"name":"dataconnect"},"message":"E0718 10:30:05.464650   17492 load.go:23] Could not load config from \"c:\\\\Dev\\\\focus-bonus-app\\\\dataconnect\": could not find dataconnect.yaml in `c:\\Dev\\focus-bonus-app\\dataconnect`\n"}}
[debug] [2025-07-18T13:30:15.465Z] E0718 10:30:15.465120   17492 load.go:23] Could not load config from "c:\\Dev\\focus-bonus-app\\dataconnect": could not find dataconnect.yaml in `c:\Dev\focus-bonus-app\dataconnect`
 {"metadata":{"emulator":{"name":"dataconnect"},"message":"E0718 10:30:15.465120   17492 load.go:23] Could not load config from \"c:\\\\Dev\\\\focus-bonus-app\\\\dataconnect\": could not find dataconnect.yaml in `c:\\Dev\\focus-bonus-app\\dataconnect`\n"}}
[debug] [2025-07-18T13:30:25.465Z] E0718 10:30:25.464694   17492 load.go:23] Could not load config from "c:\\Dev\\focus-bonus-app\\dataconnect": could not find dataconnect.yaml in `c:\Dev\focus-bonus-app\dataconnect`
 {"metadata":{"emulator":{"name":"dataconnect"},"message":"E0718 10:30:25.464694   17492 load.go:23] Could not load config from \"c:\\\\Dev\\\\focus-bonus-app\\\\dataconnect\": could not find dataconnect.yaml in `c:\\Dev\\focus-bonus-app\\dataconnect`\n"}}
[debug] [2025-07-18T13:30:25.467Z] E0718 10:30:25.467234   17492 watch.go:76] watchAllDir unable to walk dir `c:\Dev\focus-bonus-app\dataconnect`: on path "c:\\Dev\\focus-bonus-app\\dataconnect" (DirEntry: <nil>): CreateFile c:\Dev\focus-bonus-app\dataconnect: The system cannot find the file specified.
 {"metadata":{"emulator":{"name":"dataconnect"},"message":"E0718 10:30:25.467234   17492 watch.go:76] watchAllDir unable to walk dir `c:\\Dev\\focus-bonus-app\\dataconnect`: on path \"c:\\\\Dev\\\\focus-bonus-app\\\\dataconnect\" (DirEntry: <nil>): CreateFile c:\\Dev\\focus-bonus-app\\dataconnect: The system cannot find the file specified.\n"}}
[debug] [2025-07-18T13:30:35.466Z] E0718 10:30:35.465228   17492 load.go:23] Could not load config from "c:\\Dev\\focus-bonus-app\\dataconnect": could not find dataconnect.yaml in `c:\Dev\focus-bonus-app\dataconnect`
 {"metadata":{"emulator":{"name":"dataconnect"},"message":"E0718 10:30:35.465228   17492 load.go:23] Could not load config from \"c:\\\\Dev\\\\focus-bonus-app\\\\dataconnect\": could not find dataconnect.yaml in `c:\\Dev\\focus-bonus-app\\dataconnect`\n"}}
[debug] [2025-07-18T13:30:45.465Z] E0718 10:30:45.465178   17492 load.go:23] Could not load config from "c:\\Dev\\focus-bonus-app\\dataconnect": could not find dataconnect.yaml in `c:\Dev\focus-bonus-app\dataconnect`
 {"metadata":{"emulator":{"name":"dataconnect"},"message":"E0718 10:30:45.465178   17492 load.go:23] Could not load config from \"c:\\\\Dev\\\\focus-bonus-app\\\\dataconnect\": could not find dataconnect.yaml in `c:\\Dev\\focus-bonus-app\\dataconnect`\n"}}
[debug] [2025-07-18T13:30:55.464Z] E0718 10:30:55.464643   17492 load.go:23] Could not load config from "c:\\Dev\\focus-bonus-app\\dataconnect": could not find dataconnect.yaml in `c:\Dev\focus-bonus-app\dataconnect`
 {"metadata":{"emulator":{"name":"dataconnect"},"message":"E0718 10:30:55.464643   17492 load.go:23] Could not load config from \"c:\\\\Dev\\\\focus-bonus-app\\\\dataconnect\": could not find dataconnect.yaml in `c:\\Dev\\focus-bonus-app\\dataconnect`\n"}}
[debug] [2025-07-18T13:31:05.465Z] E0718 10:31:05.464962   17492 load.go:23] Could not load config from "c:\\Dev\\focus-bonus-app\\dataconnect": could not find dataconnect.yaml in `c:\Dev\focus-bonus-app\dataconnect`
 {"metadata":{"emulator":{"name":"dataconnect"},"message":"E0718 10:31:05.464962   17492 load.go:23] Could not load config from \"c:\\\\Dev\\\\focus-bonus-app\\\\dataconnect\": could not find dataconnect.yaml in `c:\\Dev\\focus-bonus-app\\dataconnect`\n"}}
[debug] [2025-07-18T13:31:15.464Z] E0718 10:31:15.464368   17492 load.go:23] Could not load config from "c:\\Dev\\focus-bonus-app\\dataconnect": could not find dataconnect.yaml in `c:\Dev\focus-bonus-app\dataconnect`
 {"metadata":{"emulator":{"name":"dataconnect"},"message":"E0718 10:31:15.464368   17492 load.go:23] Could not load config from \"c:\\\\Dev\\\\focus-bonus-app\\\\dataconnect\": could not find dataconnect.yaml in `c:\\Dev\\focus-bonus-app\\dataconnect`\n"}}
[debug] [2025-07-18T13:31:25.464Z] E0718 10:31:25.464299   17492 load.go:23] Could not load config from "c:\\Dev\\focus-bonus-app\\dataconnect": could not find dataconnect.yaml in `c:\Dev\focus-bonus-app\dataconnect`
 {"metadata":{"emulator":{"name":"dataconnect"},"message":"E0718 10:31:25.464299   17492 load.go:23] Could not load config from \"c:\\\\Dev\\\\focus-bonus-app\\\\dataconnect\": could not find dataconnect.yaml in `c:\\Dev\\focus-bonus-app\\dataconnect`\n"}}
[debug] [2025-07-18T13:31:35.464Z] E0718 10:31:35.464748   17492 load.go:23] Could not load config from "c:\\Dev\\focus-bonus-app\\dataconnect": could not find dataconnect.yaml in `c:\Dev\focus-bonus-app\dataconnect`
 {"metadata":{"emulator":{"name":"dataconnect"},"message":"E0718 10:31:35.464748   17492 load.go:23] Could not load config from \"c:\\\\Dev\\\\focus-bonus-app\\\\dataconnect\": could not find dataconnect.yaml in `c:\\Dev\\focus-bonus-app\\dataconnect`\n"}}
[debug] [2025-07-18T13:31:45.464Z] E0718 10:31:45.464318   17492 load.go:23] Could not load config from "c:\\Dev\\focus-bonus-app\\dataconnect": could not find dataconnect.yaml in `c:\Dev\focus-bonus-app\dataconnect`
 {"metadata":{"emulator":{"name":"dataconnect"},"message":"E0718 10:31:45.464318   17492 load.go:23] Could not load config from \"c:\\\\Dev\\\\focus-bonus-app\\\\dataconnect\": could not find dataconnect.yaml in `c:\\Dev\\focus-bonus-app\\dataconnect`\n"}}
[debug] [2025-07-18T13:31:55.465Z] E0718 10:31:55.464860   17492 load.go:23] Could not load config from "c:\\Dev\\focus-bonus-app\\dataconnect": could not find dataconnect.yaml in `c:\Dev\focus-bonus-app\dataconnect`
 {"metadata":{"emulator":{"name":"dataconnect"},"message":"E0718 10:31:55.464860   17492 load.go:23] Could not load config from \"c:\\\\Dev\\\\focus-bonus-app\\\\dataconnect\": could not find dataconnect.yaml in `c:\\Dev\\focus-bonus-app\\dataconnect`\n"}}
[debug] [2025-07-18T13:32:05.465Z] E0718 10:32:05.464744   17492 load.go:23] Could not load config from "c:\\Dev\\focus-bonus-app\\dataconnect": could not find dataconnect.yaml in `c:\Dev\focus-bonus-app\dataconnect`
 {"metadata":{"emulator":{"name":"dataconnect"},"message":"E0718 10:32:05.464744   17492 load.go:23] Could not load config from \"c:\\\\Dev\\\\focus-bonus-app\\\\dataconnect\": could not find dataconnect.yaml in `c:\\Dev\\focus-bonus-app\\dataconnect`\n"}}
[debug] [2025-07-18T13:32:15.464Z] E0718 10:32:15.464385   17492 load.go:23] Could not load config from "c:\\Dev\\focus-bonus-app\\dataconnect": could not find dataconnect.yaml in `c:\Dev\focus-bonus-app\dataconnect`
 {"metadata":{"emulator":{"name":"dataconnect"},"message":"E0718 10:32:15.464385   17492 load.go:23] Could not load config from \"c:\\\\Dev\\\\focus-bonus-app\\\\dataconnect\": could not find dataconnect.yaml in `c:\\Dev\\focus-bonus-app\\dataconnect`\n"}}
[debug] [2025-07-18T13:32:25.465Z] E0718 10:32:25.464842   17492 load.go:23] Could not load config from "c:\\Dev\\focus-bonus-app\\dataconnect": could not find dataconnect.yaml in `c:\Dev\focus-bonus-app\dataconnect`
E0718 10:32:25.464842   17492 watch.go:76] watchAllDir unable to walk dir `c:\Dev\focus-bonus-app\dataconnect`: on path "c:\\Dev\\focus-bonus-app\\dataconnect" (DirEntry: <nil>): CreateFile c:\Dev\focus-bonus-app\dataconnect: The system cannot find the file specified.
 {"metadata":{"emulator":{"name":"dataconnect"},"message":"E0718 10:32:25.464842   17492 load.go:23] Could not load config from \"c:\\\\Dev\\\\focus-bonus-app\\\\dataconnect\": could not find dataconnect.yaml in `c:\\Dev\\focus-bonus-app\\dataconnect`\nE0718 10:32:25.464842   17492 watch.go:76] watchAllDir unable to walk dir `c:\\Dev\\focus-bonus-app\\dataconnect`: on path \"c:\\\\Dev\\\\focus-bonus-app\\\\dataconnect\" (DirEntry: <nil>): CreateFile c:\\Dev\\focus-bonus-app\\dataconnect: The system cannot find the file specified.\n"}}
[debug] [2025-07-18T13:32:35.464Z] E0718 10:32:35.464759   17492 load.go:23] Could not load config from "c:\\Dev\\focus-bonus-app\\dataconnect": could not find dataconnect.yaml in `c:\Dev\focus-bonus-app\dataconnect`
 {"metadata":{"emulator":{"name":"dataconnect"},"message":"E0718 10:32:35.464759   17492 load.go:23] Could not load config from \"c:\\\\Dev\\\\focus-bonus-app\\\\dataconnect\": could not find dataconnect.yaml in `c:\\Dev\\focus-bonus-app\\dataconnect`\n"}}
[debug] [2025-07-18T13:32:45.465Z] E0718 10:32:45.464599   17492 load.go:23] Could not load config from "c:\\Dev\\focus-bonus-app\\dataconnect": could not find dataconnect.yaml in `c:\Dev\focus-bonus-app\dataconnect`
 {"metadata":{"emulator":{"name":"dataconnect"},"message":"E0718 10:32:45.464599   17492 load.go:23] Could not load config from \"c:\\\\Dev\\\\focus-bonus-app\\\\dataconnect\": could not find dataconnect.yaml in `c:\\Dev\\focus-bonus-app\\dataconnect`\n"}}
[debug] [2025-07-18T13:32:55.464Z] E0718 10:32:55.464310   17492 load.go:23] Could not load config from "c:\\Dev\\focus-bonus-app\\dataconnect": could not find dataconnect.yaml in `c:\Dev\focus-bonus-app\dataconnect`
 {"metadata":{"emulator":{"name":"dataconnect"},"message":"E0718 10:32:55.464310   17492 load.go:23] Could not load config from \"c:\\\\Dev\\\\focus-bonus-app\\\\dataconnect\": could not find dataconnect.yaml in `c:\\Dev\\focus-bonus-app\\dataconnect`\n"}}
[debug] [2025-07-18T13:33:05.465Z] E0718 10:33:05.464696   17492 load.go:23] Could not load config from "c:\\Dev\\focus-bonus-app\\dataconnect": could not find dataconnect.yaml in `c:\Dev\focus-bonus-app\dataconnect`
 {"metadata":{"emulator":{"name":"dataconnect"},"message":"E0718 10:33:05.464696   17492 load.go:23] Could not load config from \"c:\\\\Dev\\\\focus-bonus-app\\\\dataconnect\": could not find dataconnect.yaml in `c:\\Dev\\focus-bonus-app\\dataconnect`\n"}}
[debug] [2025-07-18T13:33:15.465Z] E0718 10:33:15.464739   17492 load.go:23] Could not load config from "c:\\Dev\\focus-bonus-app\\dataconnect": could not find dataconnect.yaml in `c:\Dev\focus-bonus-app\dataconnect`
 {"metadata":{"emulator":{"name":"dataconnect"},"message":"E0718 10:33:15.464739   17492 load.go:23] Could not load config from \"c:\\\\Dev\\\\focus-bonus-app\\\\dataconnect\": could not find dataconnect.yaml in `c:\\Dev\\focus-bonus-app\\dataconnect`\n"}}
[debug] [2025-07-18T13:33:25.465Z] E0718 10:33:25.465113   17492 load.go:23] Could not load config from "c:\\Dev\\focus-bonus-app\\dataconnect": could not find dataconnect.yaml in `c:\Dev\focus-bonus-app\dataconnect`
 {"metadata":{"emulator":{"name":"dataconnect"},"message":"E0718 10:33:25.465113   17492 load.go:23] Could not load config from \"c:\\\\Dev\\\\focus-bonus-app\\\\dataconnect\": could not find dataconnect.yaml in `c:\\Dev\\focus-bonus-app\\dataconnect`\n"}}
[debug] [2025-07-18T13:33:35.465Z] E0718 10:33:35.464774   17492 load.go:23] Could not load config from "c:\\Dev\\focus-bonus-app\\dataconnect": could not find dataconnect.yaml in `c:\Dev\focus-bonus-app\dataconnect`
 {"metadata":{"emulator":{"name":"dataconnect"},"message":"E0718 10:33:35.464774   17492 load.go:23] Could not load config from \"c:\\\\Dev\\\\focus-bonus-app\\\\dataconnect\": could not find dataconnect.yaml in `c:\\Dev\\focus-bonus-app\\dataconnect`\n"}}
[debug] [2025-07-18T13:33:45.465Z] E0718 10:33:45.464640   17492 load.go:23] Could not load config from "c:\\Dev\\focus-bonus-app\\dataconnect": could not find dataconnect.yaml in `c:\Dev\focus-bonus-app\dataconnect`
 {"metadata":{"emulator":{"name":"dataconnect"},"message":"E0718 10:33:45.464640   17492 load.go:23] Could not load config from \"c:\\\\Dev\\\\focus-bonus-app\\\\dataconnect\": could not find dataconnect.yaml in `c:\\Dev\\focus-bonus-app\\dataconnect`\n"}}
[debug] [2025-07-18T13:33:55.466Z] E0718 10:33:55.465377   17492 load.go:23] Could not load config from "c:\\Dev\\focus-bonus-app\\dataconnect": could not find dataconnect.yaml in `c:\Dev\focus-bonus-app\dataconnect`
 {"metadata":{"emulator":{"name":"dataconnect"},"message":"E0718 10:33:55.465377   17492 load.go:23] Could not load config from \"c:\\\\Dev\\\\focus-bonus-app\\\\dataconnect\": could not find dataconnect.yaml in `c:\\Dev\\focus-bonus-app\\dataconnect`\n"}}
[debug] [2025-07-18T13:34:05.465Z] E0718 10:34:05.465322   17492 load.go:23] Could not load config from "c:\\Dev\\focus-bonus-app\\dataconnect": could not find dataconnect.yaml in `c:\Dev\focus-bonus-app\dataconnect`
 {"metadata":{"emulator":{"name":"dataconnect"},"message":"E0718 10:34:05.465322   17492 load.go:23] Could not load config from \"c:\\\\Dev\\\\focus-bonus-app\\\\dataconnect\": could not find dataconnect.yaml in `c:\\Dev\\focus-bonus-app\\dataconnect`\n"}}
[debug] [2025-07-18T13:34:15.465Z] E0718 10:34:15.465016   17492 load.go:23] Could not load config from "c:\\Dev\\focus-bonus-app\\dataconnect": could not find dataconnect.yaml in `c:\Dev\focus-bonus-app\dataconnect`
 {"metadata":{"emulator":{"name":"dataconnect"},"message":"E0718 10:34:15.465016   17492 load.go:23] Could not load config from \"c:\\\\Dev\\\\focus-bonus-app\\\\dataconnect\": could not find dataconnect.yaml in `c:\\Dev\\focus-bonus-app\\dataconnect`\n"}}
[debug] [2025-07-18T13:34:25.465Z] E0718 10:34:25.465125   17492 load.go:23] Could not load config from "c:\\Dev\\focus-bonus-app\\dataconnect": could not find dataconnect.yaml in `c:\Dev\focus-bonus-app\dataconnect`
E0718 10:34:25.465125   17492 watch.go:76] watchAllDir unable to walk dir `c:\Dev\focus-bonus-app\dataconnect`: on path "c:\\Dev\\focus-bonus-app\\dataconnect" (DirEntry: <nil>): CreateFile c:\Dev\focus-bonus-app\dataconnect: The system cannot find the file specified.
 {"metadata":{"emulator":{"name":"dataconnect"},"message":"E0718 10:34:25.465125   17492 load.go:23] Could not load config from \"c:\\\\Dev\\\\focus-bonus-app\\\\dataconnect\": could not find dataconnect.yaml in `c:\\Dev\\focus-bonus-app\\dataconnect`\nE0718 10:34:25.465125   17492 watch.go:76] watchAllDir unable to walk dir `c:\\Dev\\focus-bonus-app\\dataconnect`: on path \"c:\\\\Dev\\\\focus-bonus-app\\\\dataconnect\" (DirEntry: <nil>): CreateFile c:\\Dev\\focus-bonus-app\\dataconnect: The system cannot find the file specified.\n"}}
[debug] [2025-07-18T13:34:35.465Z] E0718 10:34:35.464553   17492 load.go:23] Could not load config from "c:\\Dev\\focus-bonus-app\\dataconnect": could not find dataconnect.yaml in `c:\Dev\focus-bonus-app\dataconnect`
 {"metadata":{"emulator":{"name":"dataconnect"},"message":"E0718 10:34:35.464553   17492 load.go:23] Could not load config from \"c:\\\\Dev\\\\focus-bonus-app\\\\dataconnect\": could not find dataconnect.yaml in `c:\\Dev\\focus-bonus-app\\dataconnect`\n"}}
[debug] [2025-07-18T13:34:45.465Z] E0718 10:34:45.464471   17492 load.go:23] Could not load config from "c:\\Dev\\focus-bonus-app\\dataconnect": could not find dataconnect.yaml in `c:\Dev\focus-bonus-app\dataconnect`
 {"metadata":{"emulator":{"name":"dataconnect"},"message":"E0718 10:34:45.464471   17492 load.go:23] Could not load config from \"c:\\\\Dev\\\\focus-bonus-app\\\\dataconnect\": could not find dataconnect.yaml in `c:\\Dev\\focus-bonus-app\\dataconnect`\n"}}
[debug] [2025-07-18T13:34:55.465Z] E0718 10:34:55.464778   17492 load.go:23] Could not load config from "c:\\Dev\\focus-bonus-app\\dataconnect": could not find dataconnect.yaml in `c:\Dev\focus-bonus-app\dataconnect`
 {"metadata":{"emulator":{"name":"dataconnect"},"message":"E0718 10:34:55.464778   17492 load.go:23] Could not load config from \"c:\\\\Dev\\\\focus-bonus-app\\\\dataconnect\": could not find dataconnect.yaml in `c:\\Dev\\focus-bonus-app\\dataconnect`\n"}}
[debug] [2025-07-18T13:35:05.465Z] E0718 10:35:05.464946   17492 load.go:23] Could not load config from "c:\\Dev\\focus-bonus-app\\dataconnect": could not find dataconnect.yaml in `c:\Dev\focus-bonus-app\dataconnect`
 {"metadata":{"emulator":{"name":"dataconnect"},"message":"E0718 10:35:05.464946   17492 load.go:23] Could not load config from \"c:\\\\Dev\\\\focus-bonus-app\\\\dataconnect\": could not find dataconnect.yaml in `c:\\Dev\\focus-bonus-app\\dataconnect`\n"}}
[debug] [2025-07-18T13:35:15.464Z] E0718 10:35:15.464352   17492 load.go:23] Could not load config from "c:\\Dev\\focus-bonus-app\\dataconnect": could not find dataconnect.yaml in `c:\Dev\focus-bonus-app\dataconnect`
 {"metadata":{"emulator":{"name":"dataconnect"},"message":"E0718 10:35:15.464352   17492 load.go:23] Could not load config from \"c:\\\\Dev\\\\focus-bonus-app\\\\dataconnect\": could not find dataconnect.yaml in `c:\\Dev\\focus-bonus-app\\dataconnect`\n"}}
[debug] [2025-07-18T13:35:25.465Z] E0718 10:35:25.464909   17492 load.go:23] Could not load config from "c:\\Dev\\focus-bonus-app\\dataconnect": could not find dataconnect.yaml in `c:\Dev\focus-bonus-app\dataconnect`
 {"metadata":{"emulator":{"name":"dataconnect"},"message":"E0718 10:35:25.464909   17492 load.go:23] Could not load config from \"c:\\\\Dev\\\\focus-bonus-app\\\\dataconnect\": could not find dataconnect.yaml in `c:\\Dev\\focus-bonus-app\\dataconnect`\n"}}
[debug] [2025-07-18T13:35:35.464Z] E0718 10:35:35.464516   17492 load.go:23] Could not load config from "c:\\Dev\\focus-bonus-app\\dataconnect": could not find dataconnect.yaml in `c:\Dev\focus-bonus-app\dataconnect`
 {"metadata":{"emulator":{"name":"dataconnect"},"message":"E0718 10:35:35.464516   17492 load.go:23] Could not load config from \"c:\\\\Dev\\\\focus-bonus-app\\\\dataconnect\": could not find dataconnect.yaml in `c:\\Dev\\focus-bonus-app\\dataconnect`\n"}}
[debug] [2025-07-18T13:35:45.465Z] E0718 10:35:45.464664   17492 load.go:23] Could not load config from "c:\\Dev\\focus-bonus-app\\dataconnect": could not find dataconnect.yaml in `c:\Dev\focus-bonus-app\dataconnect`
 {"metadata":{"emulator":{"name":"dataconnect"},"message":"E0718 10:35:45.464664   17492 load.go:23] Could not load config from \"c:\\\\Dev\\\\focus-bonus-app\\\\dataconnect\": could not find dataconnect.yaml in `c:\\Dev\\focus-bonus-app\\dataconnect`\n"}}
[debug] [2025-07-18T13:35:55.464Z] E0718 10:35:55.464618   17492 load.go:23] Could not load config from "c:\\Dev\\focus-bonus-app\\dataconnect": could not find dataconnect.yaml in `c:\Dev\focus-bonus-app\dataconnect`
 {"metadata":{"emulator":{"name":"dataconnect"},"message":"E0718 10:35:55.464618   17492 load.go:23] Could not load config from \"c:\\\\Dev\\\\focus-bonus-app\\\\dataconnect\": could not find dataconnect.yaml in `c:\\Dev\\focus-bonus-app\\dataconnect`\n"}}
[debug] [2025-07-18T13:36:05.467Z] E0718 10:36:05.466993   17492 load.go:23] Could not load config from "c:\\Dev\\focus-bonus-app\\dataconnect": could not find dataconnect.yaml in `c:\Dev\focus-bonus-app\dataconnect`
 {"metadata":{"emulator":{"name":"dataconnect"},"message":"E0718 10:36:05.466993   17492 load.go:23] Could not load config from \"c:\\\\Dev\\\\focus-bonus-app\\\\dataconnect\": could not find dataconnect.yaml in `c:\\Dev\\focus-bonus-app\\dataconnect`\n"}}
[debug] [2025-07-18T13:36:15.464Z] E0718 10:36:15.464151   17492 load.go:23] Could not load config from "c:\\Dev\\focus-bonus-app\\dataconnect": could not find dataconnect.yaml in `c:\Dev\focus-bonus-app\dataconnect`
 {"metadata":{"emulator":{"name":"dataconnect"},"message":"E0718 10:36:15.464151   17492 load.go:23] Could not load config from \"c:\\\\Dev\\\\focus-bonus-app\\\\dataconnect\": could not find dataconnect.yaml in `c:\\Dev\\focus-bonus-app\\dataconnect`\n"}}
[debug] [2025-07-18T13:36:25.464Z] E0718 10:36:25.464391   17492 load.go:23] Could not load config from "c:\\Dev\\focus-bonus-app\\dataconnect": could not find dataconnect.yaml in `c:\Dev\focus-bonus-app\dataconnect`
 {"metadata":{"emulator":{"name":"dataconnect"},"message":"E0718 10:36:25.464391   17492 load.go:23] Could not load config from \"c:\\\\Dev\\\\focus-bonus-app\\\\dataconnect\": could not find dataconnect.yaml in `c:\\Dev\\focus-bonus-app\\dataconnect`\n"}}
[debug] [2025-07-18T13:36:25.465Z] E0718 10:36:25.464391   17492 watch.go:76] watchAllDir unable to walk dir `c:\Dev\focus-bonus-app\dataconnect`: on path "c:\\Dev\\focus-bonus-app\\dataconnect" (DirEntry: <nil>): CreateFile c:\Dev\focus-bonus-app\dataconnect: The system cannot find the file specified.
 {"metadata":{"emulator":{"name":"dataconnect"},"message":"E0718 10:36:25.464391   17492 watch.go:76] watchAllDir unable to walk dir `c:\\Dev\\focus-bonus-app\\dataconnect`: on path \"c:\\\\Dev\\\\focus-bonus-app\\\\dataconnect\" (DirEntry: <nil>): CreateFile c:\\Dev\\focus-bonus-app\\dataconnect: The system cannot find the file specified.\n"}}
[debug] [2025-07-18T13:36:35.465Z] E0718 10:36:35.465557   17492 load.go:23] Could not load config from "c:\\Dev\\focus-bonus-app\\dataconnect": could not find dataconnect.yaml in `c:\Dev\focus-bonus-app\dataconnect`
 {"metadata":{"emulator":{"name":"dataconnect"},"message":"E0718 10:36:35.465557   17492 load.go:23] Could not load config from \"c:\\\\Dev\\\\focus-bonus-app\\\\dataconnect\": could not find dataconnect.yaml in `c:\\Dev\\focus-bonus-app\\dataconnect`\n"}}
[debug] [2025-07-18T13:36:45.465Z] E0718 10:36:45.465057   17492 load.go:23] Could not load config from "c:\\Dev\\focus-bonus-app\\dataconnect": could not find dataconnect.yaml in `c:\Dev\focus-bonus-app\dataconnect`
 {"metadata":{"emulator":{"name":"dataconnect"},"message":"E0718 10:36:45.465057   17492 load.go:23] Could not load config from \"c:\\\\Dev\\\\focus-bonus-app\\\\dataconnect\": could not find dataconnect.yaml in `c:\\Dev\\focus-bonus-app\\dataconnect`\n"}}
[debug] [2025-07-18T13:36:55.464Z] E0718 10:36:55.464451   17492 load.go:23] Could not load config from "c:\\Dev\\focus-bonus-app\\dataconnect": could not find dataconnect.yaml in `c:\Dev\focus-bonus-app\dataconnect`
 {"metadata":{"emulator":{"name":"dataconnect"},"message":"E0718 10:36:55.464451   17492 load.go:23] Could not load config from \"c:\\\\Dev\\\\focus-bonus-app\\\\dataconnect\": could not find dataconnect.yaml in `c:\\Dev\\focus-bonus-app\\dataconnect`\n"}}
[debug] [2025-07-18T13:37:05.464Z] E0718 10:37:05.464383   17492 load.go:23] Could not load config from "c:\\Dev\\focus-bonus-app\\dataconnect": could not find dataconnect.yaml in `c:\Dev\focus-bonus-app\dataconnect`
 {"metadata":{"emulator":{"name":"dataconnect"},"message":"E0718 10:37:05.464383   17492 load.go:23] Could not load config from \"c:\\\\Dev\\\\focus-bonus-app\\\\dataconnect\": could not find dataconnect.yaml in `c:\\Dev\\focus-bonus-app\\dataconnect`\n"}}
[debug] [2025-07-18T13:37:15.465Z] E0718 10:37:15.465279   17492 load.go:23] Could not load config from "c:\\Dev\\focus-bonus-app\\dataconnect": could not find dataconnect.yaml in `c:\Dev\focus-bonus-app\dataconnect`
 {"metadata":{"emulator":{"name":"dataconnect"},"message":"E0718 10:37:15.465279   17492 load.go:23] Could not load config from \"c:\\\\Dev\\\\focus-bonus-app\\\\dataconnect\": could not find dataconnect.yaml in `c:\\Dev\\focus-bonus-app\\dataconnect`\n"}}
[debug] [2025-07-18T13:37:25.466Z] E0718 10:37:25.464721   17492 load.go:23] Could not load config from "c:\\Dev\\focus-bonus-app\\dataconnect": could not find dataconnect.yaml in `c:\Dev\focus-bonus-app\dataconnect`
 {"metadata":{"emulator":{"name":"dataconnect"},"message":"E0718 10:37:25.464721   17492 load.go:23] Could not load config from \"c:\\\\Dev\\\\focus-bonus-app\\\\dataconnect\": could not find dataconnect.yaml in `c:\\Dev\\focus-bonus-app\\dataconnect`\n"}}
[debug] [2025-07-18T13:37:35.464Z] E0718 10:37:35.464436   17492 load.go:23] Could not load config from "c:\\Dev\\focus-bonus-app\\dataconnect": could not find dataconnect.yaml in `c:\Dev\focus-bonus-app\dataconnect`
 {"metadata":{"emulator":{"name":"dataconnect"},"message":"E0718 10:37:35.464436   17492 load.go:23] Could not load config from \"c:\\\\Dev\\\\focus-bonus-app\\\\dataconnect\": could not find dataconnect.yaml in `c:\\Dev\\focus-bonus-app\\dataconnect`\n"}}
[debug] [2025-07-18T13:37:45.465Z] E0718 10:37:45.465024   17492 load.go:23] Could not load config from "c:\\Dev\\focus-bonus-app\\dataconnect": could not find dataconnect.yaml in `c:\Dev\focus-bonus-app\dataconnect`
 {"metadata":{"emulator":{"name":"dataconnect"},"message":"E0718 10:37:45.465024   17492 load.go:23] Could not load config from \"c:\\\\Dev\\\\focus-bonus-app\\\\dataconnect\": could not find dataconnect.yaml in `c:\\Dev\\focus-bonus-app\\dataconnect`\n"}}
[debug] [2025-07-18T13:37:55.464Z] E0718 10:37:55.464356   17492 load.go:23] Could not load config from "c:\\Dev\\focus-bonus-app\\dataconnect": could not find dataconnect.yaml in `c:\Dev\focus-bonus-app\dataconnect`
 {"metadata":{"emulator":{"name":"dataconnect"},"message":"E0718 10:37:55.464356   17492 load.go:23] Could not load config from \"c:\\\\Dev\\\\focus-bonus-app\\\\dataconnect\": could not find dataconnect.yaml in `c:\\Dev\\focus-bonus-app\\dataconnect`\n"}}
[debug] [2025-07-18T13:38:05.465Z] E0718 10:38:05.464887   17492 load.go:23] Could not load config from "c:\\Dev\\focus-bonus-app\\dataconnect": could not find dataconnect.yaml in `c:\Dev\focus-bonus-app\dataconnect`
 {"metadata":{"emulator":{"name":"dataconnect"},"message":"E0718 10:38:05.464887   17492 load.go:23] Could not load config from \"c:\\\\Dev\\\\focus-bonus-app\\\\dataconnect\": could not find dataconnect.yaml in `c:\\Dev\\focus-bonus-app\\dataconnect`\n"}}
[debug] [2025-07-18T13:38:15.464Z] E0718 10:38:15.464295   17492 load.go:23] Could not load config from "c:\\Dev\\focus-bonus-app\\dataconnect": could not find dataconnect.yaml in `c:\Dev\focus-bonus-app\dataconnect`
 {"metadata":{"emulator":{"name":"dataconnect"},"message":"E0718 10:38:15.464295   17492 load.go:23] Could not load config from \"c:\\\\Dev\\\\focus-bonus-app\\\\dataconnect\": could not find dataconnect.yaml in `c:\\Dev\\focus-bonus-app\\dataconnect`\n"}}
[debug] [2025-07-18T13:38:25.465Z] E0718 10:38:25.465062   17492 load.go:23] Could not load config from "c:\\Dev\\focus-bonus-app\\dataconnect": could not find dataconnect.yaml in `c:\Dev\focus-bonus-app\dataconnect`
E0718 10:38:25.465062   17492 watch.go:76] watchAllDir unable to walk dir `c:\Dev\focus-bonus-app\dataconnect`: on path "c:\\Dev\\focus-bonus-app\\dataconnect" (DirEntry: <nil>): CreateFile c:\Dev\focus-bonus-app\dataconnect: The system cannot find the file specified.
 {"metadata":{"emulator":{"name":"dataconnect"},"message":"E0718 10:38:25.465062   17492 load.go:23] Could not load config from \"c:\\\\Dev\\\\focus-bonus-app\\\\dataconnect\": could not find dataconnect.yaml in `c:\\Dev\\focus-bonus-app\\dataconnect`\nE0718 10:38:25.465062   17492 watch.go:76] watchAllDir unable to walk dir `c:\\Dev\\focus-bonus-app\\dataconnect`: on path \"c:\\\\Dev\\\\focus-bonus-app\\\\dataconnect\" (DirEntry: <nil>): CreateFile c:\\Dev\\focus-bonus-app\\dataconnect: The system cannot find the file specified.\n"}}
[debug] [2025-07-18T13:38:35.465Z] E0718 10:38:35.464517   17492 load.go:23] Could not load config from "c:\\Dev\\focus-bonus-app\\dataconnect": could not find dataconnect.yaml in `c:\Dev\focus-bonus-app\dataconnect`
 {"metadata":{"emulator":{"name":"dataconnect"},"message":"E0718 10:38:35.464517   17492 load.go:23] Could not load config from \"c:\\\\Dev\\\\focus-bonus-app\\\\dataconnect\": could not find dataconnect.yaml in `c:\\Dev\\focus-bonus-app\\dataconnect`\n"}}
[debug] [2025-07-18T13:38:45.465Z] E0718 10:38:45.465453   17492 load.go:23] Could not load config from "c:\\Dev\\focus-bonus-app\\dataconnect": could not find dataconnect.yaml in `c:\Dev\focus-bonus-app\dataconnect`
 {"metadata":{"emulator":{"name":"dataconnect"},"message":"E0718 10:38:45.465453   17492 load.go:23] Could not load config from \"c:\\\\Dev\\\\focus-bonus-app\\\\dataconnect\": could not find dataconnect.yaml in `c:\\Dev\\focus-bonus-app\\dataconnect`\n"}}
[debug] [2025-07-18T13:38:55.465Z] E0718 10:38:55.464763   17492 load.go:23] Could not load config from "c:\\Dev\\focus-bonus-app\\dataconnect": could not find dataconnect.yaml in `c:\Dev\focus-bonus-app\dataconnect`
 {"metadata":{"emulator":{"name":"dataconnect"},"message":"E0718 10:38:55.464763   17492 load.go:23] Could not load config from \"c:\\\\Dev\\\\focus-bonus-app\\\\dataconnect\": could not find dataconnect.yaml in `c:\\Dev\\focus-bonus-app\\dataconnect`\n"}}
[debug] [2025-07-18T13:39:05.465Z] E0718 10:39:05.465018   17492 load.go:23] Could not load config from "c:\\Dev\\focus-bonus-app\\dataconnect": could not find dataconnect.yaml in `c:\Dev\focus-bonus-app\dataconnect`
 {"metadata":{"emulator":{"name":"dataconnect"},"message":"E0718 10:39:05.465018   17492 load.go:23] Could not load config from \"c:\\\\Dev\\\\focus-bonus-app\\\\dataconnect\": could not find dataconnect.yaml in `c:\\Dev\\focus-bonus-app\\dataconnect`\n"}}
[debug] [2025-07-18T13:39:15.464Z] E0718 10:39:15.464694   17492 load.go:23] Could not load config from "c:\\Dev\\focus-bonus-app\\dataconnect": could not find dataconnect.yaml in `c:\Dev\focus-bonus-app\dataconnect`
 {"metadata":{"emulator":{"name":"dataconnect"},"message":"E0718 10:39:15.464694   17492 load.go:23] Could not load config from \"c:\\\\Dev\\\\focus-bonus-app\\\\dataconnect\": could not find dataconnect.yaml in `c:\\Dev\\focus-bonus-app\\dataconnect`\n"}}
[debug] [2025-07-18T13:39:25.464Z] E0718 10:39:25.464954   17492 load.go:23] Could not load config from "c:\\Dev\\focus-bonus-app\\dataconnect": could not find dataconnect.yaml in `c:\Dev\focus-bonus-app\dataconnect`
 {"metadata":{"emulator":{"name":"dataconnect"},"message":"E0718 10:39:25.464954   17492 load.go:23] Could not load config from \"c:\\\\Dev\\\\focus-bonus-app\\\\dataconnect\": could not find dataconnect.yaml in `c:\\Dev\\focus-bonus-app\\dataconnect`\n"}}
[debug] [2025-07-18T13:39:35.464Z] E0718 10:39:35.464720   17492 load.go:23] Could not load config from "c:\\Dev\\focus-bonus-app\\dataconnect": could not find dataconnect.yaml in `c:\Dev\focus-bonus-app\dataconnect`
 {"metadata":{"emulator":{"name":"dataconnect"},"message":"E0718 10:39:35.464720   17492 load.go:23] Could not load config from \"c:\\\\Dev\\\\focus-bonus-app\\\\dataconnect\": could not find dataconnect.yaml in `c:\\Dev\\focus-bonus-app\\dataconnect`\n"}}
[debug] [2025-07-18T13:39:45.464Z] E0718 10:39:45.464537   17492 load.go:23] Could not load config from "c:\\Dev\\focus-bonus-app\\dataconnect": could not find dataconnect.yaml in `c:\Dev\focus-bonus-app\dataconnect`
 {"metadata":{"emulator":{"name":"dataconnect"},"message":"E0718 10:39:45.464537   17492 load.go:23] Could not load config from \"c:\\\\Dev\\\\focus-bonus-app\\\\dataconnect\": could not find dataconnect.yaml in `c:\\Dev\\focus-bonus-app\\dataconnect`\n"}}
[debug] [2025-07-18T13:39:55.464Z] E0718 10:39:55.464550   17492 load.go:23] Could not load config from "c:\\Dev\\focus-bonus-app\\dataconnect": could not find dataconnect.yaml in `c:\Dev\focus-bonus-app\dataconnect`
 {"metadata":{"emulator":{"name":"dataconnect"},"message":"E0718 10:39:55.464550   17492 load.go:23] Could not load config from \"c:\\\\Dev\\\\focus-bonus-app\\\\dataconnect\": could not find dataconnect.yaml in `c:\\Dev\\focus-bonus-app\\dataconnect`\n"}}
[debug] [2025-07-18T13:40:05.464Z] E0718 10:40:05.464790   17492 load.go:23] Could not load config from "c:\\Dev\\focus-bonus-app\\dataconnect": could not find dataconnect.yaml in `c:\Dev\focus-bonus-app\dataconnect`
 {"metadata":{"emulator":{"name":"dataconnect"},"message":"E0718 10:40:05.464790   17492 load.go:23] Could not load config from \"c:\\\\Dev\\\\focus-bonus-app\\\\dataconnect\": could not find dataconnect.yaml in `c:\\Dev\\focus-bonus-app\\dataconnect`\n"}}
[debug] [2025-07-18T13:40:15.464Z] E0718 10:40:15.464517   17492 load.go:23] Could not load config from "c:\\Dev\\focus-bonus-app\\dataconnect": could not find dataconnect.yaml in `c:\Dev\focus-bonus-app\dataconnect`
 {"metadata":{"emulator":{"name":"dataconnect"},"message":"E0718 10:40:15.464517   17492 load.go:23] Could not load config from \"c:\\\\Dev\\\\focus-bonus-app\\\\dataconnect\": could not find dataconnect.yaml in `c:\\Dev\\focus-bonus-app\\dataconnect`\n"}}
[debug] [2025-07-18T13:40:25.464Z] E0718 10:40:25.464420   17492 watch.go:76] watchAllDir unable to walk dir `c:\Dev\focus-bonus-app\dataconnect`: on path "c:\\Dev\\focus-bonus-app\\dataconnect" (DirEntry: <nil>): CreateFile c:\Dev\focus-bonus-app\dataconnect: The system cannot find the file specified.
E0718 10:40:25.464795   17492 load.go:23] Could not load config from "c:\\Dev\\focus-bonus-app\\dataconnect": could not find dataconnect.yaml in `c:\Dev\focus-bonus-app\dataconnect`
 {"metadata":{"emulator":{"name":"dataconnect"},"message":"E0718 10:40:25.464420   17492 watch.go:76] watchAllDir unable to walk dir `c:\\Dev\\focus-bonus-app\\dataconnect`: on path \"c:\\\\Dev\\\\focus-bonus-app\\\\dataconnect\" (DirEntry: <nil>): CreateFile c:\\Dev\\focus-bonus-app\\dataconnect: The system cannot find the file specified.\nE0718 10:40:25.464795   17492 load.go:23] Could not load config from \"c:\\\\Dev\\\\focus-bonus-app\\\\dataconnect\": could not find dataconnect.yaml in `c:\\Dev\\focus-bonus-app\\dataconnect`\n"}}
[debug] [2025-07-18T13:40:35.464Z] E0718 10:40:35.464750   17492 load.go:23] Could not load config from "c:\\Dev\\focus-bonus-app\\dataconnect": could not find dataconnect.yaml in `c:\Dev\focus-bonus-app\dataconnect`
 {"metadata":{"emulator":{"name":"dataconnect"},"message":"E0718 10:40:35.464750   17492 load.go:23] Could not load config from \"c:\\\\Dev\\\\focus-bonus-app\\\\dataconnect\": could not find dataconnect.yaml in `c:\\Dev\\focus-bonus-app\\dataconnect`\n"}}
[debug] [2025-07-18T13:40:45.464Z] E0718 10:40:45.464903   17492 load.go:23] Could not load config from "c:\\Dev\\focus-bonus-app\\dataconnect": could not find dataconnect.yaml in `c:\Dev\focus-bonus-app\dataconnect`
 {"metadata":{"emulator":{"name":"dataconnect"},"message":"E0718 10:40:45.464903   17492 load.go:23] Could not load config from \"c:\\\\Dev\\\\focus-bonus-app\\\\dataconnect\": could not find dataconnect.yaml in `c:\\Dev\\focus-bonus-app\\dataconnect`\n"}}
[debug] [2025-07-18T13:40:55.464Z] E0718 10:40:55.464619   17492 load.go:23] Could not load config from "c:\\Dev\\focus-bonus-app\\dataconnect": could not find dataconnect.yaml in `c:\Dev\focus-bonus-app\dataconnect`
 {"metadata":{"emulator":{"name":"dataconnect"},"message":"E0718 10:40:55.464619   17492 load.go:23] Could not load config from \"c:\\\\Dev\\\\focus-bonus-app\\\\dataconnect\": could not find dataconnect.yaml in `c:\\Dev\\focus-bonus-app\\dataconnect`\n"}}
[debug] [2025-07-18T13:41:05.464Z] E0718 10:41:05.464919   17492 load.go:23] Could not load config from "c:\\Dev\\focus-bonus-app\\dataconnect": could not find dataconnect.yaml in `c:\Dev\focus-bonus-app\dataconnect`
 {"metadata":{"emulator":{"name":"dataconnect"},"message":"E0718 10:41:05.464919   17492 load.go:23] Could not load config from \"c:\\\\Dev\\\\focus-bonus-app\\\\dataconnect\": could not find dataconnect.yaml in `c:\\Dev\\focus-bonus-app\\dataconnect`\n"}}
[debug] [2025-07-18T13:41:15.465Z] E0718 10:41:15.464582   17492 load.go:23] Could not load config from "c:\\Dev\\focus-bonus-app\\dataconnect": could not find dataconnect.yaml in `c:\Dev\focus-bonus-app\dataconnect`
 {"metadata":{"emulator":{"name":"dataconnect"},"message":"E0718 10:41:15.464582   17492 load.go:23] Could not load config from \"c:\\\\Dev\\\\focus-bonus-app\\\\dataconnect\": could not find dataconnect.yaml in `c:\\Dev\\focus-bonus-app\\dataconnect`\n"}}
[debug] [2025-07-18T13:41:25.465Z] E0718 10:41:25.464478   17492 load.go:23] Could not load config from "c:\\Dev\\focus-bonus-app\\dataconnect": could not find dataconnect.yaml in `c:\Dev\focus-bonus-app\dataconnect`
 {"metadata":{"emulator":{"name":"dataconnect"},"message":"E0718 10:41:25.464478   17492 load.go:23] Could not load config from \"c:\\\\Dev\\\\focus-bonus-app\\\\dataconnect\": could not find dataconnect.yaml in `c:\\Dev\\focus-bonus-app\\dataconnect`\n"}}
[debug] [2025-07-18T13:41:35.465Z] E0718 10:41:35.465165   17492 load.go:23] Could not load config from "c:\\Dev\\focus-bonus-app\\dataconnect": could not find dataconnect.yaml in `c:\Dev\focus-bonus-app\dataconnect`
 {"metadata":{"emulator":{"name":"dataconnect"},"message":"E0718 10:41:35.465165   17492 load.go:23] Could not load config from \"c:\\\\Dev\\\\focus-bonus-app\\\\dataconnect\": could not find dataconnect.yaml in `c:\\Dev\\focus-bonus-app\\dataconnect`\n"}}
[debug] [2025-07-18T13:41:45.465Z] E0718 10:41:45.464689   17492 load.go:23] Could not load config from "c:\\Dev\\focus-bonus-app\\dataconnect": could not find dataconnect.yaml in `c:\Dev\focus-bonus-app\dataconnect`
 {"metadata":{"emulator":{"name":"dataconnect"},"message":"E0718 10:41:45.464689   17492 load.go:23] Could not load config from \"c:\\\\Dev\\\\focus-bonus-app\\\\dataconnect\": could not find dataconnect.yaml in `c:\\Dev\\focus-bonus-app\\dataconnect`\n"}}
[debug] [2025-07-18T13:41:55.465Z] E0718 10:41:55.464740   17492 load.go:23] Could not load config from "c:\\Dev\\focus-bonus-app\\dataconnect": could not find dataconnect.yaml in `c:\Dev\focus-bonus-app\dataconnect`
 {"metadata":{"emulator":{"name":"dataconnect"},"message":"E0718 10:41:55.464740   17492 load.go:23] Could not load config from \"c:\\\\Dev\\\\focus-bonus-app\\\\dataconnect\": could not find dataconnect.yaml in `c:\\Dev\\focus-bonus-app\\dataconnect`\n"}}
[debug] [2025-07-18T13:42:05.464Z] E0718 10:42:05.464265   17492 load.go:23] Could not load config from "c:\\Dev\\focus-bonus-app\\dataconnect": could not find dataconnect.yaml in `c:\Dev\focus-bonus-app\dataconnect`
 {"metadata":{"emulator":{"name":"dataconnect"},"message":"E0718 10:42:05.464265   17492 load.go:23] Could not load config from \"c:\\\\Dev\\\\focus-bonus-app\\\\dataconnect\": could not find dataconnect.yaml in `c:\\Dev\\focus-bonus-app\\dataconnect`\n"}}
[debug] [2025-07-18T13:42:15.465Z] E0718 10:42:15.464509   17492 load.go:23] Could not load config from "c:\\Dev\\focus-bonus-app\\dataconnect": could not find dataconnect.yaml in `c:\Dev\focus-bonus-app\dataconnect`
 {"metadata":{"emulator":{"name":"dataconnect"},"message":"E0718 10:42:15.464509   17492 load.go:23] Could not load config from \"c:\\\\Dev\\\\focus-bonus-app\\\\dataconnect\": could not find dataconnect.yaml in `c:\\Dev\\focus-bonus-app\\dataconnect`\n"}}
[debug] [2025-07-18T13:42:25.464Z] E0718 10:42:25.464414   17492 load.go:23] Could not load config from "c:\\Dev\\focus-bonus-app\\dataconnect": could not find dataconnect.yaml in `c:\Dev\focus-bonus-app\dataconnect`
E0718 10:42:25.464414   17492 watch.go:76] watchAllDir unable to walk dir `c:\Dev\focus-bonus-app\dataconnect`: on path "c:\\Dev\\focus-bonus-app\\dataconnect" (DirEntry: <nil>): CreateFile c:\Dev\focus-bonus-app\dataconnect: The system cannot find the file specified.
 {"metadata":{"emulator":{"name":"dataconnect"},"message":"E0718 10:42:25.464414   17492 load.go:23] Could not load config from \"c:\\\\Dev\\\\focus-bonus-app\\\\dataconnect\": could not find dataconnect.yaml in `c:\\Dev\\focus-bonus-app\\dataconnect`\nE0718 10:42:25.464414   17492 watch.go:76] watchAllDir unable to walk dir `c:\\Dev\\focus-bonus-app\\dataconnect`: on path \"c:\\\\Dev\\\\focus-bonus-app\\\\dataconnect\" (DirEntry: <nil>): CreateFile c:\\Dev\\focus-bonus-app\\dataconnect: The system cannot find the file specified.\n"}}
[debug] [2025-07-18T13:42:35.465Z] E0718 10:42:35.464622   17492 load.go:23] Could not load config from "c:\\Dev\\focus-bonus-app\\dataconnect": could not find dataconnect.yaml in `c:\Dev\focus-bonus-app\dataconnect`
 {"metadata":{"emulator":{"name":"dataconnect"},"message":"E0718 10:42:35.464622   17492 load.go:23] Could not load config from \"c:\\\\Dev\\\\focus-bonus-app\\\\dataconnect\": could not find dataconnect.yaml in `c:\\Dev\\focus-bonus-app\\dataconnect`\n"}}
[debug] [2025-07-18T13:42:45.465Z] E0718 10:42:45.464598   17492 load.go:23] Could not load config from "c:\\Dev\\focus-bonus-app\\dataconnect": could not find dataconnect.yaml in `c:\Dev\focus-bonus-app\dataconnect`
 {"metadata":{"emulator":{"name":"dataconnect"},"message":"E0718 10:42:45.464598   17492 load.go:23] Could not load config from \"c:\\\\Dev\\\\focus-bonus-app\\\\dataconnect\": could not find dataconnect.yaml in `c:\\Dev\\focus-bonus-app\\dataconnect`\n"}}
[debug] [2025-07-18T13:42:55.465Z] E0718 10:42:55.464585   17492 load.go:23] Could not load config from "c:\\Dev\\focus-bonus-app\\dataconnect": could not find dataconnect.yaml in `c:\Dev\focus-bonus-app\dataconnect`
 {"metadata":{"emulator":{"name":"dataconnect"},"message":"E0718 10:42:55.464585   17492 load.go:23] Could not load config from \"c:\\\\Dev\\\\focus-bonus-app\\\\dataconnect\": could not find dataconnect.yaml in `c:\\Dev\\focus-bonus-app\\dataconnect`\n"}}
[debug] [2025-07-18T13:43:05.465Z] E0718 10:43:05.464598   17492 load.go:23] Could not load config from "c:\\Dev\\focus-bonus-app\\dataconnect": could not find dataconnect.yaml in `c:\Dev\focus-bonus-app\dataconnect`
 {"metadata":{"emulator":{"name":"dataconnect"},"message":"E0718 10:43:05.464598   17492 load.go:23] Could not load config from \"c:\\\\Dev\\\\focus-bonus-app\\\\dataconnect\": could not find dataconnect.yaml in `c:\\Dev\\focus-bonus-app\\dataconnect`\n"}}
[debug] [2025-07-18T13:43:15.465Z] E0718 10:43:15.464956   17492 load.go:23] Could not load config from "c:\\Dev\\focus-bonus-app\\dataconnect": could not find dataconnect.yaml in `c:\Dev\focus-bonus-app\dataconnect`
 {"metadata":{"emulator":{"name":"dataconnect"},"message":"E0718 10:43:15.464956   17492 load.go:23] Could not load config from \"c:\\\\Dev\\\\focus-bonus-app\\\\dataconnect\": could not find dataconnect.yaml in `c:\\Dev\\focus-bonus-app\\dataconnect`\n"}}
[debug] [2025-07-18T13:43:25.465Z] E0718 10:43:25.464769   17492 load.go:23] Could not load config from "c:\\Dev\\focus-bonus-app\\dataconnect": could not find dataconnect.yaml in `c:\Dev\focus-bonus-app\dataconnect`
 {"metadata":{"emulator":{"name":"dataconnect"},"message":"E0718 10:43:25.464769   17492 load.go:23] Could not load config from \"c:\\\\Dev\\\\focus-bonus-app\\\\dataconnect\": could not find dataconnect.yaml in `c:\\Dev\\focus-bonus-app\\dataconnect`\n"}}
[debug] [2025-07-18T13:43:35.465Z] E0718 10:43:35.464419   17492 load.go:23] Could not load config from "c:\\Dev\\focus-bonus-app\\dataconnect": could not find dataconnect.yaml in `c:\Dev\focus-bonus-app\dataconnect`
 {"metadata":{"emulator":{"name":"dataconnect"},"message":"E0718 10:43:35.464419   17492 load.go:23] Could not load config from \"c:\\\\Dev\\\\focus-bonus-app\\\\dataconnect\": could not find dataconnect.yaml in `c:\\Dev\\focus-bonus-app\\dataconnect`\n"}}
[debug] [2025-07-18T13:43:45.466Z] E0718 10:43:45.465938   17492 load.go:23] Could not load config from "c:\\Dev\\focus-bonus-app\\dataconnect": could not find dataconnect.yaml in `c:\Dev\focus-bonus-app\dataconnect`
 {"metadata":{"emulator":{"name":"dataconnect"},"message":"E0718 10:43:45.465938   17492 load.go:23] Could not load config from \"c:\\\\Dev\\\\focus-bonus-app\\\\dataconnect\": could not find dataconnect.yaml in `c:\\Dev\\focus-bonus-app\\dataconnect`\n"}}
[debug] [2025-07-18T13:43:55.465Z] E0718 10:43:55.465484   17492 load.go:23] Could not load config from "c:\\Dev\\focus-bonus-app\\dataconnect": could not find dataconnect.yaml in `c:\Dev\focus-bonus-app\dataconnect`
 {"metadata":{"emulator":{"name":"dataconnect"},"message":"E0718 10:43:55.465484   17492 load.go:23] Could not load config from \"c:\\\\Dev\\\\focus-bonus-app\\\\dataconnect\": could not find dataconnect.yaml in `c:\\Dev\\focus-bonus-app\\dataconnect`\n"}}
[debug] [2025-07-18T13:44:05.465Z] E0718 10:44:05.464282   17492 load.go:23] Could not load config from "c:\\Dev\\focus-bonus-app\\dataconnect": could not find dataconnect.yaml in `c:\Dev\focus-bonus-app\dataconnect`
 {"metadata":{"emulator":{"name":"dataconnect"},"message":"E0718 10:44:05.464282   17492 load.go:23] Could not load config from \"c:\\\\Dev\\\\focus-bonus-app\\\\dataconnect\": could not find dataconnect.yaml in `c:\\Dev\\focus-bonus-app\\dataconnect`\n"}}
[debug] [2025-07-18T13:44:15.466Z] E0718 10:44:15.464982   17492 load.go:23] Could not load config from "c:\\Dev\\focus-bonus-app\\dataconnect": could not find dataconnect.yaml in `c:\Dev\focus-bonus-app\dataconnect`
 {"metadata":{"emulator":{"name":"dataconnect"},"message":"E0718 10:44:15.464982   17492 load.go:23] Could not load config from \"c:\\\\Dev\\\\focus-bonus-app\\\\dataconnect\": could not find dataconnect.yaml in `c:\\Dev\\focus-bonus-app\\dataconnect`\n"}}
[debug] [2025-07-18T13:44:25.466Z] E0718 10:44:25.466234   17492 load.go:23] Could not load config from "c:\\Dev\\focus-bonus-app\\dataconnect": could not find dataconnect.yaml in `c:\Dev\focus-bonus-app\dataconnect`
E0718 10:44:25.466811   17492 watch.go:76] watchAllDir unable to walk dir `c:\Dev\focus-bonus-app\dataconnect`: on path "c:\\Dev\\focus-bonus-app\\dataconnect" (DirEntry: <nil>): CreateFile c:\Dev\focus-bonus-app\dataconnect: The system cannot find the file specified.
 {"metadata":{"emulator":{"name":"dataconnect"},"message":"E0718 10:44:25.466234   17492 load.go:23] Could not load config from \"c:\\\\Dev\\\\focus-bonus-app\\\\dataconnect\": could not find dataconnect.yaml in `c:\\Dev\\focus-bonus-app\\dataconnect`\nE0718 10:44:25.466811   17492 watch.go:76] watchAllDir unable to walk dir `c:\\Dev\\focus-bonus-app\\dataconnect`: on path \"c:\\\\Dev\\\\focus-bonus-app\\\\dataconnect\" (DirEntry: <nil>): CreateFile c:\\Dev\\focus-bonus-app\\dataconnect: The system cannot find the file specified.\n"}}
[debug] [2025-07-18T13:44:35.465Z] E0718 10:44:35.464578   17492 load.go:23] Could not load config from "c:\\Dev\\focus-bonus-app\\dataconnect": could not find dataconnect.yaml in `c:\Dev\focus-bonus-app\dataconnect`
 {"metadata":{"emulator":{"name":"dataconnect"},"message":"E0718 10:44:35.464578   17492 load.go:23] Could not load config from \"c:\\\\Dev\\\\focus-bonus-app\\\\dataconnect\": could not find dataconnect.yaml in `c:\\Dev\\focus-bonus-app\\dataconnect`\n"}}
[debug] [2025-07-18T13:44:45.464Z] E0718 10:44:45.464677   17492 load.go:23] Could not load config from "c:\\Dev\\focus-bonus-app\\dataconnect": could not find dataconnect.yaml in `c:\Dev\focus-bonus-app\dataconnect`
 {"metadata":{"emulator":{"name":"dataconnect"},"message":"E0718 10:44:45.464677   17492 load.go:23] Could not load config from \"c:\\\\Dev\\\\focus-bonus-app\\\\dataconnect\": could not find dataconnect.yaml in `c:\\Dev\\focus-bonus-app\\dataconnect`\n"}}
[debug] [2025-07-18T13:44:55.464Z] E0718 10:44:55.464636   17492 load.go:23] Could not load config from "c:\\Dev\\focus-bonus-app\\dataconnect": could not find dataconnect.yaml in `c:\Dev\focus-bonus-app\dataconnect`
 {"metadata":{"emulator":{"name":"dataconnect"},"message":"E0718 10:44:55.464636   17492 load.go:23] Could not load config from \"c:\\\\Dev\\\\focus-bonus-app\\\\dataconnect\": could not find dataconnect.yaml in `c:\\Dev\\focus-bonus-app\\dataconnect`\n"}}
[debug] [2025-07-18T13:45:05.465Z] E0718 10:45:05.464724   17492 load.go:23] Could not load config from "c:\\Dev\\focus-bonus-app\\dataconnect": could not find dataconnect.yaml in `c:\Dev\focus-bonus-app\dataconnect`
 {"metadata":{"emulator":{"name":"dataconnect"},"message":"E0718 10:45:05.464724   17492 load.go:23] Could not load config from \"c:\\\\Dev\\\\focus-bonus-app\\\\dataconnect\": could not find dataconnect.yaml in `c:\\Dev\\focus-bonus-app\\dataconnect`\n"}}
[debug] [2025-07-18T13:45:15.465Z] E0718 10:45:15.465022   17492 load.go:23] Could not load config from "c:\\Dev\\focus-bonus-app\\dataconnect": could not find dataconnect.yaml in `c:\Dev\focus-bonus-app\dataconnect`
 {"metadata":{"emulator":{"name":"dataconnect"},"message":"E0718 10:45:15.465022   17492 load.go:23] Could not load config from \"c:\\\\Dev\\\\focus-bonus-app\\\\dataconnect\": could not find dataconnect.yaml in `c:\\Dev\\focus-bonus-app\\dataconnect`\n"}}
[debug] [2025-07-18T13:45:25.464Z] E0718 10:45:25.464461   17492 load.go:23] Could not load config from "c:\\Dev\\focus-bonus-app\\dataconnect": could not find dataconnect.yaml in `c:\Dev\focus-bonus-app\dataconnect`
 {"metadata":{"emulator":{"name":"dataconnect"},"message":"E0718 10:45:25.464461   17492 load.go:23] Could not load config from \"c:\\\\Dev\\\\focus-bonus-app\\\\dataconnect\": could not find dataconnect.yaml in `c:\\Dev\\focus-bonus-app\\dataconnect`\n"}}
[debug] [2025-07-18T13:45:35.464Z] E0718 10:45:35.464659   17492 load.go:23] Could not load config from "c:\\Dev\\focus-bonus-app\\dataconnect": could not find dataconnect.yaml in `c:\Dev\focus-bonus-app\dataconnect`
 {"metadata":{"emulator":{"name":"dataconnect"},"message":"E0718 10:45:35.464659   17492 load.go:23] Could not load config from \"c:\\\\Dev\\\\focus-bonus-app\\\\dataconnect\": could not find dataconnect.yaml in `c:\\Dev\\focus-bonus-app\\dataconnect`\n"}}
[debug] [2025-07-18T13:45:45.464Z] E0718 10:45:45.464726   17492 load.go:23] Could not load config from "c:\\Dev\\focus-bonus-app\\dataconnect": could not find dataconnect.yaml in `c:\Dev\focus-bonus-app\dataconnect`
 {"metadata":{"emulator":{"name":"dataconnect"},"message":"E0718 10:45:45.464726   17492 load.go:23] Could not load config from \"c:\\\\Dev\\\\focus-bonus-app\\\\dataconnect\": could not find dataconnect.yaml in `c:\\Dev\\focus-bonus-app\\dataconnect`\n"}}
[debug] [2025-07-18T13:45:55.464Z] E0718 10:45:55.464442   17492 load.go:23] Could not load config from "c:\\Dev\\focus-bonus-app\\dataconnect": could not find dataconnect.yaml in `c:\Dev\focus-bonus-app\dataconnect`
 {"metadata":{"emulator":{"name":"dataconnect"},"message":"E0718 10:45:55.464442   17492 load.go:23] Could not load config from \"c:\\\\Dev\\\\focus-bonus-app\\\\dataconnect\": could not find dataconnect.yaml in `c:\\Dev\\focus-bonus-app\\dataconnect`\n"}}
[debug] [2025-07-18T13:46:05.464Z] E0718 10:46:05.464691   17492 load.go:23] Could not load config from "c:\\Dev\\focus-bonus-app\\dataconnect": could not find dataconnect.yaml in `c:\Dev\focus-bonus-app\dataconnect`
 {"metadata":{"emulator":{"name":"dataconnect"},"message":"E0718 10:46:05.464691   17492 load.go:23] Could not load config from \"c:\\\\Dev\\\\focus-bonus-app\\\\dataconnect\": could not find dataconnect.yaml in `c:\\Dev\\focus-bonus-app\\dataconnect`\n"}}
[debug] [2025-07-18T13:46:15.465Z] E0718 10:46:15.464497   17492 load.go:23] Could not load config from "c:\\Dev\\focus-bonus-app\\dataconnect": could not find dataconnect.yaml in `c:\Dev\focus-bonus-app\dataconnect`
 {"metadata":{"emulator":{"name":"dataconnect"},"message":"E0718 10:46:15.464497   17492 load.go:23] Could not load config from \"c:\\\\Dev\\\\focus-bonus-app\\\\dataconnect\": could not find dataconnect.yaml in `c:\\Dev\\focus-bonus-app\\dataconnect`\n"}}
[debug] [2025-07-18T13:46:25.465Z] E0718 10:46:25.464891   17492 load.go:23] Could not load config from "c:\\Dev\\focus-bonus-app\\dataconnect": could not find dataconnect.yaml in `c:\Dev\focus-bonus-app\dataconnect`
E0718 10:46:25.465483   17492 watch.go:76] watchAllDir unable to walk dir `c:\Dev\focus-bonus-app\dataconnect`: on path "c:\\Dev\\focus-bonus-app\\dataconnect" (DirEntry: <nil>): CreateFile c:\Dev\focus-bonus-app\dataconnect: The system cannot find the file specified.
 {"metadata":{"emulator":{"name":"dataconnect"},"message":"E0718 10:46:25.464891   17492 load.go:23] Could not load config from \"c:\\\\Dev\\\\focus-bonus-app\\\\dataconnect\": could not find dataconnect.yaml in `c:\\Dev\\focus-bonus-app\\dataconnect`\nE0718 10:46:25.465483   17492 watch.go:76] watchAllDir unable to walk dir `c:\\Dev\\focus-bonus-app\\dataconnect`: on path \"c:\\\\Dev\\\\focus-bonus-app\\\\dataconnect\" (DirEntry: <nil>): CreateFile c:\\Dev\\focus-bonus-app\\dataconnect: The system cannot find the file specified.\n"}}
[debug] [2025-07-18T13:46:35.465Z] E0718 10:46:35.464544   17492 load.go:23] Could not load config from "c:\\Dev\\focus-bonus-app\\dataconnect": could not find dataconnect.yaml in `c:\Dev\focus-bonus-app\dataconnect`
 {"metadata":{"emulator":{"name":"dataconnect"},"message":"E0718 10:46:35.464544   17492 load.go:23] Could not load config from \"c:\\\\Dev\\\\focus-bonus-app\\\\dataconnect\": could not find dataconnect.yaml in `c:\\Dev\\focus-bonus-app\\dataconnect`\n"}}
[debug] [2025-07-18T13:46:45.465Z] E0718 10:46:45.464737   17492 load.go:23] Could not load config from "c:\\Dev\\focus-bonus-app\\dataconnect": could not find dataconnect.yaml in `c:\Dev\focus-bonus-app\dataconnect`
 {"metadata":{"emulator":{"name":"dataconnect"},"message":"E0718 10:46:45.464737   17492 load.go:23] Could not load config from \"c:\\\\Dev\\\\focus-bonus-app\\\\dataconnect\": could not find dataconnect.yaml in `c:\\Dev\\focus-bonus-app\\dataconnect`\n"}}
[debug] [2025-07-18T13:46:55.465Z] E0718 10:46:55.464938   17492 load.go:23] Could not load config from "c:\\Dev\\focus-bonus-app\\dataconnect": could not find dataconnect.yaml in `c:\Dev\focus-bonus-app\dataconnect`
 {"metadata":{"emulator":{"name":"dataconnect"},"message":"E0718 10:46:55.464938   17492 load.go:23] Could not load config from \"c:\\\\Dev\\\\focus-bonus-app\\\\dataconnect\": could not find dataconnect.yaml in `c:\\Dev\\focus-bonus-app\\dataconnect`\n"}}
[debug] [2025-07-18T13:47:05.465Z] E0718 10:47:05.464396   17492 load.go:23] Could not load config from "c:\\Dev\\focus-bonus-app\\dataconnect": could not find dataconnect.yaml in `c:\Dev\focus-bonus-app\dataconnect`
 {"metadata":{"emulator":{"name":"dataconnect"},"message":"E0718 10:47:05.464396   17492 load.go:23] Could not load config from \"c:\\\\Dev\\\\focus-bonus-app\\\\dataconnect\": could not find dataconnect.yaml in `c:\\Dev\\focus-bonus-app\\dataconnect`\n"}}
[debug] [2025-07-18T16:25:33.120Z] E0718 13:25:33.105245   17492 watch.go:76] watchAllDir unable to walk dir `c:\Dev\focus-bonus-app\dataconnect`: on path "c:\\Dev\\focus-bonus-app\\dataconnect" (DirEntry: <nil>): CreateFile c:\Dev\focus-bonus-app\dataconnect: The system cannot find the file specified.
E0718 13:25:33.105245   17492 load.go:23] Could not load config from "c:\\Dev\\focus-bonus-app\\dataconnect": could not find dataconnect.yaml in `c:\Dev\focus-bonus-app\dataconnect`
 {"metadata":{"emulator":{"name":"dataconnect"},"message":"E0718 13:25:33.105245   17492 watch.go:76] watchAllDir unable to walk dir `c:\\Dev\\focus-bonus-app\\dataconnect`: on path \"c:\\\\Dev\\\\focus-bonus-app\\\\dataconnect\" (DirEntry: <nil>): CreateFile c:\\Dev\\focus-bonus-app\\dataconnect: The system cannot find the file specified.\nE0718 13:25:33.105245   17492 load.go:23] Could not load config from \"c:\\\\Dev\\\\focus-bonus-app\\\\dataconnect\": could not find dataconnect.yaml in `c:\\Dev\\focus-bonus-app\\dataconnect`\n"}}
[debug] [2025-07-18T16:25:35.465Z] E0718 13:25:35.465355   17492 load.go:23] Could not load config from "c:\\Dev\\focus-bonus-app\\dataconnect": could not find dataconnect.yaml in `c:\Dev\focus-bonus-app\dataconnect`
 {"metadata":{"emulator":{"name":"dataconnect"},"message":"E0718 13:25:35.465355   17492 load.go:23] Could not load config from \"c:\\\\Dev\\\\focus-bonus-app\\\\dataconnect\": could not find dataconnect.yaml in `c:\\Dev\\focus-bonus-app\\dataconnect`\n"}}
[debug] [2025-07-18T16:25:45.467Z] E0718 13:25:45.465542   17492 load.go:23] Could not load config from "c:\\Dev\\focus-bonus-app\\dataconnect": could not find dataconnect.yaml in `c:\Dev\focus-bonus-app\dataconnect`
 {"metadata":{"emulator":{"name":"dataconnect"},"message":"E0718 13:25:45.465542   17492 load.go:23] Could not load config from \"c:\\\\Dev\\\\focus-bonus-app\\\\dataconnect\": could not find dataconnect.yaml in `c:\\Dev\\focus-bonus-app\\dataconnect`\n"}}
[debug] [2025-07-18T16:25:55.465Z] E0718 13:25:55.465022   17492 load.go:23] Could not load config from "c:\\Dev\\focus-bonus-app\\dataconnect": could not find dataconnect.yaml in `c:\Dev\focus-bonus-app\dataconnect`
 {"metadata":{"emulator":{"name":"dataconnect"},"message":"E0718 13:25:55.465022   17492 load.go:23] Could not load config from \"c:\\\\Dev\\\\focus-bonus-app\\\\dataconnect\": could not find dataconnect.yaml in `c:\\Dev\\focus-bonus-app\\dataconnect`\n"}}
[debug] [2025-07-18T16:26:05.465Z] E0718 13:26:05.465475   17492 load.go:23] Could not load config from "c:\\Dev\\focus-bonus-app\\dataconnect": could not find dataconnect.yaml in `c:\Dev\focus-bonus-app\dataconnect`
 {"metadata":{"emulator":{"name":"dataconnect"},"message":"E0718 13:26:05.465475   17492 load.go:23] Could not load config from \"c:\\\\Dev\\\\focus-bonus-app\\\\dataconnect\": could not find dataconnect.yaml in `c:\\Dev\\focus-bonus-app\\dataconnect`\n"}}
[debug] [2025-07-18T16:26:15.464Z] E0718 13:26:15.464508   17492 load.go:23] Could not load config from "c:\\Dev\\focus-bonus-app\\dataconnect": could not find dataconnect.yaml in `c:\Dev\focus-bonus-app\dataconnect`
 {"metadata":{"emulator":{"name":"dataconnect"},"message":"E0718 13:26:15.464508   17492 load.go:23] Could not load config from \"c:\\\\Dev\\\\focus-bonus-app\\\\dataconnect\": could not find dataconnect.yaml in `c:\\Dev\\focus-bonus-app\\dataconnect`\n"}}
[debug] [2025-07-18T16:26:25.464Z] E0718 13:26:25.464717   17492 load.go:23] Could not load config from "c:\\Dev\\focus-bonus-app\\dataconnect": could not find dataconnect.yaml in `c:\Dev\focus-bonus-app\dataconnect`
E0718 13:26:25.464717   17492 watch.go:76] watchAllDir unable to walk dir `c:\Dev\focus-bonus-app\dataconnect`: on path "c:\\Dev\\focus-bonus-app\\dataconnect" (DirEntry: <nil>): CreateFile c:\Dev\focus-bonus-app\dataconnect: The system cannot find the file specified.
 {"metadata":{"emulator":{"name":"dataconnect"},"message":"E0718 13:26:25.464717   17492 load.go:23] Could not load config from \"c:\\\\Dev\\\\focus-bonus-app\\\\dataconnect\": could not find dataconnect.yaml in `c:\\Dev\\focus-bonus-app\\dataconnect`\nE0718 13:26:25.464717   17492 watch.go:76] watchAllDir unable to walk dir `c:\\Dev\\focus-bonus-app\\dataconnect`: on path \"c:\\\\Dev\\\\focus-bonus-app\\\\dataconnect\" (DirEntry: <nil>): CreateFile c:\\Dev\\focus-bonus-app\\dataconnect: The system cannot find the file specified.\n"}}
[debug] [2025-07-18T16:26:35.467Z] E0718 13:26:35.465994   17492 load.go:23] Could not load config from "c:\\Dev\\focus-bonus-app\\dataconnect": could not find dataconnect.yaml in `c:\Dev\focus-bonus-app\dataconnect`
 {"metadata":{"emulator":{"name":"dataconnect"},"message":"E0718 13:26:35.465994   17492 load.go:23] Could not load config from \"c:\\\\Dev\\\\focus-bonus-app\\\\dataconnect\": could not find dataconnect.yaml in `c:\\Dev\\focus-bonus-app\\dataconnect`\n"}}
[debug] [2025-07-18T16:26:45.464Z] E0718 13:26:45.464944   17492 load.go:23] Could not load config from "c:\\Dev\\focus-bonus-app\\dataconnect": could not find dataconnect.yaml in `c:\Dev\focus-bonus-app\dataconnect`
 {"metadata":{"emulator":{"name":"dataconnect"},"message":"E0718 13:26:45.464944   17492 load.go:23] Could not load config from \"c:\\\\Dev\\\\focus-bonus-app\\\\dataconnect\": could not find dataconnect.yaml in `c:\\Dev\\focus-bonus-app\\dataconnect`\n"}}
[debug] [2025-07-18T16:26:55.464Z] E0718 13:26:55.465397   17492 load.go:23] Could not load config from "c:\\Dev\\focus-bonus-app\\dataconnect": could not find dataconnect.yaml in `c:\Dev\focus-bonus-app\dataconnect`
 {"metadata":{"emulator":{"name":"dataconnect"},"message":"E0718 13:26:55.465397   17492 load.go:23] Could not load config from \"c:\\\\Dev\\\\focus-bonus-app\\\\dataconnect\": could not find dataconnect.yaml in `c:\\Dev\\focus-bonus-app\\dataconnect`\n"}}
[debug] [2025-07-18T16:27:05.464Z] E0718 13:27:05.464315   17492 load.go:23] Could not load config from "c:\\Dev\\focus-bonus-app\\dataconnect": could not find dataconnect.yaml in `c:\Dev\focus-bonus-app\dataconnect`
 {"metadata":{"emulator":{"name":"dataconnect"},"message":"E0718 13:27:05.464315   17492 load.go:23] Could not load config from \"c:\\\\Dev\\\\focus-bonus-app\\\\dataconnect\": could not find dataconnect.yaml in `c:\\Dev\\focus-bonus-app\\dataconnect`\n"}}
[debug] [2025-07-18T16:27:15.464Z] E0718 13:27:15.464941   17492 load.go:23] Could not load config from "c:\\Dev\\focus-bonus-app\\dataconnect": could not find dataconnect.yaml in `c:\Dev\focus-bonus-app\dataconnect`
 {"metadata":{"emulator":{"name":"dataconnect"},"message":"E0718 13:27:15.464941   17492 load.go:23] Could not load config from \"c:\\\\Dev\\\\focus-bonus-app\\\\dataconnect\": could not find dataconnect.yaml in `c:\\Dev\\focus-bonus-app\\dataconnect`\n"}}
[debug] [2025-07-18T16:27:25.464Z] E0718 13:27:25.464852   17492 load.go:23] Could not load config from "c:\\Dev\\focus-bonus-app\\dataconnect": could not find dataconnect.yaml in `c:\Dev\focus-bonus-app\dataconnect`
 {"metadata":{"emulator":{"name":"dataconnect"},"message":"E0718 13:27:25.464852   17492 load.go:23] Could not load config from \"c:\\\\Dev\\\\focus-bonus-app\\\\dataconnect\": could not find dataconnect.yaml in `c:\\Dev\\focus-bonus-app\\dataconnect`\n"}}
[debug] [2025-07-18T16:27:35.466Z] E0718 13:27:35.465582   17492 load.go:23] Could not load config from "c:\\Dev\\focus-bonus-app\\dataconnect": could not find dataconnect.yaml in `c:\Dev\focus-bonus-app\dataconnect`
 {"metadata":{"emulator":{"name":"dataconnect"},"message":"E0718 13:27:35.465582   17492 load.go:23] Could not load config from \"c:\\\\Dev\\\\focus-bonus-app\\\\dataconnect\": could not find dataconnect.yaml in `c:\\Dev\\focus-bonus-app\\dataconnect`\n"}}
[debug] [2025-07-18T16:27:45.465Z] E0718 13:27:45.464741   17492 load.go:23] Could not load config from "c:\\Dev\\focus-bonus-app\\dataconnect": could not find dataconnect.yaml in `c:\Dev\focus-bonus-app\dataconnect`
 {"metadata":{"emulator":{"name":"dataconnect"},"message":"E0718 13:27:45.464741   17492 load.go:23] Could not load config from \"c:\\\\Dev\\\\focus-bonus-app\\\\dataconnect\": could not find dataconnect.yaml in `c:\\Dev\\focus-bonus-app\\dataconnect`\n"}}
[debug] [2025-07-18T16:27:55.465Z] E0718 13:27:55.465355   17492 load.go:23] Could not load config from "c:\\Dev\\focus-bonus-app\\dataconnect": could not find dataconnect.yaml in `c:\Dev\focus-bonus-app\dataconnect`
 {"metadata":{"emulator":{"name":"dataconnect"},"message":"E0718 13:27:55.465355   17492 load.go:23] Could not load config from \"c:\\\\Dev\\\\focus-bonus-app\\\\dataconnect\": could not find dataconnect.yaml in `c:\\Dev\\focus-bonus-app\\dataconnect`\n"}}
[debug] [2025-07-18T16:28:05.464Z] E0718 13:28:05.464382   17492 load.go:23] Could not load config from "c:\\Dev\\focus-bonus-app\\dataconnect": could not find dataconnect.yaml in `c:\Dev\focus-bonus-app\dataconnect`
 {"metadata":{"emulator":{"name":"dataconnect"},"message":"E0718 13:28:05.464382   17492 load.go:23] Could not load config from \"c:\\\\Dev\\\\focus-bonus-app\\\\dataconnect\": could not find dataconnect.yaml in `c:\\Dev\\focus-bonus-app\\dataconnect`\n"}}
[debug] [2025-07-18T16:28:15.465Z] E0718 13:28:15.464530   17492 load.go:23] Could not load config from "c:\\Dev\\focus-bonus-app\\dataconnect": could not find dataconnect.yaml in `c:\Dev\focus-bonus-app\dataconnect`
 {"metadata":{"emulator":{"name":"dataconnect"},"message":"E0718 13:28:15.464530   17492 load.go:23] Could not load config from \"c:\\\\Dev\\\\focus-bonus-app\\\\dataconnect\": could not find dataconnect.yaml in `c:\\Dev\\focus-bonus-app\\dataconnect`\n"}}
[debug] [2025-07-18T16:28:25.465Z] E0718 13:28:25.464751   17492 watch.go:76] watchAllDir unable to walk dir `c:\Dev\focus-bonus-app\dataconnect`: on path "c:\\Dev\\focus-bonus-app\\dataconnect" (DirEntry: <nil>): CreateFile c:\Dev\focus-bonus-app\dataconnect: The system cannot find the file specified.
 {"metadata":{"emulator":{"name":"dataconnect"},"message":"E0718 13:28:25.464751   17492 watch.go:76] watchAllDir unable to walk dir `c:\\Dev\\focus-bonus-app\\dataconnect`: on path \"c:\\\\Dev\\\\focus-bonus-app\\\\dataconnect\" (DirEntry: <nil>): CreateFile c:\\Dev\\focus-bonus-app\\dataconnect: The system cannot find the file specified.\n"}}
[debug] [2025-07-18T16:28:25.465Z] E0718 13:28:25.464751   17492 load.go:23] Could not load config from "c:\\Dev\\focus-bonus-app\\dataconnect": could not find dataconnect.yaml in `c:\Dev\focus-bonus-app\dataconnect`
 {"metadata":{"emulator":{"name":"dataconnect"},"message":"E0718 13:28:25.464751   17492 load.go:23] Could not load config from \"c:\\\\Dev\\\\focus-bonus-app\\\\dataconnect\": could not find dataconnect.yaml in `c:\\Dev\\focus-bonus-app\\dataconnect`\n"}}
[debug] [2025-07-18T16:28:35.465Z] E0718 13:28:35.465046   17492 load.go:23] Could not load config from "c:\\Dev\\focus-bonus-app\\dataconnect": could not find dataconnect.yaml in `c:\Dev\focus-bonus-app\dataconnect`
 {"metadata":{"emulator":{"name":"dataconnect"},"message":"E0718 13:28:35.465046   17492 load.go:23] Could not load config from \"c:\\\\Dev\\\\focus-bonus-app\\\\dataconnect\": could not find dataconnect.yaml in `c:\\Dev\\focus-bonus-app\\dataconnect`\n"}}
[debug] [2025-07-18T16:28:45.464Z] E0718 13:28:45.465052   17492 load.go:23] Could not load config from "c:\\Dev\\focus-bonus-app\\dataconnect": could not find dataconnect.yaml in `c:\Dev\focus-bonus-app\dataconnect`
 {"metadata":{"emulator":{"name":"dataconnect"},"message":"E0718 13:28:45.465052   17492 load.go:23] Could not load config from \"c:\\\\Dev\\\\focus-bonus-app\\\\dataconnect\": could not find dataconnect.yaml in `c:\\Dev\\focus-bonus-app\\dataconnect`\n"}}
[debug] [2025-07-18T16:28:55.464Z] E0718 13:28:55.464549   17492 load.go:23] Could not load config from "c:\\Dev\\focus-bonus-app\\dataconnect": could not find dataconnect.yaml in `c:\Dev\focus-bonus-app\dataconnect`
 {"metadata":{"emulator":{"name":"dataconnect"},"message":"E0718 13:28:55.464549   17492 load.go:23] Could not load config from \"c:\\\\Dev\\\\focus-bonus-app\\\\dataconnect\": could not find dataconnect.yaml in `c:\\Dev\\focus-bonus-app\\dataconnect`\n"}}
[debug] [2025-07-18T16:29:05.464Z] E0718 13:29:05.465111   17492 load.go:23] Could not load config from "c:\\Dev\\focus-bonus-app\\dataconnect": could not find dataconnect.yaml in `c:\Dev\focus-bonus-app\dataconnect`
 {"metadata":{"emulator":{"name":"dataconnect"},"message":"E0718 13:29:05.465111   17492 load.go:23] Could not load config from \"c:\\\\Dev\\\\focus-bonus-app\\\\dataconnect\": could not find dataconnect.yaml in `c:\\Dev\\focus-bonus-app\\dataconnect`\n"}}
[debug] [2025-07-18T16:29:15.464Z] E0718 13:29:15.464830   17492 load.go:23] Could not load config from "c:\\Dev\\focus-bonus-app\\dataconnect": could not find dataconnect.yaml in `c:\Dev\focus-bonus-app\dataconnect`
 {"metadata":{"emulator":{"name":"dataconnect"},"message":"E0718 13:29:15.464830   17492 load.go:23] Could not load config from \"c:\\\\Dev\\\\focus-bonus-app\\\\dataconnect\": could not find dataconnect.yaml in `c:\\Dev\\focus-bonus-app\\dataconnect`\n"}}
[debug] [2025-07-18T16:29:25.463Z] E0718 13:29:25.464437   17492 load.go:23] Could not load config from "c:\\Dev\\focus-bonus-app\\dataconnect": could not find dataconnect.yaml in `c:\Dev\focus-bonus-app\dataconnect`
 {"metadata":{"emulator":{"name":"dataconnect"},"message":"E0718 13:29:25.464437   17492 load.go:23] Could not load config from \"c:\\\\Dev\\\\focus-bonus-app\\\\dataconnect\": could not find dataconnect.yaml in `c:\\Dev\\focus-bonus-app\\dataconnect`\n"}}
[debug] [2025-07-18T16:29:35.464Z] E0718 13:29:35.464612   17492 load.go:23] Could not load config from "c:\\Dev\\focus-bonus-app\\dataconnect": could not find dataconnect.yaml in `c:\Dev\focus-bonus-app\dataconnect`
 {"metadata":{"emulator":{"name":"dataconnect"},"message":"E0718 13:29:35.464612   17492 load.go:23] Could not load config from \"c:\\\\Dev\\\\focus-bonus-app\\\\dataconnect\": could not find dataconnect.yaml in `c:\\Dev\\focus-bonus-app\\dataconnect`\n"}}
[debug] [2025-07-18T16:29:45.465Z] E0718 13:29:45.464450   17492 load.go:23] Could not load config from "c:\\Dev\\focus-bonus-app\\dataconnect": could not find dataconnect.yaml in `c:\Dev\focus-bonus-app\dataconnect`
 {"metadata":{"emulator":{"name":"dataconnect"},"message":"E0718 13:29:45.464450   17492 load.go:23] Could not load config from \"c:\\\\Dev\\\\focus-bonus-app\\\\dataconnect\": could not find dataconnect.yaml in `c:\\Dev\\focus-bonus-app\\dataconnect`\n"}}
[debug] [2025-07-18T16:29:55.464Z] E0718 13:29:55.464302   17492 load.go:23] Could not load config from "c:\\Dev\\focus-bonus-app\\dataconnect": could not find dataconnect.yaml in `c:\Dev\focus-bonus-app\dataconnect`
 {"metadata":{"emulator":{"name":"dataconnect"},"message":"E0718 13:29:55.464302   17492 load.go:23] Could not load config from \"c:\\\\Dev\\\\focus-bonus-app\\\\dataconnect\": could not find dataconnect.yaml in `c:\\Dev\\focus-bonus-app\\dataconnect`\n"}}
[debug] [2025-07-18T16:30:05.464Z] E0718 13:30:05.464273   17492 load.go:23] Could not load config from "c:\\Dev\\focus-bonus-app\\dataconnect": could not find dataconnect.yaml in `c:\Dev\focus-bonus-app\dataconnect`
 {"metadata":{"emulator":{"name":"dataconnect"},"message":"E0718 13:30:05.464273   17492 load.go:23] Could not load config from \"c:\\\\Dev\\\\focus-bonus-app\\\\dataconnect\": could not find dataconnect.yaml in `c:\\Dev\\focus-bonus-app\\dataconnect`\n"}}
[debug] [2025-07-18T16:30:15.465Z] E0718 13:30:15.464462   17492 load.go:23] Could not load config from "c:\\Dev\\focus-bonus-app\\dataconnect": could not find dataconnect.yaml in `c:\Dev\focus-bonus-app\dataconnect`
 {"metadata":{"emulator":{"name":"dataconnect"},"message":"E0718 13:30:15.464462   17492 load.go:23] Could not load config from \"c:\\\\Dev\\\\focus-bonus-app\\\\dataconnect\": could not find dataconnect.yaml in `c:\\Dev\\focus-bonus-app\\dataconnect`\n"}}
[debug] [2025-07-18T16:30:25.465Z] E0718 13:30:25.464869   17492 load.go:23] Could not load config from "c:\\Dev\\focus-bonus-app\\dataconnect": could not find dataconnect.yaml in `c:\Dev\focus-bonus-app\dataconnect`
E0718 13:30:25.464869   17492 watch.go:76] watchAllDir unable to walk dir `c:\Dev\focus-bonus-app\dataconnect`: on path "c:\\Dev\\focus-bonus-app\\dataconnect" (DirEntry: <nil>): CreateFile c:\Dev\focus-bonus-app\dataconnect: The system cannot find the file specified.
 {"metadata":{"emulator":{"name":"dataconnect"},"message":"E0718 13:30:25.464869   17492 load.go:23] Could not load config from \"c:\\\\Dev\\\\focus-bonus-app\\\\dataconnect\": could not find dataconnect.yaml in `c:\\Dev\\focus-bonus-app\\dataconnect`\nE0718 13:30:25.464869   17492 watch.go:76] watchAllDir unable to walk dir `c:\\Dev\\focus-bonus-app\\dataconnect`: on path \"c:\\\\Dev\\\\focus-bonus-app\\\\dataconnect\" (DirEntry: <nil>): CreateFile c:\\Dev\\focus-bonus-app\\dataconnect: The system cannot find the file specified.\n"}}
[debug] [2025-07-18T16:30:35.464Z] E0718 13:30:35.464536   17492 load.go:23] Could not load config from "c:\\Dev\\focus-bonus-app\\dataconnect": could not find dataconnect.yaml in `c:\Dev\focus-bonus-app\dataconnect`
 {"metadata":{"emulator":{"name":"dataconnect"},"message":"E0718 13:30:35.464536   17492 load.go:23] Could not load config from \"c:\\\\Dev\\\\focus-bonus-app\\\\dataconnect\": could not find dataconnect.yaml in `c:\\Dev\\focus-bonus-app\\dataconnect`\n"}}
[debug] [2025-07-18T16:30:45.465Z] E0718 13:30:45.464935   17492 load.go:23] Could not load config from "c:\\Dev\\focus-bonus-app\\dataconnect": could not find dataconnect.yaml in `c:\Dev\focus-bonus-app\dataconnect`
 {"metadata":{"emulator":{"name":"dataconnect"},"message":"E0718 13:30:45.464935   17492 load.go:23] Could not load config from \"c:\\\\Dev\\\\focus-bonus-app\\\\dataconnect\": could not find dataconnect.yaml in `c:\\Dev\\focus-bonus-app\\dataconnect`\n"}}
[debug] [2025-07-18T16:30:55.465Z] E0718 13:30:55.465167   17492 load.go:23] Could not load config from "c:\\Dev\\focus-bonus-app\\dataconnect": could not find dataconnect.yaml in `c:\Dev\focus-bonus-app\dataconnect`
 {"metadata":{"emulator":{"name":"dataconnect"},"message":"E0718 13:30:55.465167   17492 load.go:23] Could not load config from \"c:\\\\Dev\\\\focus-bonus-app\\\\dataconnect\": could not find dataconnect.yaml in `c:\\Dev\\focus-bonus-app\\dataconnect`\n"}}
[debug] [2025-07-18T16:31:05.464Z] E0718 13:31:05.464472   17492 load.go:23] Could not load config from "c:\\Dev\\focus-bonus-app\\dataconnect": could not find dataconnect.yaml in `c:\Dev\focus-bonus-app\dataconnect`
 {"metadata":{"emulator":{"name":"dataconnect"},"message":"E0718 13:31:05.464472   17492 load.go:23] Could not load config from \"c:\\\\Dev\\\\focus-bonus-app\\\\dataconnect\": could not find dataconnect.yaml in `c:\\Dev\\focus-bonus-app\\dataconnect`\n"}}
[debug] [2025-07-18T16:31:15.465Z] E0718 13:31:15.464403   17492 load.go:23] Could not load config from "c:\\Dev\\focus-bonus-app\\dataconnect": could not find dataconnect.yaml in `c:\Dev\focus-bonus-app\dataconnect`
 {"metadata":{"emulator":{"name":"dataconnect"},"message":"E0718 13:31:15.464403   17492 load.go:23] Could not load config from \"c:\\\\Dev\\\\focus-bonus-app\\\\dataconnect\": could not find dataconnect.yaml in `c:\\Dev\\focus-bonus-app\\dataconnect`\n"}}
[debug] [2025-07-18T16:31:25.465Z] E0718 13:31:25.464906   17492 load.go:23] Could not load config from "c:\\Dev\\focus-bonus-app\\dataconnect": could not find dataconnect.yaml in `c:\Dev\focus-bonus-app\dataconnect`
 {"metadata":{"emulator":{"name":"dataconnect"},"message":"E0718 13:31:25.464906   17492 load.go:23] Could not load config from \"c:\\\\Dev\\\\focus-bonus-app\\\\dataconnect\": could not find dataconnect.yaml in `c:\\Dev\\focus-bonus-app\\dataconnect`\n"}}
[debug] [2025-07-18T16:31:35.464Z] E0718 13:31:35.464478   17492 load.go:23] Could not load config from "c:\\Dev\\focus-bonus-app\\dataconnect": could not find dataconnect.yaml in `c:\Dev\focus-bonus-app\dataconnect`
 {"metadata":{"emulator":{"name":"dataconnect"},"message":"E0718 13:31:35.464478   17492 load.go:23] Could not load config from \"c:\\\\Dev\\\\focus-bonus-app\\\\dataconnect\": could not find dataconnect.yaml in `c:\\Dev\\focus-bonus-app\\dataconnect`\n"}}
[debug] [2025-07-18T16:31:45.465Z] E0718 13:31:45.464375   17492 load.go:23] Could not load config from "c:\\Dev\\focus-bonus-app\\dataconnect": could not find dataconnect.yaml in `c:\Dev\focus-bonus-app\dataconnect`
 {"metadata":{"emulator":{"name":"dataconnect"},"message":"E0718 13:31:45.464375   17492 load.go:23] Could not load config from \"c:\\\\Dev\\\\focus-bonus-app\\\\dataconnect\": could not find dataconnect.yaml in `c:\\Dev\\focus-bonus-app\\dataconnect`\n"}}
[debug] [2025-07-18T16:31:55.465Z] E0718 13:31:55.464485   17492 load.go:23] Could not load config from "c:\\Dev\\focus-bonus-app\\dataconnect": could not find dataconnect.yaml in `c:\Dev\focus-bonus-app\dataconnect`
 {"metadata":{"emulator":{"name":"dataconnect"},"message":"E0718 13:31:55.464485   17492 load.go:23] Could not load config from \"c:\\\\Dev\\\\focus-bonus-app\\\\dataconnect\": could not find dataconnect.yaml in `c:\\Dev\\focus-bonus-app\\dataconnect`\n"}}
[debug] [2025-07-18T16:32:05.465Z] E0718 13:32:05.464573   17492 load.go:23] Could not load config from "c:\\Dev\\focus-bonus-app\\dataconnect": could not find dataconnect.yaml in `c:\Dev\focus-bonus-app\dataconnect`
 {"metadata":{"emulator":{"name":"dataconnect"},"message":"E0718 13:32:05.464573   17492 load.go:23] Could not load config from \"c:\\\\Dev\\\\focus-bonus-app\\\\dataconnect\": could not find dataconnect.yaml in `c:\\Dev\\focus-bonus-app\\dataconnect`\n"}}
[debug] [2025-07-18T16:32:15.465Z] E0718 13:32:15.464720   17492 load.go:23] Could not load config from "c:\\Dev\\focus-bonus-app\\dataconnect": could not find dataconnect.yaml in `c:\Dev\focus-bonus-app\dataconnect`
 {"metadata":{"emulator":{"name":"dataconnect"},"message":"E0718 13:32:15.464720   17492 load.go:23] Could not load config from \"c:\\\\Dev\\\\focus-bonus-app\\\\dataconnect\": could not find dataconnect.yaml in `c:\\Dev\\focus-bonus-app\\dataconnect`\n"}}
[debug] [2025-07-18T16:32:25.464Z] E0718 13:32:25.464723   17492 load.go:23] Could not load config from "c:\\Dev\\focus-bonus-app\\dataconnect": could not find dataconnect.yaml in `c:\Dev\focus-bonus-app\dataconnect`
 {"metadata":{"emulator":{"name":"dataconnect"},"message":"E0718 13:32:25.464723   17492 load.go:23] Could not load config from \"c:\\\\Dev\\\\focus-bonus-app\\\\dataconnect\": could not find dataconnect.yaml in `c:\\Dev\\focus-bonus-app\\dataconnect`\n"}}
[debug] [2025-07-18T16:32:25.465Z] E0718 13:32:25.465547   17492 watch.go:76] watchAllDir unable to walk dir `c:\Dev\focus-bonus-app\dataconnect`: on path "c:\\Dev\\focus-bonus-app\\dataconnect" (DirEntry: <nil>): CreateFile c:\Dev\focus-bonus-app\dataconnect: The system cannot find the file specified.
 {"metadata":{"emulator":{"name":"dataconnect"},"message":"E0718 13:32:25.465547   17492 watch.go:76] watchAllDir unable to walk dir `c:\\Dev\\focus-bonus-app\\dataconnect`: on path \"c:\\\\Dev\\\\focus-bonus-app\\\\dataconnect\" (DirEntry: <nil>): CreateFile c:\\Dev\\focus-bonus-app\\dataconnect: The system cannot find the file specified.\n"}}
[debug] [2025-07-18T16:32:35.465Z] E0718 13:32:35.465117   17492 load.go:23] Could not load config from "c:\\Dev\\focus-bonus-app\\dataconnect": could not find dataconnect.yaml in `c:\Dev\focus-bonus-app\dataconnect`
 {"metadata":{"emulator":{"name":"dataconnect"},"message":"E0718 13:32:35.465117   17492 load.go:23] Could not load config from \"c:\\\\Dev\\\\focus-bonus-app\\\\dataconnect\": could not find dataconnect.yaml in `c:\\Dev\\focus-bonus-app\\dataconnect`\n"}}
[debug] [2025-07-18T16:32:45.464Z] E0718 13:32:45.464504   17492 load.go:23] Could not load config from "c:\\Dev\\focus-bonus-app\\dataconnect": could not find dataconnect.yaml in `c:\Dev\focus-bonus-app\dataconnect`
 {"metadata":{"emulator":{"name":"dataconnect"},"message":"E0718 13:32:45.464504   17492 load.go:23] Could not load config from \"c:\\\\Dev\\\\focus-bonus-app\\\\dataconnect\": could not find dataconnect.yaml in `c:\\Dev\\focus-bonus-app\\dataconnect`\n"}}
[debug] [2025-07-18T16:32:55.464Z] E0718 13:32:55.464786   17492 load.go:23] Could not load config from "c:\\Dev\\focus-bonus-app\\dataconnect": could not find dataconnect.yaml in `c:\Dev\focus-bonus-app\dataconnect`
 {"metadata":{"emulator":{"name":"dataconnect"},"message":"E0718 13:32:55.464786   17492 load.go:23] Could not load config from \"c:\\\\Dev\\\\focus-bonus-app\\\\dataconnect\": could not find dataconnect.yaml in `c:\\Dev\\focus-bonus-app\\dataconnect`\n"}}
[debug] [2025-07-18T16:33:05.464Z] E0718 13:33:05.464668   17492 load.go:23] Could not load config from "c:\\Dev\\focus-bonus-app\\dataconnect": could not find dataconnect.yaml in `c:\Dev\focus-bonus-app\dataconnect`
 {"metadata":{"emulator":{"name":"dataconnect"},"message":"E0718 13:33:05.464668   17492 load.go:23] Could not load config from \"c:\\\\Dev\\\\focus-bonus-app\\\\dataconnect\": could not find dataconnect.yaml in `c:\\Dev\\focus-bonus-app\\dataconnect`\n"}}
[debug] [2025-07-18T16:33:15.464Z] E0718 13:33:15.464585   17492 load.go:23] Could not load config from "c:\\Dev\\focus-bonus-app\\dataconnect": could not find dataconnect.yaml in `c:\Dev\focus-bonus-app\dataconnect`
 {"metadata":{"emulator":{"name":"dataconnect"},"message":"E0718 13:33:15.464585   17492 load.go:23] Could not load config from \"c:\\\\Dev\\\\focus-bonus-app\\\\dataconnect\": could not find dataconnect.yaml in `c:\\Dev\\focus-bonus-app\\dataconnect`\n"}}
[debug] [2025-07-18T16:33:25.465Z] E0718 13:33:25.464456   17492 load.go:23] Could not load config from "c:\\Dev\\focus-bonus-app\\dataconnect": could not find dataconnect.yaml in `c:\Dev\focus-bonus-app\dataconnect`
 {"metadata":{"emulator":{"name":"dataconnect"},"message":"E0718 13:33:25.464456   17492 load.go:23] Could not load config from \"c:\\\\Dev\\\\focus-bonus-app\\\\dataconnect\": could not find dataconnect.yaml in `c:\\Dev\\focus-bonus-app\\dataconnect`\n"}}
[debug] [2025-07-18T16:33:35.464Z] E0718 13:33:35.464549   17492 load.go:23] Could not load config from "c:\\Dev\\focus-bonus-app\\dataconnect": could not find dataconnect.yaml in `c:\Dev\focus-bonus-app\dataconnect`
 {"metadata":{"emulator":{"name":"dataconnect"},"message":"E0718 13:33:35.464549   17492 load.go:23] Could not load config from \"c:\\\\Dev\\\\focus-bonus-app\\\\dataconnect\": could not find dataconnect.yaml in `c:\\Dev\\focus-bonus-app\\dataconnect`\n"}}
[debug] [2025-07-18T16:33:45.467Z] E0718 13:33:45.466528   17492 load.go:23] Could not load config from "c:\\Dev\\focus-bonus-app\\dataconnect": could not find dataconnect.yaml in `c:\Dev\focus-bonus-app\dataconnect`
 {"metadata":{"emulator":{"name":"dataconnect"},"message":"E0718 13:33:45.466528   17492 load.go:23] Could not load config from \"c:\\\\Dev\\\\focus-bonus-app\\\\dataconnect\": could not find dataconnect.yaml in `c:\\Dev\\focus-bonus-app\\dataconnect`\n"}}
[debug] [2025-07-18T16:33:55.470Z] E0718 13:33:55.469248   17492 load.go:23] Could not load config from "c:\\Dev\\focus-bonus-app\\dataconnect": could not find dataconnect.yaml in `c:\Dev\focus-bonus-app\dataconnect`
 {"metadata":{"emulator":{"name":"dataconnect"},"message":"E0718 13:33:55.469248   17492 load.go:23] Could not load config from \"c:\\\\Dev\\\\focus-bonus-app\\\\dataconnect\": could not find dataconnect.yaml in `c:\\Dev\\focus-bonus-app\\dataconnect`\n"}}
[debug] [2025-07-18T16:34:05.465Z] E0718 13:34:05.464714   17492 load.go:23] Could not load config from "c:\\Dev\\focus-bonus-app\\dataconnect": could not find dataconnect.yaml in `c:\Dev\focus-bonus-app\dataconnect`
 {"metadata":{"emulator":{"name":"dataconnect"},"message":"E0718 13:34:05.464714   17492 load.go:23] Could not load config from \"c:\\\\Dev\\\\focus-bonus-app\\\\dataconnect\": could not find dataconnect.yaml in `c:\\Dev\\focus-bonus-app\\dataconnect`\n"}}
[debug] [2025-07-18T16:34:15.465Z] E0718 13:34:15.464402   17492 load.go:23] Could not load config from "c:\\Dev\\focus-bonus-app\\dataconnect": could not find dataconnect.yaml in `c:\Dev\focus-bonus-app\dataconnect`
 {"metadata":{"emulator":{"name":"dataconnect"},"message":"E0718 13:34:15.464402   17492 load.go:23] Could not load config from \"c:\\\\Dev\\\\focus-bonus-app\\\\dataconnect\": could not find dataconnect.yaml in `c:\\Dev\\focus-bonus-app\\dataconnect`\n"}}
[debug] [2025-07-18T16:34:25.465Z] E0718 13:34:25.464459   17492 load.go:23] Could not load config from "c:\\Dev\\focus-bonus-app\\dataconnect": could not find dataconnect.yaml in `c:\Dev\focus-bonus-app\dataconnect`
 {"metadata":{"emulator":{"name":"dataconnect"},"message":"E0718 13:34:25.464459   17492 load.go:23] Could not load config from \"c:\\\\Dev\\\\focus-bonus-app\\\\dataconnect\": could not find dataconnect.yaml in `c:\\Dev\\focus-bonus-app\\dataconnect`\n"}}
[debug] [2025-07-18T16:34:25.468Z] E0718 13:34:25.467487   17492 watch.go:76] watchAllDir unable to walk dir `c:\Dev\focus-bonus-app\dataconnect`: on path "c:\\Dev\\focus-bonus-app\\dataconnect" (DirEntry: <nil>): CreateFile c:\Dev\focus-bonus-app\dataconnect: The system cannot find the file specified.
 {"metadata":{"emulator":{"name":"dataconnect"},"message":"E0718 13:34:25.467487   17492 watch.go:76] watchAllDir unable to walk dir `c:\\Dev\\focus-bonus-app\\dataconnect`: on path \"c:\\\\Dev\\\\focus-bonus-app\\\\dataconnect\" (DirEntry: <nil>): CreateFile c:\\Dev\\focus-bonus-app\\dataconnect: The system cannot find the file specified.\n"}}
[debug] [2025-07-18T16:34:35.465Z] E0718 13:34:35.465110   17492 load.go:23] Could not load config from "c:\\Dev\\focus-bonus-app\\dataconnect": could not find dataconnect.yaml in `c:\Dev\focus-bonus-app\dataconnect`
 {"metadata":{"emulator":{"name":"dataconnect"},"message":"E0718 13:34:35.465110   17492 load.go:23] Could not load config from \"c:\\\\Dev\\\\focus-bonus-app\\\\dataconnect\": could not find dataconnect.yaml in `c:\\Dev\\focus-bonus-app\\dataconnect`\n"}}
[debug] [2025-07-18T16:34:45.465Z] E0718 13:34:45.464967   17492 load.go:23] Could not load config from "c:\\Dev\\focus-bonus-app\\dataconnect": could not find dataconnect.yaml in `c:\Dev\focus-bonus-app\dataconnect`
 {"metadata":{"emulator":{"name":"dataconnect"},"message":"E0718 13:34:45.464967   17492 load.go:23] Could not load config from \"c:\\\\Dev\\\\focus-bonus-app\\\\dataconnect\": could not find dataconnect.yaml in `c:\\Dev\\focus-bonus-app\\dataconnect`\n"}}
[debug] [2025-07-18T16:34:55.465Z] E0718 13:34:55.464627   17492 load.go:23] Could not load config from "c:\\Dev\\focus-bonus-app\\dataconnect": could not find dataconnect.yaml in `c:\Dev\focus-bonus-app\dataconnect`
 {"metadata":{"emulator":{"name":"dataconnect"},"message":"E0718 13:34:55.464627   17492 load.go:23] Could not load config from \"c:\\\\Dev\\\\focus-bonus-app\\\\dataconnect\": could not find dataconnect.yaml in `c:\\Dev\\focus-bonus-app\\dataconnect`\n"}}
[debug] [2025-07-18T16:35:05.464Z] E0718 13:35:05.464564   17492 load.go:23] Could not load config from "c:\\Dev\\focus-bonus-app\\dataconnect": could not find dataconnect.yaml in `c:\Dev\focus-bonus-app\dataconnect`
 {"metadata":{"emulator":{"name":"dataconnect"},"message":"E0718 13:35:05.464564   17492 load.go:23] Could not load config from \"c:\\\\Dev\\\\focus-bonus-app\\\\dataconnect\": could not find dataconnect.yaml in `c:\\Dev\\focus-bonus-app\\dataconnect`\n"}}
[debug] [2025-07-18T16:35:15.465Z] E0718 13:35:15.464778   17492 load.go:23] Could not load config from "c:\\Dev\\focus-bonus-app\\dataconnect": could not find dataconnect.yaml in `c:\Dev\focus-bonus-app\dataconnect`
 {"metadata":{"emulator":{"name":"dataconnect"},"message":"E0718 13:35:15.464778   17492 load.go:23] Could not load config from \"c:\\\\Dev\\\\focus-bonus-app\\\\dataconnect\": could not find dataconnect.yaml in `c:\\Dev\\focus-bonus-app\\dataconnect`\n"}}
[debug] [2025-07-18T16:35:25.464Z] E0718 13:35:25.464317   17492 load.go:23] Could not load config from "c:\\Dev\\focus-bonus-app\\dataconnect": could not find dataconnect.yaml in `c:\Dev\focus-bonus-app\dataconnect`
 {"metadata":{"emulator":{"name":"dataconnect"},"message":"E0718 13:35:25.464317   17492 load.go:23] Could not load config from \"c:\\\\Dev\\\\focus-bonus-app\\\\dataconnect\": could not find dataconnect.yaml in `c:\\Dev\\focus-bonus-app\\dataconnect`\n"}}
[debug] [2025-07-18T16:35:35.465Z] E0718 13:35:35.464994   17492 load.go:23] Could not load config from "c:\\Dev\\focus-bonus-app\\dataconnect": could not find dataconnect.yaml in `c:\Dev\focus-bonus-app\dataconnect`
 {"metadata":{"emulator":{"name":"dataconnect"},"message":"E0718 13:35:35.464994   17492 load.go:23] Could not load config from \"c:\\\\Dev\\\\focus-bonus-app\\\\dataconnect\": could not find dataconnect.yaml in `c:\\Dev\\focus-bonus-app\\dataconnect`\n"}}
[debug] [2025-07-18T16:35:45.464Z] E0718 13:35:45.464322   17492 load.go:23] Could not load config from "c:\\Dev\\focus-bonus-app\\dataconnect": could not find dataconnect.yaml in `c:\Dev\focus-bonus-app\dataconnect`
 {"metadata":{"emulator":{"name":"dataconnect"},"message":"E0718 13:35:45.464322   17492 load.go:23] Could not load config from \"c:\\\\Dev\\\\focus-bonus-app\\\\dataconnect\": could not find dataconnect.yaml in `c:\\Dev\\focus-bonus-app\\dataconnect`\n"}}
[debug] [2025-07-18T16:35:55.464Z] E0718 13:35:55.464251   17492 load.go:23] Could not load config from "c:\\Dev\\focus-bonus-app\\dataconnect": could not find dataconnect.yaml in `c:\Dev\focus-bonus-app\dataconnect`
 {"metadata":{"emulator":{"name":"dataconnect"},"message":"E0718 13:35:55.464251   17492 load.go:23] Could not load config from \"c:\\\\Dev\\\\focus-bonus-app\\\\dataconnect\": could not find dataconnect.yaml in `c:\\Dev\\focus-bonus-app\\dataconnect`\n"}}
[debug] [2025-07-18T16:36:05.464Z] E0718 13:36:05.464641   17492 load.go:23] Could not load config from "c:\\Dev\\focus-bonus-app\\dataconnect": could not find dataconnect.yaml in `c:\Dev\focus-bonus-app\dataconnect`
 {"metadata":{"emulator":{"name":"dataconnect"},"message":"E0718 13:36:05.464641   17492 load.go:23] Could not load config from \"c:\\\\Dev\\\\focus-bonus-app\\\\dataconnect\": could not find dataconnect.yaml in `c:\\Dev\\focus-bonus-app\\dataconnect`\n"}}
[debug] [2025-07-18T16:36:15.464Z] E0718 13:36:15.465208   17492 load.go:23] Could not load config from "c:\\Dev\\focus-bonus-app\\dataconnect": could not find dataconnect.yaml in `c:\Dev\focus-bonus-app\dataconnect`
 {"metadata":{"emulator":{"name":"dataconnect"},"message":"E0718 13:36:15.465208   17492 load.go:23] Could not load config from \"c:\\\\Dev\\\\focus-bonus-app\\\\dataconnect\": could not find dataconnect.yaml in `c:\\Dev\\focus-bonus-app\\dataconnect`\n"}}
[debug] [2025-07-18T16:36:25.464Z] E0718 13:36:25.464745   17492 load.go:23] Could not load config from "c:\\Dev\\focus-bonus-app\\dataconnect": could not find dataconnect.yaml in `c:\Dev\focus-bonus-app\dataconnect`
E0718 13:36:25.464745   17492 watch.go:76] watchAllDir unable to walk dir `c:\Dev\focus-bonus-app\dataconnect`: on path "c:\\Dev\\focus-bonus-app\\dataconnect" (DirEntry: <nil>): CreateFile c:\Dev\focus-bonus-app\dataconnect: The system cannot find the file specified.
 {"metadata":{"emulator":{"name":"dataconnect"},"message":"E0718 13:36:25.464745   17492 load.go:23] Could not load config from \"c:\\\\Dev\\\\focus-bonus-app\\\\dataconnect\": could not find dataconnect.yaml in `c:\\Dev\\focus-bonus-app\\dataconnect`\nE0718 13:36:25.464745   17492 watch.go:76] watchAllDir unable to walk dir `c:\\Dev\\focus-bonus-app\\dataconnect`: on path \"c:\\\\Dev\\\\focus-bonus-app\\\\dataconnect\" (DirEntry: <nil>): CreateFile c:\\Dev\\focus-bonus-app\\dataconnect: The system cannot find the file specified.\n"}}
[debug] [2025-07-18T16:36:35.464Z] E0718 13:36:35.464877   17492 load.go:23] Could not load config from "c:\\Dev\\focus-bonus-app\\dataconnect": could not find dataconnect.yaml in `c:\Dev\focus-bonus-app\dataconnect`
 {"metadata":{"emulator":{"name":"dataconnect"},"message":"E0718 13:36:35.464877   17492 load.go:23] Could not load config from \"c:\\\\Dev\\\\focus-bonus-app\\\\dataconnect\": could not find dataconnect.yaml in `c:\\Dev\\focus-bonus-app\\dataconnect`\n"}}
[debug] [2025-07-18T16:36:45.464Z] E0718 13:36:45.464276   17492 load.go:23] Could not load config from "c:\\Dev\\focus-bonus-app\\dataconnect": could not find dataconnect.yaml in `c:\Dev\focus-bonus-app\dataconnect`
 {"metadata":{"emulator":{"name":"dataconnect"},"message":"E0718 13:36:45.464276   17492 load.go:23] Could not load config from \"c:\\\\Dev\\\\focus-bonus-app\\\\dataconnect\": could not find dataconnect.yaml in `c:\\Dev\\focus-bonus-app\\dataconnect`\n"}}
[debug] [2025-07-18T16:36:55.464Z] E0718 13:36:55.464758   17492 load.go:23] Could not load config from "c:\\Dev\\focus-bonus-app\\dataconnect": could not find dataconnect.yaml in `c:\Dev\focus-bonus-app\dataconnect`
 {"metadata":{"emulator":{"name":"dataconnect"},"message":"E0718 13:36:55.464758   17492 load.go:23] Could not load config from \"c:\\\\Dev\\\\focus-bonus-app\\\\dataconnect\": could not find dataconnect.yaml in `c:\\Dev\\focus-bonus-app\\dataconnect`\n"}}
[debug] [2025-07-18T16:37:05.465Z] E0718 13:37:05.464985   17492 load.go:23] Could not load config from "c:\\Dev\\focus-bonus-app\\dataconnect": could not find dataconnect.yaml in `c:\Dev\focus-bonus-app\dataconnect`
 {"metadata":{"emulator":{"name":"dataconnect"},"message":"E0718 13:37:05.464985   17492 load.go:23] Could not load config from \"c:\\\\Dev\\\\focus-bonus-app\\\\dataconnect\": could not find dataconnect.yaml in `c:\\Dev\\focus-bonus-app\\dataconnect`\n"}}
[debug] [2025-07-18T16:37:15.465Z] E0718 13:37:15.464642   17492 load.go:23] Could not load config from "c:\\Dev\\focus-bonus-app\\dataconnect": could not find dataconnect.yaml in `c:\Dev\focus-bonus-app\dataconnect`
 {"metadata":{"emulator":{"name":"dataconnect"},"message":"E0718 13:37:15.464642   17492 load.go:23] Could not load config from \"c:\\\\Dev\\\\focus-bonus-app\\\\dataconnect\": could not find dataconnect.yaml in `c:\\Dev\\focus-bonus-app\\dataconnect`\n"}}
[debug] [2025-07-18T16:37:25.465Z] E0718 13:37:25.464366   17492 load.go:23] Could not load config from "c:\\Dev\\focus-bonus-app\\dataconnect": could not find dataconnect.yaml in `c:\Dev\focus-bonus-app\dataconnect`
 {"metadata":{"emulator":{"name":"dataconnect"},"message":"E0718 13:37:25.464366   17492 load.go:23] Could not load config from \"c:\\\\Dev\\\\focus-bonus-app\\\\dataconnect\": could not find dataconnect.yaml in `c:\\Dev\\focus-bonus-app\\dataconnect`\n"}}
[debug] [2025-07-18T16:37:35.465Z] E0718 13:37:35.464863   17492 load.go:23] Could not load config from "c:\\Dev\\focus-bonus-app\\dataconnect": could not find dataconnect.yaml in `c:\Dev\focus-bonus-app\dataconnect`
 {"metadata":{"emulator":{"name":"dataconnect"},"message":"E0718 13:37:35.464863   17492 load.go:23] Could not load config from \"c:\\\\Dev\\\\focus-bonus-app\\\\dataconnect\": could not find dataconnect.yaml in `c:\\Dev\\focus-bonus-app\\dataconnect`\n"}}
[debug] [2025-07-18T16:37:45.465Z] E0718 13:37:45.465050   17492 load.go:23] Could not load config from "c:\\Dev\\focus-bonus-app\\dataconnect": could not find dataconnect.yaml in `c:\Dev\focus-bonus-app\dataconnect`
 {"metadata":{"emulator":{"name":"dataconnect"},"message":"E0718 13:37:45.465050   17492 load.go:23] Could not load config from \"c:\\\\Dev\\\\focus-bonus-app\\\\dataconnect\": could not find dataconnect.yaml in `c:\\Dev\\focus-bonus-app\\dataconnect`\n"}}
[debug] [2025-07-18T16:37:55.465Z] E0718 13:37:55.464966   17492 load.go:23] Could not load config from "c:\\Dev\\focus-bonus-app\\dataconnect": could not find dataconnect.yaml in `c:\Dev\focus-bonus-app\dataconnect`
 {"metadata":{"emulator":{"name":"dataconnect"},"message":"E0718 13:37:55.464966   17492 load.go:23] Could not load config from \"c:\\\\Dev\\\\focus-bonus-app\\\\dataconnect\": could not find dataconnect.yaml in `c:\\Dev\\focus-bonus-app\\dataconnect`\n"}}
[debug] [2025-07-18T16:38:05.465Z] E0718 13:38:05.464958   17492 load.go:23] Could not load config from "c:\\Dev\\focus-bonus-app\\dataconnect": could not find dataconnect.yaml in `c:\Dev\focus-bonus-app\dataconnect`
 {"metadata":{"emulator":{"name":"dataconnect"},"message":"E0718 13:38:05.464958   17492 load.go:23] Could not load config from \"c:\\\\Dev\\\\focus-bonus-app\\\\dataconnect\": could not find dataconnect.yaml in `c:\\Dev\\focus-bonus-app\\dataconnect`\n"}}
[debug] [2025-07-18T16:38:15.468Z] E0718 13:38:15.468600   17492 load.go:23] Could not load config from "c:\\Dev\\focus-bonus-app\\dataconnect": could not find dataconnect.yaml in `c:\Dev\focus-bonus-app\dataconnect`
 {"metadata":{"emulator":{"name":"dataconnect"},"message":"E0718 13:38:15.468600   17492 load.go:23] Could not load config from \"c:\\\\Dev\\\\focus-bonus-app\\\\dataconnect\": could not find dataconnect.yaml in `c:\\Dev\\focus-bonus-app\\dataconnect`\n"}}
[debug] [2025-07-18T16:38:33.985Z] E0718 13:38:33.974496   17492 load.go:23] Could not load config from "c:\\Dev\\focus-bonus-app\\dataconnect": could not find dataconnect.yaml in `c:\Dev\focus-bonus-app\dataconnect`
E0718 13:38:33.974496   17492 watch.go:76] watchAllDir unable to walk dir `c:\Dev\focus-bonus-app\dataconnect`: on path "c:\\Dev\\focus-bonus-app\\dataconnect" (DirEntry: <nil>): CreateFile c:\Dev\focus-bonus-app\dataconnect: The system cannot find the file specified.
 {"metadata":{"emulator":{"name":"dataconnect"},"message":"E0718 13:38:33.974496   17492 load.go:23] Could not load config from \"c:\\\\Dev\\\\focus-bonus-app\\\\dataconnect\": could not find dataconnect.yaml in `c:\\Dev\\focus-bonus-app\\dataconnect`\nE0718 13:38:33.974496   17492 watch.go:76] watchAllDir unable to walk dir `c:\\Dev\\focus-bonus-app\\dataconnect`: on path \"c:\\\\Dev\\\\focus-bonus-app\\\\dataconnect\" (DirEntry: <nil>): CreateFile c:\\Dev\\focus-bonus-app\\dataconnect: The system cannot find the file specified.\n"}}
[debug] [2025-07-18T16:38:35.464Z] E0718 13:38:35.464885   17492 load.go:23] Could not load config from "c:\\Dev\\focus-bonus-app\\dataconnect": could not find dataconnect.yaml in `c:\Dev\focus-bonus-app\dataconnect`
 {"metadata":{"emulator":{"name":"dataconnect"},"message":"E0718 13:38:35.464885   17492 load.go:23] Could not load config from \"c:\\\\Dev\\\\focus-bonus-app\\\\dataconnect\": could not find dataconnect.yaml in `c:\\Dev\\focus-bonus-app\\dataconnect`\n"}}
[debug] [2025-07-18T16:38:45.465Z] E0718 13:38:45.464439   17492 load.go:23] Could not load config from "c:\\Dev\\focus-bonus-app\\dataconnect": could not find dataconnect.yaml in `c:\Dev\focus-bonus-app\dataconnect`
 {"metadata":{"emulator":{"name":"dataconnect"},"message":"E0718 13:38:45.464439   17492 load.go:23] Could not load config from \"c:\\\\Dev\\\\focus-bonus-app\\\\dataconnect\": could not find dataconnect.yaml in `c:\\Dev\\focus-bonus-app\\dataconnect`\n"}}
[debug] [2025-07-18T16:38:55.465Z] E0718 13:38:55.464522   17492 load.go:23] Could not load config from "c:\\Dev\\focus-bonus-app\\dataconnect": could not find dataconnect.yaml in `c:\Dev\focus-bonus-app\dataconnect`
 {"metadata":{"emulator":{"name":"dataconnect"},"message":"E0718 13:38:55.464522   17492 load.go:23] Could not load config from \"c:\\\\Dev\\\\focus-bonus-app\\\\dataconnect\": could not find dataconnect.yaml in `c:\\Dev\\focus-bonus-app\\dataconnect`\n"}}
[debug] [2025-07-18T16:39:05.465Z] E0718 13:39:05.464784   17492 load.go:23] Could not load config from "c:\\Dev\\focus-bonus-app\\dataconnect": could not find dataconnect.yaml in `c:\Dev\focus-bonus-app\dataconnect`
 {"metadata":{"emulator":{"name":"dataconnect"},"message":"E0718 13:39:05.464784   17492 load.go:23] Could not load config from \"c:\\\\Dev\\\\focus-bonus-app\\\\dataconnect\": could not find dataconnect.yaml in `c:\\Dev\\focus-bonus-app\\dataconnect`\n"}}
[debug] [2025-07-18T16:39:15.465Z] E0718 13:39:15.465681   17492 load.go:23] Could not load config from "c:\\Dev\\focus-bonus-app\\dataconnect": could not find dataconnect.yaml in `c:\Dev\focus-bonus-app\dataconnect`
 {"metadata":{"emulator":{"name":"dataconnect"},"message":"E0718 13:39:15.465681   17492 load.go:23] Could not load config from \"c:\\\\Dev\\\\focus-bonus-app\\\\dataconnect\": could not find dataconnect.yaml in `c:\\Dev\\focus-bonus-app\\dataconnect`\n"}}
[debug] [2025-07-18T16:39:25.464Z] E0718 13:39:25.465129   17492 load.go:23] Could not load config from "c:\\Dev\\focus-bonus-app\\dataconnect": could not find dataconnect.yaml in `c:\Dev\focus-bonus-app\dataconnect`
 {"metadata":{"emulator":{"name":"dataconnect"},"message":"E0718 13:39:25.465129   17492 load.go:23] Could not load config from \"c:\\\\Dev\\\\focus-bonus-app\\\\dataconnect\": could not find dataconnect.yaml in `c:\\Dev\\focus-bonus-app\\dataconnect`\n"}}
[debug] [2025-07-18T16:39:35.466Z] E0718 13:39:35.465693   17492 load.go:23] Could not load config from "c:\\Dev\\focus-bonus-app\\dataconnect": could not find dataconnect.yaml in `c:\Dev\focus-bonus-app\dataconnect`
 {"metadata":{"emulator":{"name":"dataconnect"},"message":"E0718 13:39:35.465693   17492 load.go:23] Could not load config from \"c:\\\\Dev\\\\focus-bonus-app\\\\dataconnect\": could not find dataconnect.yaml in `c:\\Dev\\focus-bonus-app\\dataconnect`\n"}}
[debug] [2025-07-18T16:39:45.464Z] E0718 13:39:45.464954   17492 load.go:23] Could not load config from "c:\\Dev\\focus-bonus-app\\dataconnect": could not find dataconnect.yaml in `c:\Dev\focus-bonus-app\dataconnect`
 {"metadata":{"emulator":{"name":"dataconnect"},"message":"E0718 13:39:45.464954   17492 load.go:23] Could not load config from \"c:\\\\Dev\\\\focus-bonus-app\\\\dataconnect\": could not find dataconnect.yaml in `c:\\Dev\\focus-bonus-app\\dataconnect`\n"}}
[debug] [2025-07-18T16:39:55.465Z] E0718 13:39:55.464941   17492 load.go:23] Could not load config from "c:\\Dev\\focus-bonus-app\\dataconnect": could not find dataconnect.yaml in `c:\Dev\focus-bonus-app\dataconnect`
 {"metadata":{"emulator":{"name":"dataconnect"},"message":"E0718 13:39:55.464941   17492 load.go:23] Could not load config from \"c:\\\\Dev\\\\focus-bonus-app\\\\dataconnect\": could not find dataconnect.yaml in `c:\\Dev\\focus-bonus-app\\dataconnect`\n"}}
[debug] [2025-07-18T16:40:05.466Z] E0718 13:40:05.466034   17492 load.go:23] Could not load config from "c:\\Dev\\focus-bonus-app\\dataconnect": could not find dataconnect.yaml in `c:\Dev\focus-bonus-app\dataconnect`
 {"metadata":{"emulator":{"name":"dataconnect"},"message":"E0718 13:40:05.466034   17492 load.go:23] Could not load config from \"c:\\\\Dev\\\\focus-bonus-app\\\\dataconnect\": could not find dataconnect.yaml in `c:\\Dev\\focus-bonus-app\\dataconnect`\n"}}
[debug] [2025-07-18T16:40:15.465Z] E0718 13:40:15.464747   17492 load.go:23] Could not load config from "c:\\Dev\\focus-bonus-app\\dataconnect": could not find dataconnect.yaml in `c:\Dev\focus-bonus-app\dataconnect`
 {"metadata":{"emulator":{"name":"dataconnect"},"message":"E0718 13:40:15.464747   17492 load.go:23] Could not load config from \"c:\\\\Dev\\\\focus-bonus-app\\\\dataconnect\": could not find dataconnect.yaml in `c:\\Dev\\focus-bonus-app\\dataconnect`\n"}}
[debug] [2025-07-18T16:40:25.466Z] E0718 13:40:25.465656   17492 load.go:23] Could not load config from "c:\\Dev\\focus-bonus-app\\dataconnect": could not find dataconnect.yaml in `c:\Dev\focus-bonus-app\dataconnect`
 {"metadata":{"emulator":{"name":"dataconnect"},"message":"E0718 13:40:25.465656   17492 load.go:23] Could not load config from \"c:\\\\Dev\\\\focus-bonus-app\\\\dataconnect\": could not find dataconnect.yaml in `c:\\Dev\\focus-bonus-app\\dataconnect`\n"}}
[debug] [2025-07-18T16:40:25.469Z] E0718 13:40:25.465656   17492 watch.go:76] watchAllDir unable to walk dir `c:\Dev\focus-bonus-app\dataconnect`: on path "c:\\Dev\\focus-bonus-app\\dataconnect" (DirEntry: <nil>): CreateFile c:\Dev\focus-bonus-app\dataconnect: The system cannot find the file specified.
 {"metadata":{"emulator":{"name":"dataconnect"},"message":"E0718 13:40:25.465656   17492 watch.go:76] watchAllDir unable to walk dir `c:\\Dev\\focus-bonus-app\\dataconnect`: on path \"c:\\\\Dev\\\\focus-bonus-app\\\\dataconnect\" (DirEntry: <nil>): CreateFile c:\\Dev\\focus-bonus-app\\dataconnect: The system cannot find the file specified.\n"}}
[debug] [2025-07-18T16:40:35.464Z] E0718 13:40:35.464540   17492 load.go:23] Could not load config from "c:\\Dev\\focus-bonus-app\\dataconnect": could not find dataconnect.yaml in `c:\Dev\focus-bonus-app\dataconnect`
 {"metadata":{"emulator":{"name":"dataconnect"},"message":"E0718 13:40:35.464540   17492 load.go:23] Could not load config from \"c:\\\\Dev\\\\focus-bonus-app\\\\dataconnect\": could not find dataconnect.yaml in `c:\\Dev\\focus-bonus-app\\dataconnect`\n"}}
[debug] [2025-07-18T16:40:45.465Z] E0718 13:40:45.464686   17492 load.go:23] Could not load config from "c:\\Dev\\focus-bonus-app\\dataconnect": could not find dataconnect.yaml in `c:\Dev\focus-bonus-app\dataconnect`
 {"metadata":{"emulator":{"name":"dataconnect"},"message":"E0718 13:40:45.464686   17492 load.go:23] Could not load config from \"c:\\\\Dev\\\\focus-bonus-app\\\\dataconnect\": could not find dataconnect.yaml in `c:\\Dev\\focus-bonus-app\\dataconnect`\n"}}
[debug] [2025-07-18T16:40:55.465Z] E0718 13:40:55.464866   17492 load.go:23] Could not load config from "c:\\Dev\\focus-bonus-app\\dataconnect": could not find dataconnect.yaml in `c:\Dev\focus-bonus-app\dataconnect`
 {"metadata":{"emulator":{"name":"dataconnect"},"message":"E0718 13:40:55.464866   17492 load.go:23] Could not load config from \"c:\\\\Dev\\\\focus-bonus-app\\\\dataconnect\": could not find dataconnect.yaml in `c:\\Dev\\focus-bonus-app\\dataconnect`\n"}}
[debug] [2025-07-18T16:41:05.464Z] E0718 13:41:05.464454   17492 load.go:23] Could not load config from "c:\\Dev\\focus-bonus-app\\dataconnect": could not find dataconnect.yaml in `c:\Dev\focus-bonus-app\dataconnect`
 {"metadata":{"emulator":{"name":"dataconnect"},"message":"E0718 13:41:05.464454   17492 load.go:23] Could not load config from \"c:\\\\Dev\\\\focus-bonus-app\\\\dataconnect\": could not find dataconnect.yaml in `c:\\Dev\\focus-bonus-app\\dataconnect`\n"}}
[debug] [2025-07-18T16:41:15.465Z] E0718 13:41:15.464860   17492 load.go:23] Could not load config from "c:\\Dev\\focus-bonus-app\\dataconnect": could not find dataconnect.yaml in `c:\Dev\focus-bonus-app\dataconnect`
 {"metadata":{"emulator":{"name":"dataconnect"},"message":"E0718 13:41:15.464860   17492 load.go:23] Could not load config from \"c:\\\\Dev\\\\focus-bonus-app\\\\dataconnect\": could not find dataconnect.yaml in `c:\\Dev\\focus-bonus-app\\dataconnect`\n"}}
[debug] [2025-07-18T16:41:25.465Z] E0718 13:41:25.465144   17492 load.go:23] Could not load config from "c:\\Dev\\focus-bonus-app\\dataconnect": could not find dataconnect.yaml in `c:\Dev\focus-bonus-app\dataconnect`
 {"metadata":{"emulator":{"name":"dataconnect"},"message":"E0718 13:41:25.465144   17492 load.go:23] Could not load config from \"c:\\\\Dev\\\\focus-bonus-app\\\\dataconnect\": could not find dataconnect.yaml in `c:\\Dev\\focus-bonus-app\\dataconnect`\n"}}
[debug] [2025-07-18T16:41:35.465Z] E0718 13:41:35.464445   17492 load.go:23] Could not load config from "c:\\Dev\\focus-bonus-app\\dataconnect": could not find dataconnect.yaml in `c:\Dev\focus-bonus-app\dataconnect`
 {"metadata":{"emulator":{"name":"dataconnect"},"message":"E0718 13:41:35.464445   17492 load.go:23] Could not load config from \"c:\\\\Dev\\\\focus-bonus-app\\\\dataconnect\": could not find dataconnect.yaml in `c:\\Dev\\focus-bonus-app\\dataconnect`\n"}}
[debug] [2025-07-18T16:41:45.465Z] E0718 13:41:45.464574   17492 load.go:23] Could not load config from "c:\\Dev\\focus-bonus-app\\dataconnect": could not find dataconnect.yaml in `c:\Dev\focus-bonus-app\dataconnect`
 {"metadata":{"emulator":{"name":"dataconnect"},"message":"E0718 13:41:45.464574   17492 load.go:23] Could not load config from \"c:\\\\Dev\\\\focus-bonus-app\\\\dataconnect\": could not find dataconnect.yaml in `c:\\Dev\\focus-bonus-app\\dataconnect`\n"}}
[debug] [2025-07-18T16:41:55.465Z] E0718 13:41:55.464553   17492 load.go:23] Could not load config from "c:\\Dev\\focus-bonus-app\\dataconnect": could not find dataconnect.yaml in `c:\Dev\focus-bonus-app\dataconnect`
 {"metadata":{"emulator":{"name":"dataconnect"},"message":"E0718 13:41:55.464553   17492 load.go:23] Could not load config from \"c:\\\\Dev\\\\focus-bonus-app\\\\dataconnect\": could not find dataconnect.yaml in `c:\\Dev\\focus-bonus-app\\dataconnect`\n"}}
[debug] [2025-07-18T16:42:05.465Z] E0718 13:42:05.465162   17492 load.go:23] Could not load config from "c:\\Dev\\focus-bonus-app\\dataconnect": could not find dataconnect.yaml in `c:\Dev\focus-bonus-app\dataconnect`
 {"metadata":{"emulator":{"name":"dataconnect"},"message":"E0718 13:42:05.465162   17492 load.go:23] Could not load config from \"c:\\\\Dev\\\\focus-bonus-app\\\\dataconnect\": could not find dataconnect.yaml in `c:\\Dev\\focus-bonus-app\\dataconnect`\n"}}
[debug] [2025-07-18T16:42:15.465Z] E0718 13:42:15.464899   17492 load.go:23] Could not load config from "c:\\Dev\\focus-bonus-app\\dataconnect": could not find dataconnect.yaml in `c:\Dev\focus-bonus-app\dataconnect`
 {"metadata":{"emulator":{"name":"dataconnect"},"message":"E0718 13:42:15.464899   17492 load.go:23] Could not load config from \"c:\\\\Dev\\\\focus-bonus-app\\\\dataconnect\": could not find dataconnect.yaml in `c:\\Dev\\focus-bonus-app\\dataconnect`\n"}}
[debug] [2025-07-18T16:42:25.465Z] E0718 13:42:25.465300   17492 load.go:23] Could not load config from "c:\\Dev\\focus-bonus-app\\dataconnect": could not find dataconnect.yaml in `c:\Dev\focus-bonus-app\dataconnect`
E0718 13:42:25.465927   17492 watch.go:76] watchAllDir unable to walk dir `c:\Dev\focus-bonus-app\dataconnect`: on path "c:\\Dev\\focus-bonus-app\\dataconnect" (DirEntry: <nil>): CreateFile c:\Dev\focus-bonus-app\dataconnect: The system cannot find the file specified.
 {"metadata":{"emulator":{"name":"dataconnect"},"message":"E0718 13:42:25.465300   17492 load.go:23] Could not load config from \"c:\\\\Dev\\\\focus-bonus-app\\\\dataconnect\": could not find dataconnect.yaml in `c:\\Dev\\focus-bonus-app\\dataconnect`\nE0718 13:42:25.465927   17492 watch.go:76] watchAllDir unable to walk dir `c:\\Dev\\focus-bonus-app\\dataconnect`: on path \"c:\\\\Dev\\\\focus-bonus-app\\\\dataconnect\" (DirEntry: <nil>): CreateFile c:\\Dev\\focus-bonus-app\\dataconnect: The system cannot find the file specified.\n"}}
[debug] [2025-07-18T16:42:35.464Z] E0718 13:42:35.464453   17492 load.go:23] Could not load config from "c:\\Dev\\focus-bonus-app\\dataconnect": could not find dataconnect.yaml in `c:\Dev\focus-bonus-app\dataconnect`
 {"metadata":{"emulator":{"name":"dataconnect"},"message":"E0718 13:42:35.464453   17492 load.go:23] Could not load config from \"c:\\\\Dev\\\\focus-bonus-app\\\\dataconnect\": could not find dataconnect.yaml in `c:\\Dev\\focus-bonus-app\\dataconnect`\n"}}
[debug] [2025-07-18T16:42:45.465Z] E0718 13:42:45.464662   17492 load.go:23] Could not load config from "c:\\Dev\\focus-bonus-app\\dataconnect": could not find dataconnect.yaml in `c:\Dev\focus-bonus-app\dataconnect`
 {"metadata":{"emulator":{"name":"dataconnect"},"message":"E0718 13:42:45.464662   17492 load.go:23] Could not load config from \"c:\\\\Dev\\\\focus-bonus-app\\\\dataconnect\": could not find dataconnect.yaml in `c:\\Dev\\focus-bonus-app\\dataconnect`\n"}}
[debug] [2025-07-18T16:42:55.465Z] E0718 13:42:55.465216   17492 load.go:23] Could not load config from "c:\\Dev\\focus-bonus-app\\dataconnect": could not find dataconnect.yaml in `c:\Dev\focus-bonus-app\dataconnect`
 {"metadata":{"emulator":{"name":"dataconnect"},"message":"E0718 13:42:55.465216   17492 load.go:23] Could not load config from \"c:\\\\Dev\\\\focus-bonus-app\\\\dataconnect\": could not find dataconnect.yaml in `c:\\Dev\\focus-bonus-app\\dataconnect`\n"}}
[debug] [2025-07-18T16:43:05.464Z] E0718 13:43:05.464462   17492 load.go:23] Could not load config from "c:\\Dev\\focus-bonus-app\\dataconnect": could not find dataconnect.yaml in `c:\Dev\focus-bonus-app\dataconnect`
 {"metadata":{"emulator":{"name":"dataconnect"},"message":"E0718 13:43:05.464462   17492 load.go:23] Could not load config from \"c:\\\\Dev\\\\focus-bonus-app\\\\dataconnect\": could not find dataconnect.yaml in `c:\\Dev\\focus-bonus-app\\dataconnect`\n"}}
[debug] [2025-07-18T16:43:15.465Z] E0718 13:43:15.464681   17492 load.go:23] Could not load config from "c:\\Dev\\focus-bonus-app\\dataconnect": could not find dataconnect.yaml in `c:\Dev\focus-bonus-app\dataconnect`
 {"metadata":{"emulator":{"name":"dataconnect"},"message":"E0718 13:43:15.464681   17492 load.go:23] Could not load config from \"c:\\\\Dev\\\\focus-bonus-app\\\\dataconnect\": could not find dataconnect.yaml in `c:\\Dev\\focus-bonus-app\\dataconnect`\n"}}
[debug] [2025-07-18T16:43:25.464Z] E0718 13:43:25.464595   17492 load.go:23] Could not load config from "c:\\Dev\\focus-bonus-app\\dataconnect": could not find dataconnect.yaml in `c:\Dev\focus-bonus-app\dataconnect`
 {"metadata":{"emulator":{"name":"dataconnect"},"message":"E0718 13:43:25.464595   17492 load.go:23] Could not load config from \"c:\\\\Dev\\\\focus-bonus-app\\\\dataconnect\": could not find dataconnect.yaml in `c:\\Dev\\focus-bonus-app\\dataconnect`\n"}}
[debug] [2025-07-18T16:43:35.464Z] E0718 13:43:35.464519   17492 load.go:23] Could not load config from "c:\\Dev\\focus-bonus-app\\dataconnect": could not find dataconnect.yaml in `c:\Dev\focus-bonus-app\dataconnect`
 {"metadata":{"emulator":{"name":"dataconnect"},"message":"E0718 13:43:35.464519   17492 load.go:23] Could not load config from \"c:\\\\Dev\\\\focus-bonus-app\\\\dataconnect\": could not find dataconnect.yaml in `c:\\Dev\\focus-bonus-app\\dataconnect`\n"}}
[debug] [2025-07-18T16:43:45.465Z] E0718 13:43:45.464893   17492 load.go:23] Could not load config from "c:\\Dev\\focus-bonus-app\\dataconnect": could not find dataconnect.yaml in `c:\Dev\focus-bonus-app\dataconnect`
 {"metadata":{"emulator":{"name":"dataconnect"},"message":"E0718 13:43:45.464893   17492 load.go:23] Could not load config from \"c:\\\\Dev\\\\focus-bonus-app\\\\dataconnect\": could not find dataconnect.yaml in `c:\\Dev\\focus-bonus-app\\dataconnect`\n"}}
[debug] [2025-07-18T16:43:55.465Z] E0718 13:43:55.464914   17492 load.go:23] Could not load config from "c:\\Dev\\focus-bonus-app\\dataconnect": could not find dataconnect.yaml in `c:\Dev\focus-bonus-app\dataconnect`
 {"metadata":{"emulator":{"name":"dataconnect"},"message":"E0718 13:43:55.464914   17492 load.go:23] Could not load config from \"c:\\\\Dev\\\\focus-bonus-app\\\\dataconnect\": could not find dataconnect.yaml in `c:\\Dev\\focus-bonus-app\\dataconnect`\n"}}
[debug] [2025-07-18T16:44:05.465Z] E0718 13:44:05.464379   17492 load.go:23] Could not load config from "c:\\Dev\\focus-bonus-app\\dataconnect": could not find dataconnect.yaml in `c:\Dev\focus-bonus-app\dataconnect`
 {"metadata":{"emulator":{"name":"dataconnect"},"message":"E0718 13:44:05.464379   17492 load.go:23] Could not load config from \"c:\\\\Dev\\\\focus-bonus-app\\\\dataconnect\": could not find dataconnect.yaml in `c:\\Dev\\focus-bonus-app\\dataconnect`\n"}}
[debug] [2025-07-18T16:44:15.465Z] E0718 13:44:15.465205   17492 load.go:23] Could not load config from "c:\\Dev\\focus-bonus-app\\dataconnect": could not find dataconnect.yaml in `c:\Dev\focus-bonus-app\dataconnect`
 {"metadata":{"emulator":{"name":"dataconnect"},"message":"E0718 13:44:15.465205   17492 load.go:23] Could not load config from \"c:\\\\Dev\\\\focus-bonus-app\\\\dataconnect\": could not find dataconnect.yaml in `c:\\Dev\\focus-bonus-app\\dataconnect`\n"}}
[debug] [2025-07-18T16:44:25.465Z] E0718 13:44:25.465459   17492 load.go:23] Could not load config from "c:\\Dev\\focus-bonus-app\\dataconnect": could not find dataconnect.yaml in `c:\Dev\focus-bonus-app\dataconnect`
E0718 13:44:25.465459   17492 watch.go:76] watchAllDir unable to walk dir `c:\Dev\focus-bonus-app\dataconnect`: on path "c:\\Dev\\focus-bonus-app\\dataconnect" (DirEntry: <nil>): CreateFile c:\Dev\focus-bonus-app\dataconnect: The system cannot find the file specified.
 {"metadata":{"emulator":{"name":"dataconnect"},"message":"E0718 13:44:25.465459   17492 load.go:23] Could not load config from \"c:\\\\Dev\\\\focus-bonus-app\\\\dataconnect\": could not find dataconnect.yaml in `c:\\Dev\\focus-bonus-app\\dataconnect`\nE0718 13:44:25.465459   17492 watch.go:76] watchAllDir unable to walk dir `c:\\Dev\\focus-bonus-app\\dataconnect`: on path \"c:\\\\Dev\\\\focus-bonus-app\\\\dataconnect\" (DirEntry: <nil>): CreateFile c:\\Dev\\focus-bonus-app\\dataconnect: The system cannot find the file specified.\n"}}
[debug] [2025-07-18T16:44:35.465Z] E0718 13:44:35.465226   17492 load.go:23] Could not load config from "c:\\Dev\\focus-bonus-app\\dataconnect": could not find dataconnect.yaml in `c:\Dev\focus-bonus-app\dataconnect`
 {"metadata":{"emulator":{"name":"dataconnect"},"message":"E0718 13:44:35.465226   17492 load.go:23] Could not load config from \"c:\\\\Dev\\\\focus-bonus-app\\\\dataconnect\": could not find dataconnect.yaml in `c:\\Dev\\focus-bonus-app\\dataconnect`\n"}}
[debug] [2025-07-18T16:44:45.465Z] E0718 13:44:45.465382   17492 load.go:23] Could not load config from "c:\\Dev\\focus-bonus-app\\dataconnect": could not find dataconnect.yaml in `c:\Dev\focus-bonus-app\dataconnect`
 {"metadata":{"emulator":{"name":"dataconnect"},"message":"E0718 13:44:45.465382   17492 load.go:23] Could not load config from \"c:\\\\Dev\\\\focus-bonus-app\\\\dataconnect\": could not find dataconnect.yaml in `c:\\Dev\\focus-bonus-app\\dataconnect`\n"}}
[debug] [2025-07-18T16:44:55.465Z] E0718 13:44:55.465712   17492 load.go:23] Could not load config from "c:\\Dev\\focus-bonus-app\\dataconnect": could not find dataconnect.yaml in `c:\Dev\focus-bonus-app\dataconnect`
 {"metadata":{"emulator":{"name":"dataconnect"},"message":"E0718 13:44:55.465712   17492 load.go:23] Could not load config from \"c:\\\\Dev\\\\focus-bonus-app\\\\dataconnect\": could not find dataconnect.yaml in `c:\\Dev\\focus-bonus-app\\dataconnect`\n"}}
[debug] [2025-07-18T16:45:05.464Z] E0718 13:45:05.464597   17492 load.go:23] Could not load config from "c:\\Dev\\focus-bonus-app\\dataconnect": could not find dataconnect.yaml in `c:\Dev\focus-bonus-app\dataconnect`
 {"metadata":{"emulator":{"name":"dataconnect"},"message":"E0718 13:45:05.464597   17492 load.go:23] Could not load config from \"c:\\\\Dev\\\\focus-bonus-app\\\\dataconnect\": could not find dataconnect.yaml in `c:\\Dev\\focus-bonus-app\\dataconnect`\n"}}
[debug] [2025-07-18T16:45:15.465Z] E0718 13:45:15.464591   17492 load.go:23] Could not load config from "c:\\Dev\\focus-bonus-app\\dataconnect": could not find dataconnect.yaml in `c:\Dev\focus-bonus-app\dataconnect`
 {"metadata":{"emulator":{"name":"dataconnect"},"message":"E0718 13:45:15.464591   17492 load.go:23] Could not load config from \"c:\\\\Dev\\\\focus-bonus-app\\\\dataconnect\": could not find dataconnect.yaml in `c:\\Dev\\focus-bonus-app\\dataconnect`\n"}}
[debug] [2025-07-18T16:45:25.465Z] E0718 13:45:25.465372   17492 load.go:23] Could not load config from "c:\\Dev\\focus-bonus-app\\dataconnect": could not find dataconnect.yaml in `c:\Dev\focus-bonus-app\dataconnect`
 {"metadata":{"emulator":{"name":"dataconnect"},"message":"E0718 13:45:25.465372   17492 load.go:23] Could not load config from \"c:\\\\Dev\\\\focus-bonus-app\\\\dataconnect\": could not find dataconnect.yaml in `c:\\Dev\\focus-bonus-app\\dataconnect`\n"}}
[debug] [2025-07-18T16:45:35.465Z] E0718 13:45:35.465054   17492 load.go:23] Could not load config from "c:\\Dev\\focus-bonus-app\\dataconnect": could not find dataconnect.yaml in `c:\Dev\focus-bonus-app\dataconnect`
 {"metadata":{"emulator":{"name":"dataconnect"},"message":"E0718 13:45:35.465054   17492 load.go:23] Could not load config from \"c:\\\\Dev\\\\focus-bonus-app\\\\dataconnect\": could not find dataconnect.yaml in `c:\\Dev\\focus-bonus-app\\dataconnect`\n"}}
[debug] [2025-07-18T16:45:45.466Z] E0718 13:45:45.464766   17492 load.go:23] Could not load config from "c:\\Dev\\focus-bonus-app\\dataconnect": could not find dataconnect.yaml in `c:\Dev\focus-bonus-app\dataconnect`
 {"metadata":{"emulator":{"name":"dataconnect"},"message":"E0718 13:45:45.464766   17492 load.go:23] Could not load config from \"c:\\\\Dev\\\\focus-bonus-app\\\\dataconnect\": could not find dataconnect.yaml in `c:\\Dev\\focus-bonus-app\\dataconnect`\n"}}
[debug] [2025-07-18T16:45:55.466Z] E0718 13:45:55.465964   17492 load.go:23] Could not load config from "c:\\Dev\\focus-bonus-app\\dataconnect": could not find dataconnect.yaml in `c:\Dev\focus-bonus-app\dataconnect`
 {"metadata":{"emulator":{"name":"dataconnect"},"message":"E0718 13:45:55.465964   17492 load.go:23] Could not load config from \"c:\\\\Dev\\\\focus-bonus-app\\\\dataconnect\": could not find dataconnect.yaml in `c:\\Dev\\focus-bonus-app\\dataconnect`\n"}}
[debug] [2025-07-18T16:46:05.469Z] E0718 13:46:05.467846   17492 load.go:23] Could not load config from "c:\\Dev\\focus-bonus-app\\dataconnect": could not find dataconnect.yaml in `c:\Dev\focus-bonus-app\dataconnect`
 {"metadata":{"emulator":{"name":"dataconnect"},"message":"E0718 13:46:05.467846   17492 load.go:23] Could not load config from \"c:\\\\Dev\\\\focus-bonus-app\\\\dataconnect\": could not find dataconnect.yaml in `c:\\Dev\\focus-bonus-app\\dataconnect`\n"}}
[debug] [2025-07-18T16:46:15.466Z] E0718 13:46:15.465412   17492 load.go:23] Could not load config from "c:\\Dev\\focus-bonus-app\\dataconnect": could not find dataconnect.yaml in `c:\Dev\focus-bonus-app\dataconnect`
 {"metadata":{"emulator":{"name":"dataconnect"},"message":"E0718 13:46:15.465412   17492 load.go:23] Could not load config from \"c:\\\\Dev\\\\focus-bonus-app\\\\dataconnect\": could not find dataconnect.yaml in `c:\\Dev\\focus-bonus-app\\dataconnect`\n"}}
[debug] [2025-07-18T16:46:25.465Z] E0718 13:46:25.464742   17492 load.go:23] Could not load config from "c:\\Dev\\focus-bonus-app\\dataconnect": could not find dataconnect.yaml in `c:\Dev\focus-bonus-app\dataconnect`
E0718 13:46:25.464742   17492 watch.go:76] watchAllDir unable to walk dir `c:\Dev\focus-bonus-app\dataconnect`: on path "c:\\Dev\\focus-bonus-app\\dataconnect" (DirEntry: <nil>): CreateFile c:\Dev\focus-bonus-app\dataconnect: The system cannot find the file specified.
 {"metadata":{"emulator":{"name":"dataconnect"},"message":"E0718 13:46:25.464742   17492 load.go:23] Could not load config from \"c:\\\\Dev\\\\focus-bonus-app\\\\dataconnect\": could not find dataconnect.yaml in `c:\\Dev\\focus-bonus-app\\dataconnect`\nE0718 13:46:25.464742   17492 watch.go:76] watchAllDir unable to walk dir `c:\\Dev\\focus-bonus-app\\dataconnect`: on path \"c:\\\\Dev\\\\focus-bonus-app\\\\dataconnect\" (DirEntry: <nil>): CreateFile c:\\Dev\\focus-bonus-app\\dataconnect: The system cannot find the file specified.\n"}}
[debug] [2025-07-18T16:46:35.467Z] E0718 13:46:35.466217   17492 load.go:23] Could not load config from "c:\\Dev\\focus-bonus-app\\dataconnect": could not find dataconnect.yaml in `c:\Dev\focus-bonus-app\dataconnect`
 {"metadata":{"emulator":{"name":"dataconnect"},"message":"E0718 13:46:35.466217   17492 load.go:23] Could not load config from \"c:\\\\Dev\\\\focus-bonus-app\\\\dataconnect\": could not find dataconnect.yaml in `c:\\Dev\\focus-bonus-app\\dataconnect`\n"}}
[debug] [2025-07-18T16:46:45.468Z] E0718 13:46:45.467863   17492 load.go:23] Could not load config from "c:\\Dev\\focus-bonus-app\\dataconnect": could not find dataconnect.yaml in `c:\Dev\focus-bonus-app\dataconnect`
 {"metadata":{"emulator":{"name":"dataconnect"},"message":"E0718 13:46:45.467863   17492 load.go:23] Could not load config from \"c:\\\\Dev\\\\focus-bonus-app\\\\dataconnect\": could not find dataconnect.yaml in `c:\\Dev\\focus-bonus-app\\dataconnect`\n"}}
[debug] [2025-07-18T16:46:55.465Z] E0718 13:46:55.465141   17492 load.go:23] Could not load config from "c:\\Dev\\focus-bonus-app\\dataconnect": could not find dataconnect.yaml in `c:\Dev\focus-bonus-app\dataconnect`
 {"metadata":{"emulator":{"name":"dataconnect"},"message":"E0718 13:46:55.465141   17492 load.go:23] Could not load config from \"c:\\\\Dev\\\\focus-bonus-app\\\\dataconnect\": could not find dataconnect.yaml in `c:\\Dev\\focus-bonus-app\\dataconnect`\n"}}
[debug] [2025-07-18T16:47:05.464Z] E0718 13:47:05.464888   17492 load.go:23] Could not load config from "c:\\Dev\\focus-bonus-app\\dataconnect": could not find dataconnect.yaml in `c:\Dev\focus-bonus-app\dataconnect`
 {"metadata":{"emulator":{"name":"dataconnect"},"message":"E0718 13:47:05.464888   17492 load.go:23] Could not load config from \"c:\\\\Dev\\\\focus-bonus-app\\\\dataconnect\": could not find dataconnect.yaml in `c:\\Dev\\focus-bonus-app\\dataconnect`\n"}}
[debug] [2025-07-18T16:47:15.465Z] E0718 13:47:15.465279   17492 load.go:23] Could not load config from "c:\\Dev\\focus-bonus-app\\dataconnect": could not find dataconnect.yaml in `c:\Dev\focus-bonus-app\dataconnect`
 {"metadata":{"emulator":{"name":"dataconnect"},"message":"E0718 13:47:15.465279   17492 load.go:23] Could not load config from \"c:\\\\Dev\\\\focus-bonus-app\\\\dataconnect\": could not find dataconnect.yaml in `c:\\Dev\\focus-bonus-app\\dataconnect`\n"}}
[debug] [2025-07-18T16:47:25.464Z] E0718 13:47:25.464651   17492 load.go:23] Could not load config from "c:\\Dev\\focus-bonus-app\\dataconnect": could not find dataconnect.yaml in `c:\Dev\focus-bonus-app\dataconnect`
 {"metadata":{"emulator":{"name":"dataconnect"},"message":"E0718 13:47:25.464651   17492 load.go:23] Could not load config from \"c:\\\\Dev\\\\focus-bonus-app\\\\dataconnect\": could not find dataconnect.yaml in `c:\\Dev\\focus-bonus-app\\dataconnect`\n"}}
[debug] [2025-07-18T16:47:35.465Z] E0718 13:47:35.465374   17492 load.go:23] Could not load config from "c:\\Dev\\focus-bonus-app\\dataconnect": could not find dataconnect.yaml in `c:\Dev\focus-bonus-app\dataconnect`
 {"metadata":{"emulator":{"name":"dataconnect"},"message":"E0718 13:47:35.465374   17492 load.go:23] Could not load config from \"c:\\\\Dev\\\\focus-bonus-app\\\\dataconnect\": could not find dataconnect.yaml in `c:\\Dev\\focus-bonus-app\\dataconnect`\n"}}
[debug] [2025-07-18T16:47:45.465Z] E0718 13:47:45.464360   17492 load.go:23] Could not load config from "c:\\Dev\\focus-bonus-app\\dataconnect": could not find dataconnect.yaml in `c:\Dev\focus-bonus-app\dataconnect`
 {"metadata":{"emulator":{"name":"dataconnect"},"message":"E0718 13:47:45.464360   17492 load.go:23] Could not load config from \"c:\\\\Dev\\\\focus-bonus-app\\\\dataconnect\": could not find dataconnect.yaml in `c:\\Dev\\focus-bonus-app\\dataconnect`\n"}}
[debug] [2025-07-18T16:47:55.466Z] E0718 13:47:55.465385   17492 load.go:23] Could not load config from "c:\\Dev\\focus-bonus-app\\dataconnect": could not find dataconnect.yaml in `c:\Dev\focus-bonus-app\dataconnect`
 {"metadata":{"emulator":{"name":"dataconnect"},"message":"E0718 13:47:55.465385   17492 load.go:23] Could not load config from \"c:\\\\Dev\\\\focus-bonus-app\\\\dataconnect\": could not find dataconnect.yaml in `c:\\Dev\\focus-bonus-app\\dataconnect`\n"}}
[debug] [2025-07-18T16:48:05.465Z] E0718 13:48:05.465752   17492 load.go:23] Could not load config from "c:\\Dev\\focus-bonus-app\\dataconnect": could not find dataconnect.yaml in `c:\Dev\focus-bonus-app\dataconnect`
 {"metadata":{"emulator":{"name":"dataconnect"},"message":"E0718 13:48:05.465752   17492 load.go:23] Could not load config from \"c:\\\\Dev\\\\focus-bonus-app\\\\dataconnect\": could not find dataconnect.yaml in `c:\\Dev\\focus-bonus-app\\dataconnect`\n"}}
[debug] [2025-07-18T16:48:15.465Z] E0718 13:48:15.464595   17492 load.go:23] Could not load config from "c:\\Dev\\focus-bonus-app\\dataconnect": could not find dataconnect.yaml in `c:\Dev\focus-bonus-app\dataconnect`
 {"metadata":{"emulator":{"name":"dataconnect"},"message":"E0718 13:48:15.464595   17492 load.go:23] Could not load config from \"c:\\\\Dev\\\\focus-bonus-app\\\\dataconnect\": could not find dataconnect.yaml in `c:\\Dev\\focus-bonus-app\\dataconnect`\n"}}
[debug] [2025-07-18T16:48:25.465Z] E0718 13:48:25.465227   17492 load.go:23] Could not load config from "c:\\Dev\\focus-bonus-app\\dataconnect": could not find dataconnect.yaml in `c:\Dev\focus-bonus-app\dataconnect`
E0718 13:48:25.465227   17492 watch.go:76] watchAllDir unable to walk dir `c:\Dev\focus-bonus-app\dataconnect`: on path "c:\\Dev\\focus-bonus-app\\dataconnect" (DirEntry: <nil>): CreateFile c:\Dev\focus-bonus-app\dataconnect: The system cannot find the file specified.
 {"metadata":{"emulator":{"name":"dataconnect"},"message":"E0718 13:48:25.465227   17492 load.go:23] Could not load config from \"c:\\\\Dev\\\\focus-bonus-app\\\\dataconnect\": could not find dataconnect.yaml in `c:\\Dev\\focus-bonus-app\\dataconnect`\nE0718 13:48:25.465227   17492 watch.go:76] watchAllDir unable to walk dir `c:\\Dev\\focus-bonus-app\\dataconnect`: on path \"c:\\\\Dev\\\\focus-bonus-app\\\\dataconnect\" (DirEntry: <nil>): CreateFile c:\\Dev\\focus-bonus-app\\dataconnect: The system cannot find the file specified.\n"}}
[debug] [2025-07-18T16:48:35.465Z] E0718 13:48:35.464743   17492 load.go:23] Could not load config from "c:\\Dev\\focus-bonus-app\\dataconnect": could not find dataconnect.yaml in `c:\Dev\focus-bonus-app\dataconnect`
 {"metadata":{"emulator":{"name":"dataconnect"},"message":"E0718 13:48:35.464743   17492 load.go:23] Could not load config from \"c:\\\\Dev\\\\focus-bonus-app\\\\dataconnect\": could not find dataconnect.yaml in `c:\\Dev\\focus-bonus-app\\dataconnect`\n"}}
[debug] [2025-07-18T16:48:45.464Z] E0718 13:48:45.464373   17492 load.go:23] Could not load config from "c:\\Dev\\focus-bonus-app\\dataconnect": could not find dataconnect.yaml in `c:\Dev\focus-bonus-app\dataconnect`
 {"metadata":{"emulator":{"name":"dataconnect"},"message":"E0718 13:48:45.464373   17492 load.go:23] Could not load config from \"c:\\\\Dev\\\\focus-bonus-app\\\\dataconnect\": could not find dataconnect.yaml in `c:\\Dev\\focus-bonus-app\\dataconnect`\n"}}
[debug] [2025-07-18T16:48:55.464Z] E0718 13:48:55.465075   17492 load.go:23] Could not load config from "c:\\Dev\\focus-bonus-app\\dataconnect": could not find dataconnect.yaml in `c:\Dev\focus-bonus-app\dataconnect`
 {"metadata":{"emulator":{"name":"dataconnect"},"message":"E0718 13:48:55.465075   17492 load.go:23] Could not load config from \"c:\\\\Dev\\\\focus-bonus-app\\\\dataconnect\": could not find dataconnect.yaml in `c:\\Dev\\focus-bonus-app\\dataconnect`\n"}}
[debug] [2025-07-18T16:49:05.465Z] E0718 13:49:05.465016   17492 load.go:23] Could not load config from "c:\\Dev\\focus-bonus-app\\dataconnect": could not find dataconnect.yaml in `c:\Dev\focus-bonus-app\dataconnect`
 {"metadata":{"emulator":{"name":"dataconnect"},"message":"E0718 13:49:05.465016   17492 load.go:23] Could not load config from \"c:\\\\Dev\\\\focus-bonus-app\\\\dataconnect\": could not find dataconnect.yaml in `c:\\Dev\\focus-bonus-app\\dataconnect`\n"}}
[debug] [2025-07-18T16:49:15.465Z] E0718 13:49:15.464861   17492 load.go:23] Could not load config from "c:\\Dev\\focus-bonus-app\\dataconnect": could not find dataconnect.yaml in `c:\Dev\focus-bonus-app\dataconnect`
 {"metadata":{"emulator":{"name":"dataconnect"},"message":"E0718 13:49:15.464861   17492 load.go:23] Could not load config from \"c:\\\\Dev\\\\focus-bonus-app\\\\dataconnect\": could not find dataconnect.yaml in `c:\\Dev\\focus-bonus-app\\dataconnect`\n"}}
[debug] [2025-07-18T16:49:25.465Z] E0718 13:49:25.464951   17492 load.go:23] Could not load config from "c:\\Dev\\focus-bonus-app\\dataconnect": could not find dataconnect.yaml in `c:\Dev\focus-bonus-app\dataconnect`
 {"metadata":{"emulator":{"name":"dataconnect"},"message":"E0718 13:49:25.464951   17492 load.go:23] Could not load config from \"c:\\\\Dev\\\\focus-bonus-app\\\\dataconnect\": could not find dataconnect.yaml in `c:\\Dev\\focus-bonus-app\\dataconnect`\n"}}
[debug] [2025-07-18T16:49:35.465Z] E0718 13:49:35.464999   17492 load.go:23] Could not load config from "c:\\Dev\\focus-bonus-app\\dataconnect": could not find dataconnect.yaml in `c:\Dev\focus-bonus-app\dataconnect`
 {"metadata":{"emulator":{"name":"dataconnect"},"message":"E0718 13:49:35.464999   17492 load.go:23] Could not load config from \"c:\\\\Dev\\\\focus-bonus-app\\\\dataconnect\": could not find dataconnect.yaml in `c:\\Dev\\focus-bonus-app\\dataconnect`\n"}}
[debug] [2025-07-18T16:49:45.465Z] E0718 13:49:45.464788   17492 load.go:23] Could not load config from "c:\\Dev\\focus-bonus-app\\dataconnect": could not find dataconnect.yaml in `c:\Dev\focus-bonus-app\dataconnect`
 {"metadata":{"emulator":{"name":"dataconnect"},"message":"E0718 13:49:45.464788   17492 load.go:23] Could not load config from \"c:\\\\Dev\\\\focus-bonus-app\\\\dataconnect\": could not find dataconnect.yaml in `c:\\Dev\\focus-bonus-app\\dataconnect`\n"}}
[debug] [2025-07-18T16:49:55.465Z] E0718 13:49:55.464854   17492 load.go:23] Could not load config from "c:\\Dev\\focus-bonus-app\\dataconnect": could not find dataconnect.yaml in `c:\Dev\focus-bonus-app\dataconnect`
 {"metadata":{"emulator":{"name":"dataconnect"},"message":"E0718 13:49:55.464854   17492 load.go:23] Could not load config from \"c:\\\\Dev\\\\focus-bonus-app\\\\dataconnect\": could not find dataconnect.yaml in `c:\\Dev\\focus-bonus-app\\dataconnect`\n"}}
[debug] [2025-07-18T16:50:05.465Z] E0718 13:50:05.465145   17492 load.go:23] Could not load config from "c:\\Dev\\focus-bonus-app\\dataconnect": could not find dataconnect.yaml in `c:\Dev\focus-bonus-app\dataconnect`
 {"metadata":{"emulator":{"name":"dataconnect"},"message":"E0718 13:50:05.465145   17492 load.go:23] Could not load config from \"c:\\\\Dev\\\\focus-bonus-app\\\\dataconnect\": could not find dataconnect.yaml in `c:\\Dev\\focus-bonus-app\\dataconnect`\n"}}
[debug] [2025-07-18T16:50:15.464Z] E0718 13:50:15.464859   17492 load.go:23] Could not load config from "c:\\Dev\\focus-bonus-app\\dataconnect": could not find dataconnect.yaml in `c:\Dev\focus-bonus-app\dataconnect`
 {"metadata":{"emulator":{"name":"dataconnect"},"message":"E0718 13:50:15.464859   17492 load.go:23] Could not load config from \"c:\\\\Dev\\\\focus-bonus-app\\\\dataconnect\": could not find dataconnect.yaml in `c:\\Dev\\focus-bonus-app\\dataconnect`\n"}}
[debug] [2025-07-18T16:50:25.466Z] E0718 13:50:25.465784   17492 load.go:23] Could not load config from "c:\\Dev\\focus-bonus-app\\dataconnect": could not find dataconnect.yaml in `c:\Dev\focus-bonus-app\dataconnect`
E0718 13:50:25.466274   17492 watch.go:76] watchAllDir unable to walk dir `c:\Dev\focus-bonus-app\dataconnect`: on path "c:\\Dev\\focus-bonus-app\\dataconnect" (DirEntry: <nil>): CreateFile c:\Dev\focus-bonus-app\dataconnect: The system cannot find the file specified.
 {"metadata":{"emulator":{"name":"dataconnect"},"message":"E0718 13:50:25.465784   17492 load.go:23] Could not load config from \"c:\\\\Dev\\\\focus-bonus-app\\\\dataconnect\": could not find dataconnect.yaml in `c:\\Dev\\focus-bonus-app\\dataconnect`\nE0718 13:50:25.466274   17492 watch.go:76] watchAllDir unable to walk dir `c:\\Dev\\focus-bonus-app\\dataconnect`: on path \"c:\\\\Dev\\\\focus-bonus-app\\\\dataconnect\" (DirEntry: <nil>): CreateFile c:\\Dev\\focus-bonus-app\\dataconnect: The system cannot find the file specified.\n"}}
[debug] [2025-07-18T16:50:35.466Z] E0718 13:50:35.465454   17492 load.go:23] Could not load config from "c:\\Dev\\focus-bonus-app\\dataconnect": could not find dataconnect.yaml in `c:\Dev\focus-bonus-app\dataconnect`
 {"metadata":{"emulator":{"name":"dataconnect"},"message":"E0718 13:50:35.465454   17492 load.go:23] Could not load config from \"c:\\\\Dev\\\\focus-bonus-app\\\\dataconnect\": could not find dataconnect.yaml in `c:\\Dev\\focus-bonus-app\\dataconnect`\n"}}
[debug] [2025-07-18T16:50:45.465Z] E0718 13:50:45.464507   17492 load.go:23] Could not load config from "c:\\Dev\\focus-bonus-app\\dataconnect": could not find dataconnect.yaml in `c:\Dev\focus-bonus-app\dataconnect`
 {"metadata":{"emulator":{"name":"dataconnect"},"message":"E0718 13:50:45.464507   17492 load.go:23] Could not load config from \"c:\\\\Dev\\\\focus-bonus-app\\\\dataconnect\": could not find dataconnect.yaml in `c:\\Dev\\focus-bonus-app\\dataconnect`\n"}}
[debug] [2025-07-18T16:50:55.466Z] E0718 13:50:55.467068   17492 load.go:23] Could not load config from "c:\\Dev\\focus-bonus-app\\dataconnect": could not find dataconnect.yaml in `c:\Dev\focus-bonus-app\dataconnect`
 {"metadata":{"emulator":{"name":"dataconnect"},"message":"E0718 13:50:55.467068   17492 load.go:23] Could not load config from \"c:\\\\Dev\\\\focus-bonus-app\\\\dataconnect\": could not find dataconnect.yaml in `c:\\Dev\\focus-bonus-app\\dataconnect`\n"}}
[debug] [2025-07-18T16:51:05.464Z] E0718 13:51:05.464462   17492 load.go:23] Could not load config from "c:\\Dev\\focus-bonus-app\\dataconnect": could not find dataconnect.yaml in `c:\Dev\focus-bonus-app\dataconnect`
 {"metadata":{"emulator":{"name":"dataconnect"},"message":"E0718 13:51:05.464462   17492 load.go:23] Could not load config from \"c:\\\\Dev\\\\focus-bonus-app\\\\dataconnect\": could not find dataconnect.yaml in `c:\\Dev\\focus-bonus-app\\dataconnect`\n"}}
[debug] [2025-07-18T16:51:15.466Z] E0718 13:51:15.465519   17492 load.go:23] Could not load config from "c:\\Dev\\focus-bonus-app\\dataconnect": could not find dataconnect.yaml in `c:\Dev\focus-bonus-app\dataconnect`
 {"metadata":{"emulator":{"name":"dataconnect"},"message":"E0718 13:51:15.465519   17492 load.go:23] Could not load config from \"c:\\\\Dev\\\\focus-bonus-app\\\\dataconnect\": could not find dataconnect.yaml in `c:\\Dev\\focus-bonus-app\\dataconnect`\n"}}
[debug] [2025-07-18T16:51:25.466Z] E0718 13:51:25.465737   17492 load.go:23] Could not load config from "c:\\Dev\\focus-bonus-app\\dataconnect": could not find dataconnect.yaml in `c:\Dev\focus-bonus-app\dataconnect`
 {"metadata":{"emulator":{"name":"dataconnect"},"message":"E0718 13:51:25.465737   17492 load.go:23] Could not load config from \"c:\\\\Dev\\\\focus-bonus-app\\\\dataconnect\": could not find dataconnect.yaml in `c:\\Dev\\focus-bonus-app\\dataconnect`\n"}}
[debug] [2025-07-18T16:51:35.468Z] E0718 13:51:35.466938   17492 load.go:23] Could not load config from "c:\\Dev\\focus-bonus-app\\dataconnect": could not find dataconnect.yaml in `c:\Dev\focus-bonus-app\dataconnect`
 {"metadata":{"emulator":{"name":"dataconnect"},"message":"E0718 13:51:35.466938   17492 load.go:23] Could not load config from \"c:\\\\Dev\\\\focus-bonus-app\\\\dataconnect\": could not find dataconnect.yaml in `c:\\Dev\\focus-bonus-app\\dataconnect`\n"}}
[debug] [2025-07-18T16:51:45.465Z] E0718 13:51:45.464939   17492 load.go:23] Could not load config from "c:\\Dev\\focus-bonus-app\\dataconnect": could not find dataconnect.yaml in `c:\Dev\focus-bonus-app\dataconnect`
 {"metadata":{"emulator":{"name":"dataconnect"},"message":"E0718 13:51:45.464939   17492 load.go:23] Could not load config from \"c:\\\\Dev\\\\focus-bonus-app\\\\dataconnect\": could not find dataconnect.yaml in `c:\\Dev\\focus-bonus-app\\dataconnect`\n"}}
[debug] [2025-07-18T16:51:55.471Z] E0718 13:51:55.471239   17492 load.go:23] Could not load config from "c:\\Dev\\focus-bonus-app\\dataconnect": could not find dataconnect.yaml in `c:\Dev\focus-bonus-app\dataconnect`
 {"metadata":{"emulator":{"name":"dataconnect"},"message":"E0718 13:51:55.471239   17492 load.go:23] Could not load config from \"c:\\\\Dev\\\\focus-bonus-app\\\\dataconnect\": could not find dataconnect.yaml in `c:\\Dev\\focus-bonus-app\\dataconnect`\n"}}
[debug] [2025-07-18T16:52:05.464Z] E0718 13:52:05.464528   17492 load.go:23] Could not load config from "c:\\Dev\\focus-bonus-app\\dataconnect": could not find dataconnect.yaml in `c:\Dev\focus-bonus-app\dataconnect`
 {"metadata":{"emulator":{"name":"dataconnect"},"message":"E0718 13:52:05.464528   17492 load.go:23] Could not load config from \"c:\\\\Dev\\\\focus-bonus-app\\\\dataconnect\": could not find dataconnect.yaml in `c:\\Dev\\focus-bonus-app\\dataconnect`\n"}}
[debug] [2025-07-18T16:52:15.465Z] E0718 13:52:15.464970   17492 load.go:23] Could not load config from "c:\\Dev\\focus-bonus-app\\dataconnect": could not find dataconnect.yaml in `c:\Dev\focus-bonus-app\dataconnect`
 {"metadata":{"emulator":{"name":"dataconnect"},"message":"E0718 13:52:15.464970   17492 load.go:23] Could not load config from \"c:\\\\Dev\\\\focus-bonus-app\\\\dataconnect\": could not find dataconnect.yaml in `c:\\Dev\\focus-bonus-app\\dataconnect`\n"}}
[debug] [2025-07-18T16:52:25.464Z] E0718 13:52:25.464293   17492 load.go:23] Could not load config from "c:\\Dev\\focus-bonus-app\\dataconnect": could not find dataconnect.yaml in `c:\Dev\focus-bonus-app\dataconnect`
E0718 13:52:25.465035   17492 watch.go:76] watchAllDir unable to walk dir `c:\Dev\focus-bonus-app\dataconnect`: on path "c:\\Dev\\focus-bonus-app\\dataconnect" (DirEntry: <nil>): CreateFile c:\Dev\focus-bonus-app\dataconnect: The system cannot find the file specified.
 {"metadata":{"emulator":{"name":"dataconnect"},"message":"E0718 13:52:25.464293   17492 load.go:23] Could not load config from \"c:\\\\Dev\\\\focus-bonus-app\\\\dataconnect\": could not find dataconnect.yaml in `c:\\Dev\\focus-bonus-app\\dataconnect`\nE0718 13:52:25.465035   17492 watch.go:76] watchAllDir unable to walk dir `c:\\Dev\\focus-bonus-app\\dataconnect`: on path \"c:\\\\Dev\\\\focus-bonus-app\\\\dataconnect\" (DirEntry: <nil>): CreateFile c:\\Dev\\focus-bonus-app\\dataconnect: The system cannot find the file specified.\n"}}
[debug] [2025-07-18T16:52:35.464Z] E0718 13:52:35.464682   17492 load.go:23] Could not load config from "c:\\Dev\\focus-bonus-app\\dataconnect": could not find dataconnect.yaml in `c:\Dev\focus-bonus-app\dataconnect`
 {"metadata":{"emulator":{"name":"dataconnect"},"message":"E0718 13:52:35.464682   17492 load.go:23] Could not load config from \"c:\\\\Dev\\\\focus-bonus-app\\\\dataconnect\": could not find dataconnect.yaml in `c:\\Dev\\focus-bonus-app\\dataconnect`\n"}}
[debug] [2025-07-18T16:52:45.465Z] E0718 13:52:45.464981   17492 load.go:23] Could not load config from "c:\\Dev\\focus-bonus-app\\dataconnect": could not find dataconnect.yaml in `c:\Dev\focus-bonus-app\dataconnect`
 {"metadata":{"emulator":{"name":"dataconnect"},"message":"E0718 13:52:45.464981   17492 load.go:23] Could not load config from \"c:\\\\Dev\\\\focus-bonus-app\\\\dataconnect\": could not find dataconnect.yaml in `c:\\Dev\\focus-bonus-app\\dataconnect`\n"}}
[debug] [2025-07-18T16:52:55.465Z] E0718 13:52:55.465624   17492 load.go:23] Could not load config from "c:\\Dev\\focus-bonus-app\\dataconnect": could not find dataconnect.yaml in `c:\Dev\focus-bonus-app\dataconnect`
 {"metadata":{"emulator":{"name":"dataconnect"},"message":"E0718 13:52:55.465624   17492 load.go:23] Could not load config from \"c:\\\\Dev\\\\focus-bonus-app\\\\dataconnect\": could not find dataconnect.yaml in `c:\\Dev\\focus-bonus-app\\dataconnect`\n"}}
[debug] [2025-07-18T16:53:05.465Z] E0718 13:53:05.465662   17492 load.go:23] Could not load config from "c:\\Dev\\focus-bonus-app\\dataconnect": could not find dataconnect.yaml in `c:\Dev\focus-bonus-app\dataconnect`
 {"metadata":{"emulator":{"name":"dataconnect"},"message":"E0718 13:53:05.465662   17492 load.go:23] Could not load config from \"c:\\\\Dev\\\\focus-bonus-app\\\\dataconnect\": could not find dataconnect.yaml in `c:\\Dev\\focus-bonus-app\\dataconnect`\n"}}
[debug] [2025-07-18T16:53:15.465Z] E0718 13:53:15.464916   17492 load.go:23] Could not load config from "c:\\Dev\\focus-bonus-app\\dataconnect": could not find dataconnect.yaml in `c:\Dev\focus-bonus-app\dataconnect`
 {"metadata":{"emulator":{"name":"dataconnect"},"message":"E0718 13:53:15.464916   17492 load.go:23] Could not load config from \"c:\\\\Dev\\\\focus-bonus-app\\\\dataconnect\": could not find dataconnect.yaml in `c:\\Dev\\focus-bonus-app\\dataconnect`\n"}}
[debug] [2025-07-18T16:53:25.465Z] E0718 13:53:25.465202   17492 load.go:23] Could not load config from "c:\\Dev\\focus-bonus-app\\dataconnect": could not find dataconnect.yaml in `c:\Dev\focus-bonus-app\dataconnect`
 {"metadata":{"emulator":{"name":"dataconnect"},"message":"E0718 13:53:25.465202   17492 load.go:23] Could not load config from \"c:\\\\Dev\\\\focus-bonus-app\\\\dataconnect\": could not find dataconnect.yaml in `c:\\Dev\\focus-bonus-app\\dataconnect`\n"}}
[debug] [2025-07-18T16:53:35.465Z] E0718 13:53:35.465012   17492 load.go:23] Could not load config from "c:\\Dev\\focus-bonus-app\\dataconnect": could not find dataconnect.yaml in `c:\Dev\focus-bonus-app\dataconnect`
 {"metadata":{"emulator":{"name":"dataconnect"},"message":"E0718 13:53:35.465012   17492 load.go:23] Could not load config from \"c:\\\\Dev\\\\focus-bonus-app\\\\dataconnect\": could not find dataconnect.yaml in `c:\\Dev\\focus-bonus-app\\dataconnect`\n"}}
[debug] [2025-07-18T16:53:45.465Z] E0718 13:53:45.465129   17492 load.go:23] Could not load config from "c:\\Dev\\focus-bonus-app\\dataconnect": could not find dataconnect.yaml in `c:\Dev\focus-bonus-app\dataconnect`
 {"metadata":{"emulator":{"name":"dataconnect"},"message":"E0718 13:53:45.465129   17492 load.go:23] Could not load config from \"c:\\\\Dev\\\\focus-bonus-app\\\\dataconnect\": could not find dataconnect.yaml in `c:\\Dev\\focus-bonus-app\\dataconnect`\n"}}
[debug] [2025-07-18T16:53:55.466Z] E0718 13:53:55.465859   17492 load.go:23] Could not load config from "c:\\Dev\\focus-bonus-app\\dataconnect": could not find dataconnect.yaml in `c:\Dev\focus-bonus-app\dataconnect`
 {"metadata":{"emulator":{"name":"dataconnect"},"message":"E0718 13:53:55.465859   17492 load.go:23] Could not load config from \"c:\\\\Dev\\\\focus-bonus-app\\\\dataconnect\": could not find dataconnect.yaml in `c:\\Dev\\focus-bonus-app\\dataconnect`\n"}}
[debug] [2025-07-18T16:54:05.466Z] E0718 13:54:05.465267   17492 load.go:23] Could not load config from "c:\\Dev\\focus-bonus-app\\dataconnect": could not find dataconnect.yaml in `c:\Dev\focus-bonus-app\dataconnect`
 {"metadata":{"emulator":{"name":"dataconnect"},"message":"E0718 13:54:05.465267   17492 load.go:23] Could not load config from \"c:\\\\Dev\\\\focus-bonus-app\\\\dataconnect\": could not find dataconnect.yaml in `c:\\Dev\\focus-bonus-app\\dataconnect`\n"}}
[debug] [2025-07-18T16:54:15.465Z] E0718 13:54:15.465305   17492 load.go:23] Could not load config from "c:\\Dev\\focus-bonus-app\\dataconnect": could not find dataconnect.yaml in `c:\Dev\focus-bonus-app\dataconnect`
 {"metadata":{"emulator":{"name":"dataconnect"},"message":"E0718 13:54:15.465305   17492 load.go:23] Could not load config from \"c:\\\\Dev\\\\focus-bonus-app\\\\dataconnect\": could not find dataconnect.yaml in `c:\\Dev\\focus-bonus-app\\dataconnect`\n"}}
[debug] [2025-07-18T16:54:25.465Z] E0718 13:54:25.464745   17492 load.go:23] Could not load config from "c:\\Dev\\focus-bonus-app\\dataconnect": could not find dataconnect.yaml in `c:\Dev\focus-bonus-app\dataconnect`
E0718 13:54:25.465532   17492 watch.go:76] watchAllDir unable to walk dir `c:\Dev\focus-bonus-app\dataconnect`: on path "c:\\Dev\\focus-bonus-app\\dataconnect" (DirEntry: <nil>): CreateFile c:\Dev\focus-bonus-app\dataconnect: The system cannot find the file specified.
 {"metadata":{"emulator":{"name":"dataconnect"},"message":"E0718 13:54:25.464745   17492 load.go:23] Could not load config from \"c:\\\\Dev\\\\focus-bonus-app\\\\dataconnect\": could not find dataconnect.yaml in `c:\\Dev\\focus-bonus-app\\dataconnect`\nE0718 13:54:25.465532   17492 watch.go:76] watchAllDir unable to walk dir `c:\\Dev\\focus-bonus-app\\dataconnect`: on path \"c:\\\\Dev\\\\focus-bonus-app\\\\dataconnect\" (DirEntry: <nil>): CreateFile c:\\Dev\\focus-bonus-app\\dataconnect: The system cannot find the file specified.\n"}}
[debug] [2025-07-18T16:54:35.465Z] E0718 13:54:35.465252   17492 load.go:23] Could not load config from "c:\\Dev\\focus-bonus-app\\dataconnect": could not find dataconnect.yaml in `c:\Dev\focus-bonus-app\dataconnect`
 {"metadata":{"emulator":{"name":"dataconnect"},"message":"E0718 13:54:35.465252   17492 load.go:23] Could not load config from \"c:\\\\Dev\\\\focus-bonus-app\\\\dataconnect\": could not find dataconnect.yaml in `c:\\Dev\\focus-bonus-app\\dataconnect`\n"}}
[debug] [2025-07-18T16:54:45.465Z] E0718 13:54:45.464976   17492 load.go:23] Could not load config from "c:\\Dev\\focus-bonus-app\\dataconnect": could not find dataconnect.yaml in `c:\Dev\focus-bonus-app\dataconnect`
 {"metadata":{"emulator":{"name":"dataconnect"},"message":"E0718 13:54:45.464976   17492 load.go:23] Could not load config from \"c:\\\\Dev\\\\focus-bonus-app\\\\dataconnect\": could not find dataconnect.yaml in `c:\\Dev\\focus-bonus-app\\dataconnect`\n"}}
[debug] [2025-07-18T16:54:55.464Z] E0718 13:54:55.465041   17492 load.go:23] Could not load config from "c:\\Dev\\focus-bonus-app\\dataconnect": could not find dataconnect.yaml in `c:\Dev\focus-bonus-app\dataconnect`
 {"metadata":{"emulator":{"name":"dataconnect"},"message":"E0718 13:54:55.465041   17492 load.go:23] Could not load config from \"c:\\\\Dev\\\\focus-bonus-app\\\\dataconnect\": could not find dataconnect.yaml in `c:\\Dev\\focus-bonus-app\\dataconnect`\n"}}
[debug] [2025-07-18T16:55:05.466Z] E0718 13:55:05.466400   17492 load.go:23] Could not load config from "c:\\Dev\\focus-bonus-app\\dataconnect": could not find dataconnect.yaml in `c:\Dev\focus-bonus-app\dataconnect`
 {"metadata":{"emulator":{"name":"dataconnect"},"message":"E0718 13:55:05.466400   17492 load.go:23] Could not load config from \"c:\\\\Dev\\\\focus-bonus-app\\\\dataconnect\": could not find dataconnect.yaml in `c:\\Dev\\focus-bonus-app\\dataconnect`\n"}}
[debug] [2025-07-18T16:55:15.466Z] E0718 13:55:15.466091   17492 load.go:23] Could not load config from "c:\\Dev\\focus-bonus-app\\dataconnect": could not find dataconnect.yaml in `c:\Dev\focus-bonus-app\dataconnect`
 {"metadata":{"emulator":{"name":"dataconnect"},"message":"E0718 13:55:15.466091   17492 load.go:23] Could not load config from \"c:\\\\Dev\\\\focus-bonus-app\\\\dataconnect\": could not find dataconnect.yaml in `c:\\Dev\\focus-bonus-app\\dataconnect`\n"}}
[debug] [2025-07-18T16:55:25.464Z] E0718 13:55:25.464528   17492 load.go:23] Could not load config from "c:\\Dev\\focus-bonus-app\\dataconnect": could not find dataconnect.yaml in `c:\Dev\focus-bonus-app\dataconnect`
 {"metadata":{"emulator":{"name":"dataconnect"},"message":"E0718 13:55:25.464528   17492 load.go:23] Could not load config from \"c:\\\\Dev\\\\focus-bonus-app\\\\dataconnect\": could not find dataconnect.yaml in `c:\\Dev\\focus-bonus-app\\dataconnect`\n"}}
[debug] [2025-07-18T16:55:35.466Z] E0718 13:55:35.466817   17492 load.go:23] Could not load config from "c:\\Dev\\focus-bonus-app\\dataconnect": could not find dataconnect.yaml in `c:\Dev\focus-bonus-app\dataconnect`
 {"metadata":{"emulator":{"name":"dataconnect"},"message":"E0718 13:55:35.466817   17492 load.go:23] Could not load config from \"c:\\\\Dev\\\\focus-bonus-app\\\\dataconnect\": could not find dataconnect.yaml in `c:\\Dev\\focus-bonus-app\\dataconnect`\n"}}
[debug] [2025-07-18T16:55:45.466Z] E0718 13:55:45.465674   17492 load.go:23] Could not load config from "c:\\Dev\\focus-bonus-app\\dataconnect": could not find dataconnect.yaml in `c:\Dev\focus-bonus-app\dataconnect`
 {"metadata":{"emulator":{"name":"dataconnect"},"message":"E0718 13:55:45.465674   17492 load.go:23] Could not load config from \"c:\\\\Dev\\\\focus-bonus-app\\\\dataconnect\": could not find dataconnect.yaml in `c:\\Dev\\focus-bonus-app\\dataconnect`\n"}}
[debug] [2025-07-18T16:55:55.471Z] E0718 13:55:55.470481   17492 load.go:23] Could not load config from "c:\\Dev\\focus-bonus-app\\dataconnect": could not find dataconnect.yaml in `c:\Dev\focus-bonus-app\dataconnect`
 {"metadata":{"emulator":{"name":"dataconnect"},"message":"E0718 13:55:55.470481   17492 load.go:23] Could not load config from \"c:\\\\Dev\\\\focus-bonus-app\\\\dataconnect\": could not find dataconnect.yaml in `c:\\Dev\\focus-bonus-app\\dataconnect`\n"}}
[debug] [2025-07-18T16:56:05.465Z] E0718 13:56:05.465281   17492 load.go:23] Could not load config from "c:\\Dev\\focus-bonus-app\\dataconnect": could not find dataconnect.yaml in `c:\Dev\focus-bonus-app\dataconnect`
 {"metadata":{"emulator":{"name":"dataconnect"},"message":"E0718 13:56:05.465281   17492 load.go:23] Could not load config from \"c:\\\\Dev\\\\focus-bonus-app\\\\dataconnect\": could not find dataconnect.yaml in `c:\\Dev\\focus-bonus-app\\dataconnect`\n"}}
[debug] [2025-07-18T16:56:15.465Z] E0718 13:56:15.464754   17492 load.go:23] Could not load config from "c:\\Dev\\focus-bonus-app\\dataconnect": could not find dataconnect.yaml in `c:\Dev\focus-bonus-app\dataconnect`
 {"metadata":{"emulator":{"name":"dataconnect"},"message":"E0718 13:56:15.464754   17492 load.go:23] Could not load config from \"c:\\\\Dev\\\\focus-bonus-app\\\\dataconnect\": could not find dataconnect.yaml in `c:\\Dev\\focus-bonus-app\\dataconnect`\n"}}
[debug] [2025-07-18T16:56:25.467Z] E0718 13:56:25.465229   17492 load.go:23] Could not load config from "c:\\Dev\\focus-bonus-app\\dataconnect": could not find dataconnect.yaml in `c:\Dev\focus-bonus-app\dataconnect`
E0718 13:56:25.465229   17492 watch.go:76] watchAllDir unable to walk dir `c:\Dev\focus-bonus-app\dataconnect`: on path "c:\\Dev\\focus-bonus-app\\dataconnect" (DirEntry: <nil>): CreateFile c:\Dev\focus-bonus-app\dataconnect: The system cannot find the file specified.
 {"metadata":{"emulator":{"name":"dataconnect"},"message":"E0718 13:56:25.465229   17492 load.go:23] Could not load config from \"c:\\\\Dev\\\\focus-bonus-app\\\\dataconnect\": could not find dataconnect.yaml in `c:\\Dev\\focus-bonus-app\\dataconnect`\nE0718 13:56:25.465229   17492 watch.go:76] watchAllDir unable to walk dir `c:\\Dev\\focus-bonus-app\\dataconnect`: on path \"c:\\\\Dev\\\\focus-bonus-app\\\\dataconnect\" (DirEntry: <nil>): CreateFile c:\\Dev\\focus-bonus-app\\dataconnect: The system cannot find the file specified.\n"}}
[debug] [2025-07-18T16:56:35.465Z] E0718 13:56:35.465374   17492 load.go:23] Could not load config from "c:\\Dev\\focus-bonus-app\\dataconnect": could not find dataconnect.yaml in `c:\Dev\focus-bonus-app\dataconnect`
 {"metadata":{"emulator":{"name":"dataconnect"},"message":"E0718 13:56:35.465374   17492 load.go:23] Could not load config from \"c:\\\\Dev\\\\focus-bonus-app\\\\dataconnect\": could not find dataconnect.yaml in `c:\\Dev\\focus-bonus-app\\dataconnect`\n"}}
[debug] [2025-07-18T16:56:45.464Z] E0718 13:56:45.464871   17492 load.go:23] Could not load config from "c:\\Dev\\focus-bonus-app\\dataconnect": could not find dataconnect.yaml in `c:\Dev\focus-bonus-app\dataconnect`
 {"metadata":{"emulator":{"name":"dataconnect"},"message":"E0718 13:56:45.464871   17492 load.go:23] Could not load config from \"c:\\\\Dev\\\\focus-bonus-app\\\\dataconnect\": could not find dataconnect.yaml in `c:\\Dev\\focus-bonus-app\\dataconnect`\n"}}
[debug] [2025-07-18T16:56:55.465Z] E0718 13:56:55.464572   17492 load.go:23] Could not load config from "c:\\Dev\\focus-bonus-app\\dataconnect": could not find dataconnect.yaml in `c:\Dev\focus-bonus-app\dataconnect`
 {"metadata":{"emulator":{"name":"dataconnect"},"message":"E0718 13:56:55.464572   17492 load.go:23] Could not load config from \"c:\\\\Dev\\\\focus-bonus-app\\\\dataconnect\": could not find dataconnect.yaml in `c:\\Dev\\focus-bonus-app\\dataconnect`\n"}}
[debug] [2025-07-18T16:57:05.466Z] E0718 13:57:05.465457   17492 load.go:23] Could not load config from "c:\\Dev\\focus-bonus-app\\dataconnect": could not find dataconnect.yaml in `c:\Dev\focus-bonus-app\dataconnect`
 {"metadata":{"emulator":{"name":"dataconnect"},"message":"E0718 13:57:05.465457   17492 load.go:23] Could not load config from \"c:\\\\Dev\\\\focus-bonus-app\\\\dataconnect\": could not find dataconnect.yaml in `c:\\Dev\\focus-bonus-app\\dataconnect`\n"}}
[debug] [2025-07-18T16:57:15.464Z] E0718 13:57:15.464703   17492 load.go:23] Could not load config from "c:\\Dev\\focus-bonus-app\\dataconnect": could not find dataconnect.yaml in `c:\Dev\focus-bonus-app\dataconnect`
 {"metadata":{"emulator":{"name":"dataconnect"},"message":"E0718 13:57:15.464703   17492 load.go:23] Could not load config from \"c:\\\\Dev\\\\focus-bonus-app\\\\dataconnect\": could not find dataconnect.yaml in `c:\\Dev\\focus-bonus-app\\dataconnect`\n"}}
[debug] [2025-07-18T16:57:25.465Z] E0718 13:57:25.464964   17492 load.go:23] Could not load config from "c:\\Dev\\focus-bonus-app\\dataconnect": could not find dataconnect.yaml in `c:\Dev\focus-bonus-app\dataconnect`
 {"metadata":{"emulator":{"name":"dataconnect"},"message":"E0718 13:57:25.464964   17492 load.go:23] Could not load config from \"c:\\\\Dev\\\\focus-bonus-app\\\\dataconnect\": could not find dataconnect.yaml in `c:\\Dev\\focus-bonus-app\\dataconnect`\n"}}
[debug] [2025-07-18T16:57:35.465Z] E0718 13:57:35.464668   17492 load.go:23] Could not load config from "c:\\Dev\\focus-bonus-app\\dataconnect": could not find dataconnect.yaml in `c:\Dev\focus-bonus-app\dataconnect`
 {"metadata":{"emulator":{"name":"dataconnect"},"message":"E0718 13:57:35.464668   17492 load.go:23] Could not load config from \"c:\\\\Dev\\\\focus-bonus-app\\\\dataconnect\": could not find dataconnect.yaml in `c:\\Dev\\focus-bonus-app\\dataconnect`\n"}}
[debug] [2025-07-18T16:57:45.465Z] E0718 13:57:45.464855   17492 load.go:23] Could not load config from "c:\\Dev\\focus-bonus-app\\dataconnect": could not find dataconnect.yaml in `c:\Dev\focus-bonus-app\dataconnect`
 {"metadata":{"emulator":{"name":"dataconnect"},"message":"E0718 13:57:45.464855   17492 load.go:23] Could not load config from \"c:\\\\Dev\\\\focus-bonus-app\\\\dataconnect\": could not find dataconnect.yaml in `c:\\Dev\\focus-bonus-app\\dataconnect`\n"}}
[debug] [2025-07-18T16:57:55.465Z] E0718 13:57:55.464386   17492 load.go:23] Could not load config from "c:\\Dev\\focus-bonus-app\\dataconnect": could not find dataconnect.yaml in `c:\Dev\focus-bonus-app\dataconnect`
 {"metadata":{"emulator":{"name":"dataconnect"},"message":"E0718 13:57:55.464386   17492 load.go:23] Could not load config from \"c:\\\\Dev\\\\focus-bonus-app\\\\dataconnect\": could not find dataconnect.yaml in `c:\\Dev\\focus-bonus-app\\dataconnect`\n"}}
[debug] [2025-07-18T16:58:05.465Z] E0718 13:58:05.464938   17492 load.go:23] Could not load config from "c:\\Dev\\focus-bonus-app\\dataconnect": could not find dataconnect.yaml in `c:\Dev\focus-bonus-app\dataconnect`
 {"metadata":{"emulator":{"name":"dataconnect"},"message":"E0718 13:58:05.464938   17492 load.go:23] Could not load config from \"c:\\\\Dev\\\\focus-bonus-app\\\\dataconnect\": could not find dataconnect.yaml in `c:\\Dev\\focus-bonus-app\\dataconnect`\n"}}
[debug] [2025-07-18T16:58:15.465Z] E0718 13:58:15.465333   17492 load.go:23] Could not load config from "c:\\Dev\\focus-bonus-app\\dataconnect": could not find dataconnect.yaml in `c:\Dev\focus-bonus-app\dataconnect`
 {"metadata":{"emulator":{"name":"dataconnect"},"message":"E0718 13:58:15.465333   17492 load.go:23] Could not load config from \"c:\\\\Dev\\\\focus-bonus-app\\\\dataconnect\": could not find dataconnect.yaml in `c:\\Dev\\focus-bonus-app\\dataconnect`\n"}}
[debug] [2025-07-18T16:58:25.465Z] E0718 13:58:25.464647   17492 load.go:23] Could not load config from "c:\\Dev\\focus-bonus-app\\dataconnect": could not find dataconnect.yaml in `c:\Dev\focus-bonus-app\dataconnect`
E0718 13:58:25.465300   17492 watch.go:76] watchAllDir unable to walk dir `c:\Dev\focus-bonus-app\dataconnect`: on path "c:\\Dev\\focus-bonus-app\\dataconnect" (DirEntry: <nil>): CreateFile c:\Dev\focus-bonus-app\dataconnect: The system cannot find the file specified.
 {"metadata":{"emulator":{"name":"dataconnect"},"message":"E0718 13:58:25.464647   17492 load.go:23] Could not load config from \"c:\\\\Dev\\\\focus-bonus-app\\\\dataconnect\": could not find dataconnect.yaml in `c:\\Dev\\focus-bonus-app\\dataconnect`\nE0718 13:58:25.465300   17492 watch.go:76] watchAllDir unable to walk dir `c:\\Dev\\focus-bonus-app\\dataconnect`: on path \"c:\\\\Dev\\\\focus-bonus-app\\\\dataconnect\" (DirEntry: <nil>): CreateFile c:\\Dev\\focus-bonus-app\\dataconnect: The system cannot find the file specified.\n"}}
[debug] [2025-07-18T16:58:35.464Z] E0718 13:58:35.464370   17492 load.go:23] Could not load config from "c:\\Dev\\focus-bonus-app\\dataconnect": could not find dataconnect.yaml in `c:\Dev\focus-bonus-app\dataconnect`
 {"metadata":{"emulator":{"name":"dataconnect"},"message":"E0718 13:58:35.464370   17492 load.go:23] Could not load config from \"c:\\\\Dev\\\\focus-bonus-app\\\\dataconnect\": could not find dataconnect.yaml in `c:\\Dev\\focus-bonus-app\\dataconnect`\n"}}
[debug] [2025-07-18T16:58:45.464Z] E0718 13:58:45.464420   17492 load.go:23] Could not load config from "c:\\Dev\\focus-bonus-app\\dataconnect": could not find dataconnect.yaml in `c:\Dev\focus-bonus-app\dataconnect`
 {"metadata":{"emulator":{"name":"dataconnect"},"message":"E0718 13:58:45.464420   17492 load.go:23] Could not load config from \"c:\\\\Dev\\\\focus-bonus-app\\\\dataconnect\": could not find dataconnect.yaml in `c:\\Dev\\focus-bonus-app\\dataconnect`\n"}}
[debug] [2025-07-18T16:58:55.465Z] E0718 13:58:55.464810   17492 load.go:23] Could not load config from "c:\\Dev\\focus-bonus-app\\dataconnect": could not find dataconnect.yaml in `c:\Dev\focus-bonus-app\dataconnect`
 {"metadata":{"emulator":{"name":"dataconnect"},"message":"E0718 13:58:55.464810   17492 load.go:23] Could not load config from \"c:\\\\Dev\\\\focus-bonus-app\\\\dataconnect\": could not find dataconnect.yaml in `c:\\Dev\\focus-bonus-app\\dataconnect`\n"}}
[debug] [2025-07-18T16:59:05.464Z] E0718 13:59:05.464505   17492 load.go:23] Could not load config from "c:\\Dev\\focus-bonus-app\\dataconnect": could not find dataconnect.yaml in `c:\Dev\focus-bonus-app\dataconnect`
 {"metadata":{"emulator":{"name":"dataconnect"},"message":"E0718 13:59:05.464505   17492 load.go:23] Could not load config from \"c:\\\\Dev\\\\focus-bonus-app\\\\dataconnect\": could not find dataconnect.yaml in `c:\\Dev\\focus-bonus-app\\dataconnect`\n"}}
[debug] [2025-07-18T16:59:15.465Z] E0718 13:59:15.464685   17492 load.go:23] Could not load config from "c:\\Dev\\focus-bonus-app\\dataconnect": could not find dataconnect.yaml in `c:\Dev\focus-bonus-app\dataconnect`
 {"metadata":{"emulator":{"name":"dataconnect"},"message":"E0718 13:59:15.464685   17492 load.go:23] Could not load config from \"c:\\\\Dev\\\\focus-bonus-app\\\\dataconnect\": could not find dataconnect.yaml in `c:\\Dev\\focus-bonus-app\\dataconnect`\n"}}
[debug] [2025-07-18T16:59:25.466Z] E0718 13:59:25.465625   17492 load.go:23] Could not load config from "c:\\Dev\\focus-bonus-app\\dataconnect": could not find dataconnect.yaml in `c:\Dev\focus-bonus-app\dataconnect`
 {"metadata":{"emulator":{"name":"dataconnect"},"message":"E0718 13:59:25.465625   17492 load.go:23] Could not load config from \"c:\\\\Dev\\\\focus-bonus-app\\\\dataconnect\": could not find dataconnect.yaml in `c:\\Dev\\focus-bonus-app\\dataconnect`\n"}}
[debug] [2025-07-18T16:59:35.464Z] E0718 13:59:35.464489   17492 load.go:23] Could not load config from "c:\\Dev\\focus-bonus-app\\dataconnect": could not find dataconnect.yaml in `c:\Dev\focus-bonus-app\dataconnect`
 {"metadata":{"emulator":{"name":"dataconnect"},"message":"E0718 13:59:35.464489   17492 load.go:23] Could not load config from \"c:\\\\Dev\\\\focus-bonus-app\\\\dataconnect\": could not find dataconnect.yaml in `c:\\Dev\\focus-bonus-app\\dataconnect`\n"}}
[debug] [2025-07-18T16:59:45.464Z] E0718 13:59:45.464454   17492 load.go:23] Could not load config from "c:\\Dev\\focus-bonus-app\\dataconnect": could not find dataconnect.yaml in `c:\Dev\focus-bonus-app\dataconnect`
 {"metadata":{"emulator":{"name":"dataconnect"},"message":"E0718 13:59:45.464454   17492 load.go:23] Could not load config from \"c:\\\\Dev\\\\focus-bonus-app\\\\dataconnect\": could not find dataconnect.yaml in `c:\\Dev\\focus-bonus-app\\dataconnect`\n"}}
[debug] [2025-07-18T16:59:55.466Z] E0718 13:59:55.465622   17492 load.go:23] Could not load config from "c:\\Dev\\focus-bonus-app\\dataconnect": could not find dataconnect.yaml in `c:\Dev\focus-bonus-app\dataconnect`
 {"metadata":{"emulator":{"name":"dataconnect"},"message":"E0718 13:59:55.465622   17492 load.go:23] Could not load config from \"c:\\\\Dev\\\\focus-bonus-app\\\\dataconnect\": could not find dataconnect.yaml in `c:\\Dev\\focus-bonus-app\\dataconnect`\n"}}
[debug] [2025-07-18T17:00:05.465Z] E0718 14:00:05.465051   17492 load.go:23] Could not load config from "c:\\Dev\\focus-bonus-app\\dataconnect": could not find dataconnect.yaml in `c:\Dev\focus-bonus-app\dataconnect`
 {"metadata":{"emulator":{"name":"dataconnect"},"message":"E0718 14:00:05.465051   17492 load.go:23] Could not load config from \"c:\\\\Dev\\\\focus-bonus-app\\\\dataconnect\": could not find dataconnect.yaml in `c:\\Dev\\focus-bonus-app\\dataconnect`\n"}}
[debug] [2025-07-18T17:00:15.464Z] E0718 14:00:15.464439   17492 load.go:23] Could not load config from "c:\\Dev\\focus-bonus-app\\dataconnect": could not find dataconnect.yaml in `c:\Dev\focus-bonus-app\dataconnect`
 {"metadata":{"emulator":{"name":"dataconnect"},"message":"E0718 14:00:15.464439   17492 load.go:23] Could not load config from \"c:\\\\Dev\\\\focus-bonus-app\\\\dataconnect\": could not find dataconnect.yaml in `c:\\Dev\\focus-bonus-app\\dataconnect`\n"}}
[debug] [2025-07-18T17:00:25.465Z] E0718 14:00:25.464815   17492 load.go:23] Could not load config from "c:\\Dev\\focus-bonus-app\\dataconnect": could not find dataconnect.yaml in `c:\Dev\focus-bonus-app\dataconnect`
E0718 14:00:25.464815   17492 watch.go:76] watchAllDir unable to walk dir `c:\Dev\focus-bonus-app\dataconnect`: on path "c:\\Dev\\focus-bonus-app\\dataconnect" (DirEntry: <nil>): CreateFile c:\Dev\focus-bonus-app\dataconnect: The system cannot find the file specified.
 {"metadata":{"emulator":{"name":"dataconnect"},"message":"E0718 14:00:25.464815   17492 load.go:23] Could not load config from \"c:\\\\Dev\\\\focus-bonus-app\\\\dataconnect\": could not find dataconnect.yaml in `c:\\Dev\\focus-bonus-app\\dataconnect`\nE0718 14:00:25.464815   17492 watch.go:76] watchAllDir unable to walk dir `c:\\Dev\\focus-bonus-app\\dataconnect`: on path \"c:\\\\Dev\\\\focus-bonus-app\\\\dataconnect\" (DirEntry: <nil>): CreateFile c:\\Dev\\focus-bonus-app\\dataconnect: The system cannot find the file specified.\n"}}
[debug] [2025-07-18T17:00:35.466Z] E0718 14:00:35.465309   17492 load.go:23] Could not load config from "c:\\Dev\\focus-bonus-app\\dataconnect": could not find dataconnect.yaml in `c:\Dev\focus-bonus-app\dataconnect`
 {"metadata":{"emulator":{"name":"dataconnect"},"message":"E0718 14:00:35.465309   17492 load.go:23] Could not load config from \"c:\\\\Dev\\\\focus-bonus-app\\\\dataconnect\": could not find dataconnect.yaml in `c:\\Dev\\focus-bonus-app\\dataconnect`\n"}}
[debug] [2025-07-18T17:00:45.465Z] E0718 14:00:45.465136   17492 load.go:23] Could not load config from "c:\\Dev\\focus-bonus-app\\dataconnect": could not find dataconnect.yaml in `c:\Dev\focus-bonus-app\dataconnect`
 {"metadata":{"emulator":{"name":"dataconnect"},"message":"E0718 14:00:45.465136   17492 load.go:23] Could not load config from \"c:\\\\Dev\\\\focus-bonus-app\\\\dataconnect\": could not find dataconnect.yaml in `c:\\Dev\\focus-bonus-app\\dataconnect`\n"}}
[debug] [2025-07-18T17:00:55.465Z] E0718 14:00:55.464492   17492 load.go:23] Could not load config from "c:\\Dev\\focus-bonus-app\\dataconnect": could not find dataconnect.yaml in `c:\Dev\focus-bonus-app\dataconnect`
 {"metadata":{"emulator":{"name":"dataconnect"},"message":"E0718 14:00:55.464492   17492 load.go:23] Could not load config from \"c:\\\\Dev\\\\focus-bonus-app\\\\dataconnect\": could not find dataconnect.yaml in `c:\\Dev\\focus-bonus-app\\dataconnect`\n"}}
[debug] [2025-07-18T17:01:05.465Z] E0718 14:01:05.465055   17492 load.go:23] Could not load config from "c:\\Dev\\focus-bonus-app\\dataconnect": could not find dataconnect.yaml in `c:\Dev\focus-bonus-app\dataconnect`
 {"metadata":{"emulator":{"name":"dataconnect"},"message":"E0718 14:01:05.465055   17492 load.go:23] Could not load config from \"c:\\\\Dev\\\\focus-bonus-app\\\\dataconnect\": could not find dataconnect.yaml in `c:\\Dev\\focus-bonus-app\\dataconnect`\n"}}
[debug] [2025-07-18T17:01:15.464Z] E0718 14:01:15.464461   17492 load.go:23] Could not load config from "c:\\Dev\\focus-bonus-app\\dataconnect": could not find dataconnect.yaml in `c:\Dev\focus-bonus-app\dataconnect`
 {"metadata":{"emulator":{"name":"dataconnect"},"message":"E0718 14:01:15.464461   17492 load.go:23] Could not load config from \"c:\\\\Dev\\\\focus-bonus-app\\\\dataconnect\": could not find dataconnect.yaml in `c:\\Dev\\focus-bonus-app\\dataconnect`\n"}}
[debug] [2025-07-18T17:01:25.465Z] E0718 14:01:25.464978   17492 load.go:23] Could not load config from "c:\\Dev\\focus-bonus-app\\dataconnect": could not find dataconnect.yaml in `c:\Dev\focus-bonus-app\dataconnect`
 {"metadata":{"emulator":{"name":"dataconnect"},"message":"E0718 14:01:25.464978   17492 load.go:23] Could not load config from \"c:\\\\Dev\\\\focus-bonus-app\\\\dataconnect\": could not find dataconnect.yaml in `c:\\Dev\\focus-bonus-app\\dataconnect`\n"}}
[debug] [2025-07-18T17:01:35.465Z] E0718 14:01:35.465338   17492 load.go:23] Could not load config from "c:\\Dev\\focus-bonus-app\\dataconnect": could not find dataconnect.yaml in `c:\Dev\focus-bonus-app\dataconnect`
 {"metadata":{"emulator":{"name":"dataconnect"},"message":"E0718 14:01:35.465338   17492 load.go:23] Could not load config from \"c:\\\\Dev\\\\focus-bonus-app\\\\dataconnect\": could not find dataconnect.yaml in `c:\\Dev\\focus-bonus-app\\dataconnect`\n"}}
[debug] [2025-07-18T17:01:45.464Z] E0718 14:01:45.464448   17492 load.go:23] Could not load config from "c:\\Dev\\focus-bonus-app\\dataconnect": could not find dataconnect.yaml in `c:\Dev\focus-bonus-app\dataconnect`
 {"metadata":{"emulator":{"name":"dataconnect"},"message":"E0718 14:01:45.464448   17492 load.go:23] Could not load config from \"c:\\\\Dev\\\\focus-bonus-app\\\\dataconnect\": could not find dataconnect.yaml in `c:\\Dev\\focus-bonus-app\\dataconnect`\n"}}
[debug] [2025-07-18T17:01:55.465Z] E0718 14:01:55.464767   17492 load.go:23] Could not load config from "c:\\Dev\\focus-bonus-app\\dataconnect": could not find dataconnect.yaml in `c:\Dev\focus-bonus-app\dataconnect`
 {"metadata":{"emulator":{"name":"dataconnect"},"message":"E0718 14:01:55.464767   17492 load.go:23] Could not load config from \"c:\\\\Dev\\\\focus-bonus-app\\\\dataconnect\": could not find dataconnect.yaml in `c:\\Dev\\focus-bonus-app\\dataconnect`\n"}}
[debug] [2025-07-18T17:02:05.465Z] E0718 14:02:05.465050   17492 load.go:23] Could not load config from "c:\\Dev\\focus-bonus-app\\dataconnect": could not find dataconnect.yaml in `c:\Dev\focus-bonus-app\dataconnect`
 {"metadata":{"emulator":{"name":"dataconnect"},"message":"E0718 14:02:05.465050   17492 load.go:23] Could not load config from \"c:\\\\Dev\\\\focus-bonus-app\\\\dataconnect\": could not find dataconnect.yaml in `c:\\Dev\\focus-bonus-app\\dataconnect`\n"}}
[debug] [2025-07-18T17:02:15.464Z] E0718 14:02:15.464789   17492 load.go:23] Could not load config from "c:\\Dev\\focus-bonus-app\\dataconnect": could not find dataconnect.yaml in `c:\Dev\focus-bonus-app\dataconnect`
 {"metadata":{"emulator":{"name":"dataconnect"},"message":"E0718 14:02:15.464789   17492 load.go:23] Could not load config from \"c:\\\\Dev\\\\focus-bonus-app\\\\dataconnect\": could not find dataconnect.yaml in `c:\\Dev\\focus-bonus-app\\dataconnect`\n"}}
[debug] [2025-07-18T17:02:25.465Z] E0718 14:02:25.465347   17492 load.go:23] Could not load config from "c:\\Dev\\focus-bonus-app\\dataconnect": could not find dataconnect.yaml in `c:\Dev\focus-bonus-app\dataconnect`
 {"metadata":{"emulator":{"name":"dataconnect"},"message":"E0718 14:02:25.465347   17492 load.go:23] Could not load config from \"c:\\\\Dev\\\\focus-bonus-app\\\\dataconnect\": could not find dataconnect.yaml in `c:\\Dev\\focus-bonus-app\\dataconnect`\n"}}
[debug] [2025-07-18T17:02:25.466Z] E0718 14:02:25.466032   17492 watch.go:76] watchAllDir unable to walk dir `c:\Dev\focus-bonus-app\dataconnect`: on path "c:\\Dev\\focus-bonus-app\\dataconnect" (DirEntry: <nil>): CreateFile c:\Dev\focus-bonus-app\dataconnect: The system cannot find the file specified.
 {"metadata":{"emulator":{"name":"dataconnect"},"message":"E0718 14:02:25.466032   17492 watch.go:76] watchAllDir unable to walk dir `c:\\Dev\\focus-bonus-app\\dataconnect`: on path \"c:\\\\Dev\\\\focus-bonus-app\\\\dataconnect\" (DirEntry: <nil>): CreateFile c:\\Dev\\focus-bonus-app\\dataconnect: The system cannot find the file specified.\n"}}
[debug] [2025-07-18T17:02:35.464Z] E0718 14:02:35.464435   17492 load.go:23] Could not load config from "c:\\Dev\\focus-bonus-app\\dataconnect": could not find dataconnect.yaml in `c:\Dev\focus-bonus-app\dataconnect`
 {"metadata":{"emulator":{"name":"dataconnect"},"message":"E0718 14:02:35.464435   17492 load.go:23] Could not load config from \"c:\\\\Dev\\\\focus-bonus-app\\\\dataconnect\": could not find dataconnect.yaml in `c:\\Dev\\focus-bonus-app\\dataconnect`\n"}}
[debug] [2025-07-18T17:02:45.465Z] E0718 14:02:45.465199   17492 load.go:23] Could not load config from "c:\\Dev\\focus-bonus-app\\dataconnect": could not find dataconnect.yaml in `c:\Dev\focus-bonus-app\dataconnect`
 {"metadata":{"emulator":{"name":"dataconnect"},"message":"E0718 14:02:45.465199   17492 load.go:23] Could not load config from \"c:\\\\Dev\\\\focus-bonus-app\\\\dataconnect\": could not find dataconnect.yaml in `c:\\Dev\\focus-bonus-app\\dataconnect`\n"}}
[debug] [2025-07-18T17:02:55.464Z] E0718 14:02:55.465084   17492 load.go:23] Could not load config from "c:\\Dev\\focus-bonus-app\\dataconnect": could not find dataconnect.yaml in `c:\Dev\focus-bonus-app\dataconnect`
 {"metadata":{"emulator":{"name":"dataconnect"},"message":"E0718 14:02:55.465084   17492 load.go:23] Could not load config from \"c:\\\\Dev\\\\focus-bonus-app\\\\dataconnect\": could not find dataconnect.yaml in `c:\\Dev\\focus-bonus-app\\dataconnect`\n"}}
[debug] [2025-07-18T17:03:05.464Z] E0718 14:03:05.464532   17492 load.go:23] Could not load config from "c:\\Dev\\focus-bonus-app\\dataconnect": could not find dataconnect.yaml in `c:\Dev\focus-bonus-app\dataconnect`
 {"metadata":{"emulator":{"name":"dataconnect"},"message":"E0718 14:03:05.464532   17492 load.go:23] Could not load config from \"c:\\\\Dev\\\\focus-bonus-app\\\\dataconnect\": could not find dataconnect.yaml in `c:\\Dev\\focus-bonus-app\\dataconnect`\n"}}
[debug] [2025-07-18T17:03:15.465Z] E0718 14:03:15.465272   17492 load.go:23] Could not load config from "c:\\Dev\\focus-bonus-app\\dataconnect": could not find dataconnect.yaml in `c:\Dev\focus-bonus-app\dataconnect`
 {"metadata":{"emulator":{"name":"dataconnect"},"message":"E0718 14:03:15.465272   17492 load.go:23] Could not load config from \"c:\\\\Dev\\\\focus-bonus-app\\\\dataconnect\": could not find dataconnect.yaml in `c:\\Dev\\focus-bonus-app\\dataconnect`\n"}}
[debug] [2025-07-18T17:03:25.470Z] E0718 14:03:25.470182   17492 load.go:23] Could not load config from "c:\\Dev\\focus-bonus-app\\dataconnect": could not find dataconnect.yaml in `c:\Dev\focus-bonus-app\dataconnect`
 {"metadata":{"emulator":{"name":"dataconnect"},"message":"E0718 14:03:25.470182   17492 load.go:23] Could not load config from \"c:\\\\Dev\\\\focus-bonus-app\\\\dataconnect\": could not find dataconnect.yaml in `c:\\Dev\\focus-bonus-app\\dataconnect`\n"}}
[debug] [2025-07-18T17:03:35.465Z] E0718 14:03:35.465605   17492 load.go:23] Could not load config from "c:\\Dev\\focus-bonus-app\\dataconnect": could not find dataconnect.yaml in `c:\Dev\focus-bonus-app\dataconnect`
 {"metadata":{"emulator":{"name":"dataconnect"},"message":"E0718 14:03:35.465605   17492 load.go:23] Could not load config from \"c:\\\\Dev\\\\focus-bonus-app\\\\dataconnect\": could not find dataconnect.yaml in `c:\\Dev\\focus-bonus-app\\dataconnect`\n"}}
[debug] [2025-07-18T17:03:45.466Z] E0718 14:03:45.465964   17492 load.go:23] Could not load config from "c:\\Dev\\focus-bonus-app\\dataconnect": could not find dataconnect.yaml in `c:\Dev\focus-bonus-app\dataconnect`
 {"metadata":{"emulator":{"name":"dataconnect"},"message":"E0718 14:03:45.465964   17492 load.go:23] Could not load config from \"c:\\\\Dev\\\\focus-bonus-app\\\\dataconnect\": could not find dataconnect.yaml in `c:\\Dev\\focus-bonus-app\\dataconnect`\n"}}
[debug] [2025-07-18T17:03:55.465Z] E0718 14:03:55.464570   17492 load.go:23] Could not load config from "c:\\Dev\\focus-bonus-app\\dataconnect": could not find dataconnect.yaml in `c:\Dev\focus-bonus-app\dataconnect`
 {"metadata":{"emulator":{"name":"dataconnect"},"message":"E0718 14:03:55.464570   17492 load.go:23] Could not load config from \"c:\\\\Dev\\\\focus-bonus-app\\\\dataconnect\": could not find dataconnect.yaml in `c:\\Dev\\focus-bonus-app\\dataconnect`\n"}}
[debug] [2025-07-18T17:04:05.465Z] E0718 14:04:05.465326   17492 load.go:23] Could not load config from "c:\\Dev\\focus-bonus-app\\dataconnect": could not find dataconnect.yaml in `c:\Dev\focus-bonus-app\dataconnect`
 {"metadata":{"emulator":{"name":"dataconnect"},"message":"E0718 14:04:05.465326   17492 load.go:23] Could not load config from \"c:\\\\Dev\\\\focus-bonus-app\\\\dataconnect\": could not find dataconnect.yaml in `c:\\Dev\\focus-bonus-app\\dataconnect`\n"}}
[debug] [2025-07-18T17:04:15.464Z] E0718 14:04:15.464629   17492 load.go:23] Could not load config from "c:\\Dev\\focus-bonus-app\\dataconnect": could not find dataconnect.yaml in `c:\Dev\focus-bonus-app\dataconnect`
 {"metadata":{"emulator":{"name":"dataconnect"},"message":"E0718 14:04:15.464629   17492 load.go:23] Could not load config from \"c:\\\\Dev\\\\focus-bonus-app\\\\dataconnect\": could not find dataconnect.yaml in `c:\\Dev\\focus-bonus-app\\dataconnect`\n"}}
[debug] [2025-07-18T17:04:25.464Z] E0718 14:04:25.464454   17492 load.go:23] Could not load config from "c:\\Dev\\focus-bonus-app\\dataconnect": could not find dataconnect.yaml in `c:\Dev\focus-bonus-app\dataconnect`
E0718 14:04:25.464454   17492 watch.go:76] watchAllDir unable to walk dir `c:\Dev\focus-bonus-app\dataconnect`: on path "c:\\Dev\\focus-bonus-app\\dataconnect" (DirEntry: <nil>): CreateFile c:\Dev\focus-bonus-app\dataconnect: The system cannot find the file specified.
 {"metadata":{"emulator":{"name":"dataconnect"},"message":"E0718 14:04:25.464454   17492 load.go:23] Could not load config from \"c:\\\\Dev\\\\focus-bonus-app\\\\dataconnect\": could not find dataconnect.yaml in `c:\\Dev\\focus-bonus-app\\dataconnect`\nE0718 14:04:25.464454   17492 watch.go:76] watchAllDir unable to walk dir `c:\\Dev\\focus-bonus-app\\dataconnect`: on path \"c:\\\\Dev\\\\focus-bonus-app\\\\dataconnect\" (DirEntry: <nil>): CreateFile c:\\Dev\\focus-bonus-app\\dataconnect: The system cannot find the file specified.\n"}}
[debug] [2025-07-18T17:04:35.466Z] E0718 14:04:35.467008   17492 load.go:23] Could not load config from "c:\\Dev\\focus-bonus-app\\dataconnect": could not find dataconnect.yaml in `c:\Dev\focus-bonus-app\dataconnect`
 {"metadata":{"emulator":{"name":"dataconnect"},"message":"E0718 14:04:35.467008   17492 load.go:23] Could not load config from \"c:\\\\Dev\\\\focus-bonus-app\\\\dataconnect\": could not find dataconnect.yaml in `c:\\Dev\\focus-bonus-app\\dataconnect`\n"}}
[debug] [2025-07-18T17:04:45.464Z] E0718 14:04:45.464569   17492 load.go:23] Could not load config from "c:\\Dev\\focus-bonus-app\\dataconnect": could not find dataconnect.yaml in `c:\Dev\focus-bonus-app\dataconnect`
 {"metadata":{"emulator":{"name":"dataconnect"},"message":"E0718 14:04:45.464569   17492 load.go:23] Could not load config from \"c:\\\\Dev\\\\focus-bonus-app\\\\dataconnect\": could not find dataconnect.yaml in `c:\\Dev\\focus-bonus-app\\dataconnect`\n"}}
[debug] [2025-07-18T17:04:55.464Z] E0718 14:04:55.464846   17492 load.go:23] Could not load config from "c:\\Dev\\focus-bonus-app\\dataconnect": could not find dataconnect.yaml in `c:\Dev\focus-bonus-app\dataconnect`
 {"metadata":{"emulator":{"name":"dataconnect"},"message":"E0718 14:04:55.464846   17492 load.go:23] Could not load config from \"c:\\\\Dev\\\\focus-bonus-app\\\\dataconnect\": could not find dataconnect.yaml in `c:\\Dev\\focus-bonus-app\\dataconnect`\n"}}
[debug] [2025-07-18T17:05:05.464Z] E0718 14:05:05.464596   17492 load.go:23] Could not load config from "c:\\Dev\\focus-bonus-app\\dataconnect": could not find dataconnect.yaml in `c:\Dev\focus-bonus-app\dataconnect`
 {"metadata":{"emulator":{"name":"dataconnect"},"message":"E0718 14:05:05.464596   17492 load.go:23] Could not load config from \"c:\\\\Dev\\\\focus-bonus-app\\\\dataconnect\": could not find dataconnect.yaml in `c:\\Dev\\focus-bonus-app\\dataconnect`\n"}}
[debug] [2025-07-18T17:05:15.465Z] E0718 14:05:15.464522   17492 load.go:23] Could not load config from "c:\\Dev\\focus-bonus-app\\dataconnect": could not find dataconnect.yaml in `c:\Dev\focus-bonus-app\dataconnect`
 {"metadata":{"emulator":{"name":"dataconnect"},"message":"E0718 14:05:15.464522   17492 load.go:23] Could not load config from \"c:\\\\Dev\\\\focus-bonus-app\\\\dataconnect\": could not find dataconnect.yaml in `c:\\Dev\\focus-bonus-app\\dataconnect`\n"}}
[debug] [2025-07-18T17:05:25.465Z] E0718 14:05:25.464604   17492 load.go:23] Could not load config from "c:\\Dev\\focus-bonus-app\\dataconnect": could not find dataconnect.yaml in `c:\Dev\focus-bonus-app\dataconnect`
 {"metadata":{"emulator":{"name":"dataconnect"},"message":"E0718 14:05:25.464604   17492 load.go:23] Could not load config from \"c:\\\\Dev\\\\focus-bonus-app\\\\dataconnect\": could not find dataconnect.yaml in `c:\\Dev\\focus-bonus-app\\dataconnect`\n"}}
[debug] [2025-07-18T17:05:35.465Z] E0718 14:05:35.464948   17492 load.go:23] Could not load config from "c:\\Dev\\focus-bonus-app\\dataconnect": could not find dataconnect.yaml in `c:\Dev\focus-bonus-app\dataconnect`
 {"metadata":{"emulator":{"name":"dataconnect"},"message":"E0718 14:05:35.464948   17492 load.go:23] Could not load config from \"c:\\\\Dev\\\\focus-bonus-app\\\\dataconnect\": could not find dataconnect.yaml in `c:\\Dev\\focus-bonus-app\\dataconnect`\n"}}
[debug] [2025-07-18T17:05:45.465Z] E0718 14:05:45.464694   17492 load.go:23] Could not load config from "c:\\Dev\\focus-bonus-app\\dataconnect": could not find dataconnect.yaml in `c:\Dev\focus-bonus-app\dataconnect`
 {"metadata":{"emulator":{"name":"dataconnect"},"message":"E0718 14:05:45.464694   17492 load.go:23] Could not load config from \"c:\\\\Dev\\\\focus-bonus-app\\\\dataconnect\": could not find dataconnect.yaml in `c:\\Dev\\focus-bonus-app\\dataconnect`\n"}}
[debug] [2025-07-18T17:05:55.465Z] E0718 14:05:55.464967   17492 load.go:23] Could not load config from "c:\\Dev\\focus-bonus-app\\dataconnect": could not find dataconnect.yaml in `c:\Dev\focus-bonus-app\dataconnect`
 {"metadata":{"emulator":{"name":"dataconnect"},"message":"E0718 14:05:55.464967   17492 load.go:23] Could not load config from \"c:\\\\Dev\\\\focus-bonus-app\\\\dataconnect\": could not find dataconnect.yaml in `c:\\Dev\\focus-bonus-app\\dataconnect`\n"}}
[debug] [2025-07-18T17:06:05.464Z] E0718 14:06:05.464358   17492 load.go:23] Could not load config from "c:\\Dev\\focus-bonus-app\\dataconnect": could not find dataconnect.yaml in `c:\Dev\focus-bonus-app\dataconnect`
 {"metadata":{"emulator":{"name":"dataconnect"},"message":"E0718 14:06:05.464358   17492 load.go:23] Could not load config from \"c:\\\\Dev\\\\focus-bonus-app\\\\dataconnect\": could not find dataconnect.yaml in `c:\\Dev\\focus-bonus-app\\dataconnect`\n"}}
[debug] [2025-07-18T17:06:15.465Z] E0718 14:06:15.464633   17492 load.go:23] Could not load config from "c:\\Dev\\focus-bonus-app\\dataconnect": could not find dataconnect.yaml in `c:\Dev\focus-bonus-app\dataconnect`
 {"metadata":{"emulator":{"name":"dataconnect"},"message":"E0718 14:06:15.464633   17492 load.go:23] Could not load config from \"c:\\\\Dev\\\\focus-bonus-app\\\\dataconnect\": could not find dataconnect.yaml in `c:\\Dev\\focus-bonus-app\\dataconnect`\n"}}
[debug] [2025-07-18T17:06:25.465Z] E0718 14:06:25.465273   17492 load.go:23] Could not load config from "c:\\Dev\\focus-bonus-app\\dataconnect": could not find dataconnect.yaml in `c:\Dev\focus-bonus-app\dataconnect`
E0718 14:06:25.465273   17492 watch.go:76] watchAllDir unable to walk dir `c:\Dev\focus-bonus-app\dataconnect`: on path "c:\\Dev\\focus-bonus-app\\dataconnect" (DirEntry: <nil>): CreateFile c:\Dev\focus-bonus-app\dataconnect: The system cannot find the file specified.
 {"metadata":{"emulator":{"name":"dataconnect"},"message":"E0718 14:06:25.465273   17492 load.go:23] Could not load config from \"c:\\\\Dev\\\\focus-bonus-app\\\\dataconnect\": could not find dataconnect.yaml in `c:\\Dev\\focus-bonus-app\\dataconnect`\nE0718 14:06:25.465273   17492 watch.go:76] watchAllDir unable to walk dir `c:\\Dev\\focus-bonus-app\\dataconnect`: on path \"c:\\\\Dev\\\\focus-bonus-app\\\\dataconnect\" (DirEntry: <nil>): CreateFile c:\\Dev\\focus-bonus-app\\dataconnect: The system cannot find the file specified.\n"}}
[debug] [2025-07-18T17:06:35.465Z] E0718 14:06:35.464808   17492 load.go:23] Could not load config from "c:\\Dev\\focus-bonus-app\\dataconnect": could not find dataconnect.yaml in `c:\Dev\focus-bonus-app\dataconnect`
 {"metadata":{"emulator":{"name":"dataconnect"},"message":"E0718 14:06:35.464808   17492 load.go:23] Could not load config from \"c:\\\\Dev\\\\focus-bonus-app\\\\dataconnect\": could not find dataconnect.yaml in `c:\\Dev\\focus-bonus-app\\dataconnect`\n"}}
[debug] [2025-07-18T17:06:45.465Z] E0718 14:06:45.464734   17492 load.go:23] Could not load config from "c:\\Dev\\focus-bonus-app\\dataconnect": could not find dataconnect.yaml in `c:\Dev\focus-bonus-app\dataconnect`
 {"metadata":{"emulator":{"name":"dataconnect"},"message":"E0718 14:06:45.464734   17492 load.go:23] Could not load config from \"c:\\\\Dev\\\\focus-bonus-app\\\\dataconnect\": could not find dataconnect.yaml in `c:\\Dev\\focus-bonus-app\\dataconnect`\n"}}
[debug] [2025-07-18T17:06:55.465Z] E0718 14:06:55.464999   17492 load.go:23] Could not load config from "c:\\Dev\\focus-bonus-app\\dataconnect": could not find dataconnect.yaml in `c:\Dev\focus-bonus-app\dataconnect`
 {"metadata":{"emulator":{"name":"dataconnect"},"message":"E0718 14:06:55.464999   17492 load.go:23] Could not load config from \"c:\\\\Dev\\\\focus-bonus-app\\\\dataconnect\": could not find dataconnect.yaml in `c:\\Dev\\focus-bonus-app\\dataconnect`\n"}}
[debug] [2025-07-18T17:07:05.466Z] E0718 14:07:05.465260   17492 load.go:23] Could not load config from "c:\\Dev\\focus-bonus-app\\dataconnect": could not find dataconnect.yaml in `c:\Dev\focus-bonus-app\dataconnect`
 {"metadata":{"emulator":{"name":"dataconnect"},"message":"E0718 14:07:05.465260   17492 load.go:23] Could not load config from \"c:\\\\Dev\\\\focus-bonus-app\\\\dataconnect\": could not find dataconnect.yaml in `c:\\Dev\\focus-bonus-app\\dataconnect`\n"}}
[debug] [2025-07-18T17:07:15.465Z] E0718 14:07:15.464832   17492 load.go:23] Could not load config from "c:\\Dev\\focus-bonus-app\\dataconnect": could not find dataconnect.yaml in `c:\Dev\focus-bonus-app\dataconnect`
 {"metadata":{"emulator":{"name":"dataconnect"},"message":"E0718 14:07:15.464832   17492 load.go:23] Could not load config from \"c:\\\\Dev\\\\focus-bonus-app\\\\dataconnect\": could not find dataconnect.yaml in `c:\\Dev\\focus-bonus-app\\dataconnect`\n"}}
[debug] [2025-07-18T17:07:25.465Z] E0718 14:07:25.464921   17492 load.go:23] Could not load config from "c:\\Dev\\focus-bonus-app\\dataconnect": could not find dataconnect.yaml in `c:\Dev\focus-bonus-app\dataconnect`
 {"metadata":{"emulator":{"name":"dataconnect"},"message":"E0718 14:07:25.464921   17492 load.go:23] Could not load config from \"c:\\\\Dev\\\\focus-bonus-app\\\\dataconnect\": could not find dataconnect.yaml in `c:\\Dev\\focus-bonus-app\\dataconnect`\n"}}
[debug] [2025-07-18T17:07:35.465Z] E0718 14:07:35.464807   17492 load.go:23] Could not load config from "c:\\Dev\\focus-bonus-app\\dataconnect": could not find dataconnect.yaml in `c:\Dev\focus-bonus-app\dataconnect`
 {"metadata":{"emulator":{"name":"dataconnect"},"message":"E0718 14:07:35.464807   17492 load.go:23] Could not load config from \"c:\\\\Dev\\\\focus-bonus-app\\\\dataconnect\": could not find dataconnect.yaml in `c:\\Dev\\focus-bonus-app\\dataconnect`\n"}}
[debug] [2025-07-18T17:07:45.465Z] E0718 14:07:45.464877   17492 load.go:23] Could not load config from "c:\\Dev\\focus-bonus-app\\dataconnect": could not find dataconnect.yaml in `c:\Dev\focus-bonus-app\dataconnect`
 {"metadata":{"emulator":{"name":"dataconnect"},"message":"E0718 14:07:45.464877   17492 load.go:23] Could not load config from \"c:\\\\Dev\\\\focus-bonus-app\\\\dataconnect\": could not find dataconnect.yaml in `c:\\Dev\\focus-bonus-app\\dataconnect`\n"}}
[debug] [2025-07-18T17:07:55.466Z] E0718 14:07:55.465681   17492 load.go:23] Could not load config from "c:\\Dev\\focus-bonus-app\\dataconnect": could not find dataconnect.yaml in `c:\Dev\focus-bonus-app\dataconnect`
 {"metadata":{"emulator":{"name":"dataconnect"},"message":"E0718 14:07:55.465681   17492 load.go:23] Could not load config from \"c:\\\\Dev\\\\focus-bonus-app\\\\dataconnect\": could not find dataconnect.yaml in `c:\\Dev\\focus-bonus-app\\dataconnect`\n"}}
[debug] [2025-07-18T17:08:05.465Z] E0718 14:08:05.464639   17492 load.go:23] Could not load config from "c:\\Dev\\focus-bonus-app\\dataconnect": could not find dataconnect.yaml in `c:\Dev\focus-bonus-app\dataconnect`
 {"metadata":{"emulator":{"name":"dataconnect"},"message":"E0718 14:08:05.464639   17492 load.go:23] Could not load config from \"c:\\\\Dev\\\\focus-bonus-app\\\\dataconnect\": could not find dataconnect.yaml in `c:\\Dev\\focus-bonus-app\\dataconnect`\n"}}
[debug] [2025-07-18T17:08:15.465Z] E0718 14:08:15.465553   17492 load.go:23] Could not load config from "c:\\Dev\\focus-bonus-app\\dataconnect": could not find dataconnect.yaml in `c:\Dev\focus-bonus-app\dataconnect`
 {"metadata":{"emulator":{"name":"dataconnect"},"message":"E0718 14:08:15.465553   17492 load.go:23] Could not load config from \"c:\\\\Dev\\\\focus-bonus-app\\\\dataconnect\": could not find dataconnect.yaml in `c:\\Dev\\focus-bonus-app\\dataconnect`\n"}}
[debug] [2025-07-18T17:08:25.465Z] E0718 14:08:25.464720   17492 load.go:23] Could not load config from "c:\\Dev\\focus-bonus-app\\dataconnect": could not find dataconnect.yaml in `c:\Dev\focus-bonus-app\dataconnect`
 {"metadata":{"emulator":{"name":"dataconnect"},"message":"E0718 14:08:25.464720   17492 load.go:23] Could not load config from \"c:\\\\Dev\\\\focus-bonus-app\\\\dataconnect\": could not find dataconnect.yaml in `c:\\Dev\\focus-bonus-app\\dataconnect`\n"}}
[debug] [2025-07-18T17:08:25.470Z] E0718 14:08:25.465473   17492 watch.go:76] watchAllDir unable to walk dir `c:\Dev\focus-bonus-app\dataconnect`: on path "c:\\Dev\\focus-bonus-app\\dataconnect" (DirEntry: <nil>): CreateFile c:\Dev\focus-bonus-app\dataconnect: The system cannot find the file specified.
 {"metadata":{"emulator":{"name":"dataconnect"},"message":"E0718 14:08:25.465473   17492 watch.go:76] watchAllDir unable to walk dir `c:\\Dev\\focus-bonus-app\\dataconnect`: on path \"c:\\\\Dev\\\\focus-bonus-app\\\\dataconnect\" (DirEntry: <nil>): CreateFile c:\\Dev\\focus-bonus-app\\dataconnect: The system cannot find the file specified.\n"}}
[debug] [2025-07-18T17:08:35.465Z] E0718 14:08:35.464886   17492 load.go:23] Could not load config from "c:\\Dev\\focus-bonus-app\\dataconnect": could not find dataconnect.yaml in `c:\Dev\focus-bonus-app\dataconnect`
 {"metadata":{"emulator":{"name":"dataconnect"},"message":"E0718 14:08:35.464886   17492 load.go:23] Could not load config from \"c:\\\\Dev\\\\focus-bonus-app\\\\dataconnect\": could not find dataconnect.yaml in `c:\\Dev\\focus-bonus-app\\dataconnect`\n"}}
[debug] [2025-07-18T17:08:45.465Z] E0718 14:08:45.465204   17492 load.go:23] Could not load config from "c:\\Dev\\focus-bonus-app\\dataconnect": could not find dataconnect.yaml in `c:\Dev\focus-bonus-app\dataconnect`
 {"metadata":{"emulator":{"name":"dataconnect"},"message":"E0718 14:08:45.465204   17492 load.go:23] Could not load config from \"c:\\\\Dev\\\\focus-bonus-app\\\\dataconnect\": could not find dataconnect.yaml in `c:\\Dev\\focus-bonus-app\\dataconnect`\n"}}
[debug] [2025-07-18T17:08:55.464Z] E0718 14:08:55.464600   17492 load.go:23] Could not load config from "c:\\Dev\\focus-bonus-app\\dataconnect": could not find dataconnect.yaml in `c:\Dev\focus-bonus-app\dataconnect`
 {"metadata":{"emulator":{"name":"dataconnect"},"message":"E0718 14:08:55.464600   17492 load.go:23] Could not load config from \"c:\\\\Dev\\\\focus-bonus-app\\\\dataconnect\": could not find dataconnect.yaml in `c:\\Dev\\focus-bonus-app\\dataconnect`\n"}}
[debug] [2025-07-18T17:09:05.466Z] E0718 14:09:05.465355   17492 load.go:23] Could not load config from "c:\\Dev\\focus-bonus-app\\dataconnect": could not find dataconnect.yaml in `c:\Dev\focus-bonus-app\dataconnect`
 {"metadata":{"emulator":{"name":"dataconnect"},"message":"E0718 14:09:05.465355   17492 load.go:23] Could not load config from \"c:\\\\Dev\\\\focus-bonus-app\\\\dataconnect\": could not find dataconnect.yaml in `c:\\Dev\\focus-bonus-app\\dataconnect`\n"}}
[debug] [2025-07-18T17:09:15.464Z] E0718 14:09:15.464613   17492 load.go:23] Could not load config from "c:\\Dev\\focus-bonus-app\\dataconnect": could not find dataconnect.yaml in `c:\Dev\focus-bonus-app\dataconnect`
 {"metadata":{"emulator":{"name":"dataconnect"},"message":"E0718 14:09:15.464613   17492 load.go:23] Could not load config from \"c:\\\\Dev\\\\focus-bonus-app\\\\dataconnect\": could not find dataconnect.yaml in `c:\\Dev\\focus-bonus-app\\dataconnect`\n"}}
[debug] [2025-07-18T17:09:25.464Z] E0718 14:09:25.464297   17492 load.go:23] Could not load config from "c:\\Dev\\focus-bonus-app\\dataconnect": could not find dataconnect.yaml in `c:\Dev\focus-bonus-app\dataconnect`
 {"metadata":{"emulator":{"name":"dataconnect"},"message":"E0718 14:09:25.464297   17492 load.go:23] Could not load config from \"c:\\\\Dev\\\\focus-bonus-app\\\\dataconnect\": could not find dataconnect.yaml in `c:\\Dev\\focus-bonus-app\\dataconnect`\n"}}
[debug] [2025-07-18T17:09:35.465Z] E0718 14:09:35.464388   17492 load.go:23] Could not load config from "c:\\Dev\\focus-bonus-app\\dataconnect": could not find dataconnect.yaml in `c:\Dev\focus-bonus-app\dataconnect`
 {"metadata":{"emulator":{"name":"dataconnect"},"message":"E0718 14:09:35.464388   17492 load.go:23] Could not load config from \"c:\\\\Dev\\\\focus-bonus-app\\\\dataconnect\": could not find dataconnect.yaml in `c:\\Dev\\focus-bonus-app\\dataconnect`\n"}}
[debug] [2025-07-18T17:09:45.465Z] E0718 14:09:45.464995   17492 load.go:23] Could not load config from "c:\\Dev\\focus-bonus-app\\dataconnect": could not find dataconnect.yaml in `c:\Dev\focus-bonus-app\dataconnect`
 {"metadata":{"emulator":{"name":"dataconnect"},"message":"E0718 14:09:45.464995   17492 load.go:23] Could not load config from \"c:\\\\Dev\\\\focus-bonus-app\\\\dataconnect\": could not find dataconnect.yaml in `c:\\Dev\\focus-bonus-app\\dataconnect`\n"}}
[debug] [2025-07-18T17:09:55.464Z] E0718 14:09:55.464868   17492 load.go:23] Could not load config from "c:\\Dev\\focus-bonus-app\\dataconnect": could not find dataconnect.yaml in `c:\Dev\focus-bonus-app\dataconnect`
 {"metadata":{"emulator":{"name":"dataconnect"},"message":"E0718 14:09:55.464868   17492 load.go:23] Could not load config from \"c:\\\\Dev\\\\focus-bonus-app\\\\dataconnect\": could not find dataconnect.yaml in `c:\\Dev\\focus-bonus-app\\dataconnect`\n"}}
[debug] [2025-07-18T17:10:05.466Z] E0718 14:10:05.466070   17492 load.go:23] Could not load config from "c:\\Dev\\focus-bonus-app\\dataconnect": could not find dataconnect.yaml in `c:\Dev\focus-bonus-app\dataconnect`
 {"metadata":{"emulator":{"name":"dataconnect"},"message":"E0718 14:10:05.466070   17492 load.go:23] Could not load config from \"c:\\\\Dev\\\\focus-bonus-app\\\\dataconnect\": could not find dataconnect.yaml in `c:\\Dev\\focus-bonus-app\\dataconnect`\n"}}
[debug] [2025-07-18T17:10:15.464Z] E0718 14:10:15.464338   17492 load.go:23] Could not load config from "c:\\Dev\\focus-bonus-app\\dataconnect": could not find dataconnect.yaml in `c:\Dev\focus-bonus-app\dataconnect`
 {"metadata":{"emulator":{"name":"dataconnect"},"message":"E0718 14:10:15.464338   17492 load.go:23] Could not load config from \"c:\\\\Dev\\\\focus-bonus-app\\\\dataconnect\": could not find dataconnect.yaml in `c:\\Dev\\focus-bonus-app\\dataconnect`\n"}}
[debug] [2025-07-18T17:10:25.465Z] E0718 14:10:25.465202   17492 load.go:23] Could not load config from "c:\\Dev\\focus-bonus-app\\dataconnect": could not find dataconnect.yaml in `c:\Dev\focus-bonus-app\dataconnect`
E0718 14:10:25.465202   17492 watch.go:76] watchAllDir unable to walk dir `c:\Dev\focus-bonus-app\dataconnect`: on path "c:\\Dev\\focus-bonus-app\\dataconnect" (DirEntry: <nil>): CreateFile c:\Dev\focus-bonus-app\dataconnect: The system cannot find the file specified.
 {"metadata":{"emulator":{"name":"dataconnect"},"message":"E0718 14:10:25.465202   17492 load.go:23] Could not load config from \"c:\\\\Dev\\\\focus-bonus-app\\\\dataconnect\": could not find dataconnect.yaml in `c:\\Dev\\focus-bonus-app\\dataconnect`\nE0718 14:10:25.465202   17492 watch.go:76] watchAllDir unable to walk dir `c:\\Dev\\focus-bonus-app\\dataconnect`: on path \"c:\\\\Dev\\\\focus-bonus-app\\\\dataconnect\" (DirEntry: <nil>): CreateFile c:\\Dev\\focus-bonus-app\\dataconnect: The system cannot find the file specified.\n"}}
[debug] [2025-07-18T17:10:35.466Z] E0718 14:10:35.466025   17492 load.go:23] Could not load config from "c:\\Dev\\focus-bonus-app\\dataconnect": could not find dataconnect.yaml in `c:\Dev\focus-bonus-app\dataconnect`
 {"metadata":{"emulator":{"name":"dataconnect"},"message":"E0718 14:10:35.466025   17492 load.go:23] Could not load config from \"c:\\\\Dev\\\\focus-bonus-app\\\\dataconnect\": could not find dataconnect.yaml in `c:\\Dev\\focus-bonus-app\\dataconnect`\n"}}
[debug] [2025-07-18T17:10:45.465Z] E0718 14:10:45.465131   17492 load.go:23] Could not load config from "c:\\Dev\\focus-bonus-app\\dataconnect": could not find dataconnect.yaml in `c:\Dev\focus-bonus-app\dataconnect`
 {"metadata":{"emulator":{"name":"dataconnect"},"message":"E0718 14:10:45.465131   17492 load.go:23] Could not load config from \"c:\\\\Dev\\\\focus-bonus-app\\\\dataconnect\": could not find dataconnect.yaml in `c:\\Dev\\focus-bonus-app\\dataconnect`\n"}}
[debug] [2025-07-18T17:10:55.465Z] E0718 14:10:55.464449   17492 load.go:23] Could not load config from "c:\\Dev\\focus-bonus-app\\dataconnect": could not find dataconnect.yaml in `c:\Dev\focus-bonus-app\dataconnect`
 {"metadata":{"emulator":{"name":"dataconnect"},"message":"E0718 14:10:55.464449   17492 load.go:23] Could not load config from \"c:\\\\Dev\\\\focus-bonus-app\\\\dataconnect\": could not find dataconnect.yaml in `c:\\Dev\\focus-bonus-app\\dataconnect`\n"}}
[debug] [2025-07-18T17:11:05.465Z] E0718 14:11:05.465187   17492 load.go:23] Could not load config from "c:\\Dev\\focus-bonus-app\\dataconnect": could not find dataconnect.yaml in `c:\Dev\focus-bonus-app\dataconnect`
 {"metadata":{"emulator":{"name":"dataconnect"},"message":"E0718 14:11:05.465187   17492 load.go:23] Could not load config from \"c:\\\\Dev\\\\focus-bonus-app\\\\dataconnect\": could not find dataconnect.yaml in `c:\\Dev\\focus-bonus-app\\dataconnect`\n"}}
[debug] [2025-07-18T17:11:15.465Z] E0718 14:11:15.464350   17492 load.go:23] Could not load config from "c:\\Dev\\focus-bonus-app\\dataconnect": could not find dataconnect.yaml in `c:\Dev\focus-bonus-app\dataconnect`
 {"metadata":{"emulator":{"name":"dataconnect"},"message":"E0718 14:11:15.464350   17492 load.go:23] Could not load config from \"c:\\\\Dev\\\\focus-bonus-app\\\\dataconnect\": could not find dataconnect.yaml in `c:\\Dev\\focus-bonus-app\\dataconnect`\n"}}
[debug] [2025-07-18T17:11:25.465Z] E0718 14:11:25.464928   17492 load.go:23] Could not load config from "c:\\Dev\\focus-bonus-app\\dataconnect": could not find dataconnect.yaml in `c:\Dev\focus-bonus-app\dataconnect`
 {"metadata":{"emulator":{"name":"dataconnect"},"message":"E0718 14:11:25.464928   17492 load.go:23] Could not load config from \"c:\\\\Dev\\\\focus-bonus-app\\\\dataconnect\": could not find dataconnect.yaml in `c:\\Dev\\focus-bonus-app\\dataconnect`\n"}}
[debug] [2025-07-18T17:11:35.465Z] E0718 14:11:35.465296   17492 load.go:23] Could not load config from "c:\\Dev\\focus-bonus-app\\dataconnect": could not find dataconnect.yaml in `c:\Dev\focus-bonus-app\dataconnect`
 {"metadata":{"emulator":{"name":"dataconnect"},"message":"E0718 14:11:35.465296   17492 load.go:23] Could not load config from \"c:\\\\Dev\\\\focus-bonus-app\\\\dataconnect\": could not find dataconnect.yaml in `c:\\Dev\\focus-bonus-app\\dataconnect`\n"}}
[debug] [2025-07-18T17:11:45.465Z] E0718 14:11:45.464989   17492 load.go:23] Could not load config from "c:\\Dev\\focus-bonus-app\\dataconnect": could not find dataconnect.yaml in `c:\Dev\focus-bonus-app\dataconnect`
 {"metadata":{"emulator":{"name":"dataconnect"},"message":"E0718 14:11:45.464989   17492 load.go:23] Could not load config from \"c:\\\\Dev\\\\focus-bonus-app\\\\dataconnect\": could not find dataconnect.yaml in `c:\\Dev\\focus-bonus-app\\dataconnect`\n"}}
[debug] [2025-07-18T17:11:55.466Z] E0718 14:11:55.465354   17492 load.go:23] Could not load config from "c:\\Dev\\focus-bonus-app\\dataconnect": could not find dataconnect.yaml in `c:\Dev\focus-bonus-app\dataconnect`
 {"metadata":{"emulator":{"name":"dataconnect"},"message":"E0718 14:11:55.465354   17492 load.go:23] Could not load config from \"c:\\\\Dev\\\\focus-bonus-app\\\\dataconnect\": could not find dataconnect.yaml in `c:\\Dev\\focus-bonus-app\\dataconnect`\n"}}
[debug] [2025-07-18T17:12:05.466Z] E0718 14:12:05.466533   17492 load.go:23] Could not load config from "c:\\Dev\\focus-bonus-app\\dataconnect": could not find dataconnect.yaml in `c:\Dev\focus-bonus-app\dataconnect`
 {"metadata":{"emulator":{"name":"dataconnect"},"message":"E0718 14:12:05.466533   17492 load.go:23] Could not load config from \"c:\\\\Dev\\\\focus-bonus-app\\\\dataconnect\": could not find dataconnect.yaml in `c:\\Dev\\focus-bonus-app\\dataconnect`\n"}}
[debug] [2025-07-18T17:12:15.466Z] E0718 14:12:15.465074   17492 load.go:23] Could not load config from "c:\\Dev\\focus-bonus-app\\dataconnect": could not find dataconnect.yaml in `c:\Dev\focus-bonus-app\dataconnect`
 {"metadata":{"emulator":{"name":"dataconnect"},"message":"E0718 14:12:15.465074   17492 load.go:23] Could not load config from \"c:\\\\Dev\\\\focus-bonus-app\\\\dataconnect\": could not find dataconnect.yaml in `c:\\Dev\\focus-bonus-app\\dataconnect`\n"}}
[debug] [2025-07-18T17:12:25.466Z] E0718 14:12:25.465725   17492 load.go:23] Could not load config from "c:\\Dev\\focus-bonus-app\\dataconnect": could not find dataconnect.yaml in `c:\Dev\focus-bonus-app\dataconnect`
E0718 14:12:25.466238   17492 watch.go:76] watchAllDir unable to walk dir `c:\Dev\focus-bonus-app\dataconnect`: on path "c:\\Dev\\focus-bonus-app\\dataconnect" (DirEntry: <nil>): CreateFile c:\Dev\focus-bonus-app\dataconnect: The system cannot find the file specified.
 {"metadata":{"emulator":{"name":"dataconnect"},"message":"E0718 14:12:25.465725   17492 load.go:23] Could not load config from \"c:\\\\Dev\\\\focus-bonus-app\\\\dataconnect\": could not find dataconnect.yaml in `c:\\Dev\\focus-bonus-app\\dataconnect`\nE0718 14:12:25.466238   17492 watch.go:76] watchAllDir unable to walk dir `c:\\Dev\\focus-bonus-app\\dataconnect`: on path \"c:\\\\Dev\\\\focus-bonus-app\\\\dataconnect\" (DirEntry: <nil>): CreateFile c:\\Dev\\focus-bonus-app\\dataconnect: The system cannot find the file specified.\n"}}
[debug] [2025-07-18T17:12:35.466Z] E0718 14:12:35.466090   17492 load.go:23] Could not load config from "c:\\Dev\\focus-bonus-app\\dataconnect": could not find dataconnect.yaml in `c:\Dev\focus-bonus-app\dataconnect`
 {"metadata":{"emulator":{"name":"dataconnect"},"message":"E0718 14:12:35.466090   17492 load.go:23] Could not load config from \"c:\\\\Dev\\\\focus-bonus-app\\\\dataconnect\": could not find dataconnect.yaml in `c:\\Dev\\focus-bonus-app\\dataconnect`\n"}}
[debug] [2025-07-18T17:12:45.464Z] E0718 14:12:45.464394   17492 load.go:23] Could not load config from "c:\\Dev\\focus-bonus-app\\dataconnect": could not find dataconnect.yaml in `c:\Dev\focus-bonus-app\dataconnect`
 {"metadata":{"emulator":{"name":"dataconnect"},"message":"E0718 14:12:45.464394   17492 load.go:23] Could not load config from \"c:\\\\Dev\\\\focus-bonus-app\\\\dataconnect\": could not find dataconnect.yaml in `c:\\Dev\\focus-bonus-app\\dataconnect`\n"}}
[debug] [2025-07-18T17:12:55.465Z] E0718 14:12:55.464495   17492 load.go:23] Could not load config from "c:\\Dev\\focus-bonus-app\\dataconnect": could not find dataconnect.yaml in `c:\Dev\focus-bonus-app\dataconnect`
 {"metadata":{"emulator":{"name":"dataconnect"},"message":"E0718 14:12:55.464495   17492 load.go:23] Could not load config from \"c:\\\\Dev\\\\focus-bonus-app\\\\dataconnect\": could not find dataconnect.yaml in `c:\\Dev\\focus-bonus-app\\dataconnect`\n"}}
[debug] [2025-07-18T17:13:05.465Z] E0718 14:13:05.464858   17492 load.go:23] Could not load config from "c:\\Dev\\focus-bonus-app\\dataconnect": could not find dataconnect.yaml in `c:\Dev\focus-bonus-app\dataconnect`
 {"metadata":{"emulator":{"name":"dataconnect"},"message":"E0718 14:13:05.464858   17492 load.go:23] Could not load config from \"c:\\\\Dev\\\\focus-bonus-app\\\\dataconnect\": could not find dataconnect.yaml in `c:\\Dev\\focus-bonus-app\\dataconnect`\n"}}
[debug] [2025-07-18T17:13:15.465Z] E0718 14:13:15.464925   17492 load.go:23] Could not load config from "c:\\Dev\\focus-bonus-app\\dataconnect": could not find dataconnect.yaml in `c:\Dev\focus-bonus-app\dataconnect`
 {"metadata":{"emulator":{"name":"dataconnect"},"message":"E0718 14:13:15.464925   17492 load.go:23] Could not load config from \"c:\\\\Dev\\\\focus-bonus-app\\\\dataconnect\": could not find dataconnect.yaml in `c:\\Dev\\focus-bonus-app\\dataconnect`\n"}}
[debug] [2025-07-18T17:13:25.464Z] E0718 14:13:25.464296   17492 load.go:23] Could not load config from "c:\\Dev\\focus-bonus-app\\dataconnect": could not find dataconnect.yaml in `c:\Dev\focus-bonus-app\dataconnect`
 {"metadata":{"emulator":{"name":"dataconnect"},"message":"E0718 14:13:25.464296   17492 load.go:23] Could not load config from \"c:\\\\Dev\\\\focus-bonus-app\\\\dataconnect\": could not find dataconnect.yaml in `c:\\Dev\\focus-bonus-app\\dataconnect`\n"}}
[debug] [2025-07-18T17:13:35.464Z] E0718 14:13:35.464295   17492 load.go:23] Could not load config from "c:\\Dev\\focus-bonus-app\\dataconnect": could not find dataconnect.yaml in `c:\Dev\focus-bonus-app\dataconnect`
 {"metadata":{"emulator":{"name":"dataconnect"},"message":"E0718 14:13:35.464295   17492 load.go:23] Could not load config from \"c:\\\\Dev\\\\focus-bonus-app\\\\dataconnect\": could not find dataconnect.yaml in `c:\\Dev\\focus-bonus-app\\dataconnect`\n"}}
[debug] [2025-07-18T17:13:45.464Z] E0718 14:13:45.464431   17492 load.go:23] Could not load config from "c:\\Dev\\focus-bonus-app\\dataconnect": could not find dataconnect.yaml in `c:\Dev\focus-bonus-app\dataconnect`
 {"metadata":{"emulator":{"name":"dataconnect"},"message":"E0718 14:13:45.464431   17492 load.go:23] Could not load config from \"c:\\\\Dev\\\\focus-bonus-app\\\\dataconnect\": could not find dataconnect.yaml in `c:\\Dev\\focus-bonus-app\\dataconnect`\n"}}
[debug] [2025-07-18T17:13:55.464Z] E0718 14:13:55.465119   17492 load.go:23] Could not load config from "c:\\Dev\\focus-bonus-app\\dataconnect": could not find dataconnect.yaml in `c:\Dev\focus-bonus-app\dataconnect`
 {"metadata":{"emulator":{"name":"dataconnect"},"message":"E0718 14:13:55.465119   17492 load.go:23] Could not load config from \"c:\\\\Dev\\\\focus-bonus-app\\\\dataconnect\": could not find dataconnect.yaml in `c:\\Dev\\focus-bonus-app\\dataconnect`\n"}}
[debug] [2025-07-18T17:14:05.466Z] E0718 14:14:05.465184   17492 load.go:23] Could not load config from "c:\\Dev\\focus-bonus-app\\dataconnect": could not find dataconnect.yaml in `c:\Dev\focus-bonus-app\dataconnect`
 {"metadata":{"emulator":{"name":"dataconnect"},"message":"E0718 14:14:05.465184   17492 load.go:23] Could not load config from \"c:\\\\Dev\\\\focus-bonus-app\\\\dataconnect\": could not find dataconnect.yaml in `c:\\Dev\\focus-bonus-app\\dataconnect`\n"}}
[debug] [2025-07-18T17:14:15.465Z] E0718 14:14:15.465231   17492 load.go:23] Could not load config from "c:\\Dev\\focus-bonus-app\\dataconnect": could not find dataconnect.yaml in `c:\Dev\focus-bonus-app\dataconnect`
 {"metadata":{"emulator":{"name":"dataconnect"},"message":"E0718 14:14:15.465231   17492 load.go:23] Could not load config from \"c:\\\\Dev\\\\focus-bonus-app\\\\dataconnect\": could not find dataconnect.yaml in `c:\\Dev\\focus-bonus-app\\dataconnect`\n"}}
[debug] [2025-07-18T17:14:25.464Z] E0718 14:14:25.464262   17492 load.go:23] Could not load config from "c:\\Dev\\focus-bonus-app\\dataconnect": could not find dataconnect.yaml in `c:\Dev\focus-bonus-app\dataconnect`
 {"metadata":{"emulator":{"name":"dataconnect"},"message":"E0718 14:14:25.464262   17492 load.go:23] Could not load config from \"c:\\\\Dev\\\\focus-bonus-app\\\\dataconnect\": could not find dataconnect.yaml in `c:\\Dev\\focus-bonus-app\\dataconnect`\n"}}
[debug] [2025-07-18T17:14:25.465Z] E0718 14:14:25.465280   17492 watch.go:76] watchAllDir unable to walk dir `c:\Dev\focus-bonus-app\dataconnect`: on path "c:\\Dev\\focus-bonus-app\\dataconnect" (DirEntry: <nil>): CreateFile c:\Dev\focus-bonus-app\dataconnect: The system cannot find the file specified.
 {"metadata":{"emulator":{"name":"dataconnect"},"message":"E0718 14:14:25.465280   17492 watch.go:76] watchAllDir unable to walk dir `c:\\Dev\\focus-bonus-app\\dataconnect`: on path \"c:\\\\Dev\\\\focus-bonus-app\\\\dataconnect\" (DirEntry: <nil>): CreateFile c:\\Dev\\focus-bonus-app\\dataconnect: The system cannot find the file specified.\n"}}
[debug] [2025-07-18T17:14:35.464Z] E0718 14:14:35.464693   17492 load.go:23] Could not load config from "c:\\Dev\\focus-bonus-app\\dataconnect": could not find dataconnect.yaml in `c:\Dev\focus-bonus-app\dataconnect`
 {"metadata":{"emulator":{"name":"dataconnect"},"message":"E0718 14:14:35.464693   17492 load.go:23] Could not load config from \"c:\\\\Dev\\\\focus-bonus-app\\\\dataconnect\": could not find dataconnect.yaml in `c:\\Dev\\focus-bonus-app\\dataconnect`\n"}}
[debug] [2025-07-18T17:14:45.465Z] E0718 14:14:45.464373   17492 load.go:23] Could not load config from "c:\\Dev\\focus-bonus-app\\dataconnect": could not find dataconnect.yaml in `c:\Dev\focus-bonus-app\dataconnect`
 {"metadata":{"emulator":{"name":"dataconnect"},"message":"E0718 14:14:45.464373   17492 load.go:23] Could not load config from \"c:\\\\Dev\\\\focus-bonus-app\\\\dataconnect\": could not find dataconnect.yaml in `c:\\Dev\\focus-bonus-app\\dataconnect`\n"}}
[debug] [2025-07-18T17:14:55.465Z] E0718 14:14:55.464847   17492 load.go:23] Could not load config from "c:\\Dev\\focus-bonus-app\\dataconnect": could not find dataconnect.yaml in `c:\Dev\focus-bonus-app\dataconnect`
 {"metadata":{"emulator":{"name":"dataconnect"},"message":"E0718 14:14:55.464847   17492 load.go:23] Could not load config from \"c:\\\\Dev\\\\focus-bonus-app\\\\dataconnect\": could not find dataconnect.yaml in `c:\\Dev\\focus-bonus-app\\dataconnect`\n"}}
[debug] [2025-07-18T17:15:05.465Z] E0718 14:15:05.464534   17492 load.go:23] Could not load config from "c:\\Dev\\focus-bonus-app\\dataconnect": could not find dataconnect.yaml in `c:\Dev\focus-bonus-app\dataconnect`
 {"metadata":{"emulator":{"name":"dataconnect"},"message":"E0718 14:15:05.464534   17492 load.go:23] Could not load config from \"c:\\\\Dev\\\\focus-bonus-app\\\\dataconnect\": could not find dataconnect.yaml in `c:\\Dev\\focus-bonus-app\\dataconnect`\n"}}
[debug] [2025-07-18T17:15:15.465Z] E0718 14:15:15.464501   17492 load.go:23] Could not load config from "c:\\Dev\\focus-bonus-app\\dataconnect": could not find dataconnect.yaml in `c:\Dev\focus-bonus-app\dataconnect`
 {"metadata":{"emulator":{"name":"dataconnect"},"message":"E0718 14:15:15.464501   17492 load.go:23] Could not load config from \"c:\\\\Dev\\\\focus-bonus-app\\\\dataconnect\": could not find dataconnect.yaml in `c:\\Dev\\focus-bonus-app\\dataconnect`\n"}}
[debug] [2025-07-18T17:15:25.465Z] E0718 14:15:25.464886   17492 load.go:23] Could not load config from "c:\\Dev\\focus-bonus-app\\dataconnect": could not find dataconnect.yaml in `c:\Dev\focus-bonus-app\dataconnect`
 {"metadata":{"emulator":{"name":"dataconnect"},"message":"E0718 14:15:25.464886   17492 load.go:23] Could not load config from \"c:\\\\Dev\\\\focus-bonus-app\\\\dataconnect\": could not find dataconnect.yaml in `c:\\Dev\\focus-bonus-app\\dataconnect`\n"}}
[debug] [2025-07-18T17:15:35.465Z] E0718 14:15:35.465124   17492 load.go:23] Could not load config from "c:\\Dev\\focus-bonus-app\\dataconnect": could not find dataconnect.yaml in `c:\Dev\focus-bonus-app\dataconnect`
 {"metadata":{"emulator":{"name":"dataconnect"},"message":"E0718 14:15:35.465124   17492 load.go:23] Could not load config from \"c:\\\\Dev\\\\focus-bonus-app\\\\dataconnect\": could not find dataconnect.yaml in `c:\\Dev\\focus-bonus-app\\dataconnect`\n"}}
[debug] [2025-07-18T17:15:45.465Z] E0718 14:15:45.465188   17492 load.go:23] Could not load config from "c:\\Dev\\focus-bonus-app\\dataconnect": could not find dataconnect.yaml in `c:\Dev\focus-bonus-app\dataconnect`
 {"metadata":{"emulator":{"name":"dataconnect"},"message":"E0718 14:15:45.465188   17492 load.go:23] Could not load config from \"c:\\\\Dev\\\\focus-bonus-app\\\\dataconnect\": could not find dataconnect.yaml in `c:\\Dev\\focus-bonus-app\\dataconnect`\n"}}
[debug] [2025-07-18T17:15:55.465Z] E0718 14:15:55.464720   17492 load.go:23] Could not load config from "c:\\Dev\\focus-bonus-app\\dataconnect": could not find dataconnect.yaml in `c:\Dev\focus-bonus-app\dataconnect`
 {"metadata":{"emulator":{"name":"dataconnect"},"message":"E0718 14:15:55.464720   17492 load.go:23] Could not load config from \"c:\\\\Dev\\\\focus-bonus-app\\\\dataconnect\": could not find dataconnect.yaml in `c:\\Dev\\focus-bonus-app\\dataconnect`\n"}}
[debug] [2025-07-18T17:16:05.464Z] E0718 14:16:05.464301   17492 load.go:23] Could not load config from "c:\\Dev\\focus-bonus-app\\dataconnect": could not find dataconnect.yaml in `c:\Dev\focus-bonus-app\dataconnect`
 {"metadata":{"emulator":{"name":"dataconnect"},"message":"E0718 14:16:05.464301   17492 load.go:23] Could not load config from \"c:\\\\Dev\\\\focus-bonus-app\\\\dataconnect\": could not find dataconnect.yaml in `c:\\Dev\\focus-bonus-app\\dataconnect`\n"}}
[debug] [2025-07-18T17:16:15.477Z] E0718 14:16:15.476837   17492 load.go:23] Could not load config from "c:\\Dev\\focus-bonus-app\\dataconnect": could not find dataconnect.yaml in `c:\Dev\focus-bonus-app\dataconnect`
 {"metadata":{"emulator":{"name":"dataconnect"},"message":"E0718 14:16:15.476837   17492 load.go:23] Could not load config from \"c:\\\\Dev\\\\focus-bonus-app\\\\dataconnect\": could not find dataconnect.yaml in `c:\\Dev\\focus-bonus-app\\dataconnect`\n"}}
[debug] [2025-07-18T17:16:25.467Z] E0718 14:16:25.467550   17492 load.go:23] Could not load config from "c:\\Dev\\focus-bonus-app\\dataconnect": could not find dataconnect.yaml in `c:\Dev\focus-bonus-app\dataconnect`
E0718 14:16:25.467550   17492 watch.go:76] watchAllDir unable to walk dir `c:\Dev\focus-bonus-app\dataconnect`: on path "c:\\Dev\\focus-bonus-app\\dataconnect" (DirEntry: <nil>): CreateFile c:\Dev\focus-bonus-app\dataconnect: The system cannot find the file specified.
 {"metadata":{"emulator":{"name":"dataconnect"},"message":"E0718 14:16:25.467550   17492 load.go:23] Could not load config from \"c:\\\\Dev\\\\focus-bonus-app\\\\dataconnect\": could not find dataconnect.yaml in `c:\\Dev\\focus-bonus-app\\dataconnect`\nE0718 14:16:25.467550   17492 watch.go:76] watchAllDir unable to walk dir `c:\\Dev\\focus-bonus-app\\dataconnect`: on path \"c:\\\\Dev\\\\focus-bonus-app\\\\dataconnect\" (DirEntry: <nil>): CreateFile c:\\Dev\\focus-bonus-app\\dataconnect: The system cannot find the file specified.\n"}}
[debug] [2025-07-18T17:16:35.464Z] E0718 14:16:35.464829   17492 load.go:23] Could not load config from "c:\\Dev\\focus-bonus-app\\dataconnect": could not find dataconnect.yaml in `c:\Dev\focus-bonus-app\dataconnect`
 {"metadata":{"emulator":{"name":"dataconnect"},"message":"E0718 14:16:35.464829   17492 load.go:23] Could not load config from \"c:\\\\Dev\\\\focus-bonus-app\\\\dataconnect\": could not find dataconnect.yaml in `c:\\Dev\\focus-bonus-app\\dataconnect`\n"}}
[debug] [2025-07-18T17:16:45.465Z] E0718 14:16:45.465298   17492 load.go:23] Could not load config from "c:\\Dev\\focus-bonus-app\\dataconnect": could not find dataconnect.yaml in `c:\Dev\focus-bonus-app\dataconnect`
 {"metadata":{"emulator":{"name":"dataconnect"},"message":"E0718 14:16:45.465298   17492 load.go:23] Could not load config from \"c:\\\\Dev\\\\focus-bonus-app\\\\dataconnect\": could not find dataconnect.yaml in `c:\\Dev\\focus-bonus-app\\dataconnect`\n"}}
[debug] [2025-07-18T17:16:55.465Z] E0718 14:16:55.465253   17492 load.go:23] Could not load config from "c:\\Dev\\focus-bonus-app\\dataconnect": could not find dataconnect.yaml in `c:\Dev\focus-bonus-app\dataconnect`
 {"metadata":{"emulator":{"name":"dataconnect"},"message":"E0718 14:16:55.465253   17492 load.go:23] Could not load config from \"c:\\\\Dev\\\\focus-bonus-app\\\\dataconnect\": could not find dataconnect.yaml in `c:\\Dev\\focus-bonus-app\\dataconnect`\n"}}
[debug] [2025-07-18T17:17:05.464Z] E0718 14:17:05.464399   17492 load.go:23] Could not load config from "c:\\Dev\\focus-bonus-app\\dataconnect": could not find dataconnect.yaml in `c:\Dev\focus-bonus-app\dataconnect`
 {"metadata":{"emulator":{"name":"dataconnect"},"message":"E0718 14:17:05.464399   17492 load.go:23] Could not load config from \"c:\\\\Dev\\\\focus-bonus-app\\\\dataconnect\": could not find dataconnect.yaml in `c:\\Dev\\focus-bonus-app\\dataconnect`\n"}}
[debug] [2025-07-18T17:17:15.465Z] E0718 14:17:15.465061   17492 load.go:23] Could not load config from "c:\\Dev\\focus-bonus-app\\dataconnect": could not find dataconnect.yaml in `c:\Dev\focus-bonus-app\dataconnect`
 {"metadata":{"emulator":{"name":"dataconnect"},"message":"E0718 14:17:15.465061   17492 load.go:23] Could not load config from \"c:\\\\Dev\\\\focus-bonus-app\\\\dataconnect\": could not find dataconnect.yaml in `c:\\Dev\\focus-bonus-app\\dataconnect`\n"}}
[debug] [2025-07-18T17:17:25.465Z] E0718 14:17:25.465201   17492 load.go:23] Could not load config from "c:\\Dev\\focus-bonus-app\\dataconnect": could not find dataconnect.yaml in `c:\Dev\focus-bonus-app\dataconnect`
 {"metadata":{"emulator":{"name":"dataconnect"},"message":"E0718 14:17:25.465201   17492 load.go:23] Could not load config from \"c:\\\\Dev\\\\focus-bonus-app\\\\dataconnect\": could not find dataconnect.yaml in `c:\\Dev\\focus-bonus-app\\dataconnect`\n"}}
[debug] [2025-07-18T17:17:35.464Z] E0718 14:17:35.464428   17492 load.go:23] Could not load config from "c:\\Dev\\focus-bonus-app\\dataconnect": could not find dataconnect.yaml in `c:\Dev\focus-bonus-app\dataconnect`
 {"metadata":{"emulator":{"name":"dataconnect"},"message":"E0718 14:17:35.464428   17492 load.go:23] Could not load config from \"c:\\\\Dev\\\\focus-bonus-app\\\\dataconnect\": could not find dataconnect.yaml in `c:\\Dev\\focus-bonus-app\\dataconnect`\n"}}
[debug] [2025-07-18T17:17:45.465Z] E0718 14:17:45.464830   17492 load.go:23] Could not load config from "c:\\Dev\\focus-bonus-app\\dataconnect": could not find dataconnect.yaml in `c:\Dev\focus-bonus-app\dataconnect`
 {"metadata":{"emulator":{"name":"dataconnect"},"message":"E0718 14:17:45.464830   17492 load.go:23] Could not load config from \"c:\\\\Dev\\\\focus-bonus-app\\\\dataconnect\": could not find dataconnect.yaml in `c:\\Dev\\focus-bonus-app\\dataconnect`\n"}}
[debug] [2025-07-18T17:17:55.465Z] E0718 14:17:55.464819   17492 load.go:23] Could not load config from "c:\\Dev\\focus-bonus-app\\dataconnect": could not find dataconnect.yaml in `c:\Dev\focus-bonus-app\dataconnect`
 {"metadata":{"emulator":{"name":"dataconnect"},"message":"E0718 14:17:55.464819   17492 load.go:23] Could not load config from \"c:\\\\Dev\\\\focus-bonus-app\\\\dataconnect\": could not find dataconnect.yaml in `c:\\Dev\\focus-bonus-app\\dataconnect`\n"}}
[debug] [2025-07-18T17:18:05.465Z] E0718 14:18:05.464985   17492 load.go:23] Could not load config from "c:\\Dev\\focus-bonus-app\\dataconnect": could not find dataconnect.yaml in `c:\Dev\focus-bonus-app\dataconnect`
 {"metadata":{"emulator":{"name":"dataconnect"},"message":"E0718 14:18:05.464985   17492 load.go:23] Could not load config from \"c:\\\\Dev\\\\focus-bonus-app\\\\dataconnect\": could not find dataconnect.yaml in `c:\\Dev\\focus-bonus-app\\dataconnect`\n"}}
[debug] [2025-07-18T17:18:15.465Z] E0718 14:18:15.465178   17492 load.go:23] Could not load config from "c:\\Dev\\focus-bonus-app\\dataconnect": could not find dataconnect.yaml in `c:\Dev\focus-bonus-app\dataconnect`
 {"metadata":{"emulator":{"name":"dataconnect"},"message":"E0718 14:18:15.465178   17492 load.go:23] Could not load config from \"c:\\\\Dev\\\\focus-bonus-app\\\\dataconnect\": could not find dataconnect.yaml in `c:\\Dev\\focus-bonus-app\\dataconnect`\n"}}
[debug] [2025-07-18T17:18:25.468Z] E0718 14:18:25.467075   17492 load.go:23] Could not load config from "c:\\Dev\\focus-bonus-app\\dataconnect": could not find dataconnect.yaml in `c:\Dev\focus-bonus-app\dataconnect`
E0718 14:18:25.467491   17492 watch.go:76] watchAllDir unable to walk dir `c:\Dev\focus-bonus-app\dataconnect`: on path "c:\\Dev\\focus-bonus-app\\dataconnect" (DirEntry: <nil>): CreateFile c:\Dev\focus-bonus-app\dataconnect: The system cannot find the file specified.
 {"metadata":{"emulator":{"name":"dataconnect"},"message":"E0718 14:18:25.467075   17492 load.go:23] Could not load config from \"c:\\\\Dev\\\\focus-bonus-app\\\\dataconnect\": could not find dataconnect.yaml in `c:\\Dev\\focus-bonus-app\\dataconnect`\nE0718 14:18:25.467491   17492 watch.go:76] watchAllDir unable to walk dir `c:\\Dev\\focus-bonus-app\\dataconnect`: on path \"c:\\\\Dev\\\\focus-bonus-app\\\\dataconnect\" (DirEntry: <nil>): CreateFile c:\\Dev\\focus-bonus-app\\dataconnect: The system cannot find the file specified.\n"}}
[debug] [2025-07-18T17:18:35.464Z] E0718 14:18:35.464757   17492 load.go:23] Could not load config from "c:\\Dev\\focus-bonus-app\\dataconnect": could not find dataconnect.yaml in `c:\Dev\focus-bonus-app\dataconnect`
 {"metadata":{"emulator":{"name":"dataconnect"},"message":"E0718 14:18:35.464757   17492 load.go:23] Could not load config from \"c:\\\\Dev\\\\focus-bonus-app\\\\dataconnect\": could not find dataconnect.yaml in `c:\\Dev\\focus-bonus-app\\dataconnect`\n"}}
[debug] [2025-07-18T17:18:45.465Z] E0718 14:18:45.465361   17492 load.go:23] Could not load config from "c:\\Dev\\focus-bonus-app\\dataconnect": could not find dataconnect.yaml in `c:\Dev\focus-bonus-app\dataconnect`
 {"metadata":{"emulator":{"name":"dataconnect"},"message":"E0718 14:18:45.465361   17492 load.go:23] Could not load config from \"c:\\\\Dev\\\\focus-bonus-app\\\\dataconnect\": could not find dataconnect.yaml in `c:\\Dev\\focus-bonus-app\\dataconnect`\n"}}
[debug] [2025-07-18T17:18:55.465Z] E0718 14:18:55.465408   17492 load.go:23] Could not load config from "c:\\Dev\\focus-bonus-app\\dataconnect": could not find dataconnect.yaml in `c:\Dev\focus-bonus-app\dataconnect`
 {"metadata":{"emulator":{"name":"dataconnect"},"message":"E0718 14:18:55.465408   17492 load.go:23] Could not load config from \"c:\\\\Dev\\\\focus-bonus-app\\\\dataconnect\": could not find dataconnect.yaml in `c:\\Dev\\focus-bonus-app\\dataconnect`\n"}}
[debug] [2025-07-18T17:19:05.464Z] E0718 14:19:05.464766   17492 load.go:23] Could not load config from "c:\\Dev\\focus-bonus-app\\dataconnect": could not find dataconnect.yaml in `c:\Dev\focus-bonus-app\dataconnect`
 {"metadata":{"emulator":{"name":"dataconnect"},"message":"E0718 14:19:05.464766   17492 load.go:23] Could not load config from \"c:\\\\Dev\\\\focus-bonus-app\\\\dataconnect\": could not find dataconnect.yaml in `c:\\Dev\\focus-bonus-app\\dataconnect`\n"}}
[debug] [2025-07-18T17:19:15.465Z] E0718 14:19:15.464790   17492 load.go:23] Could not load config from "c:\\Dev\\focus-bonus-app\\dataconnect": could not find dataconnect.yaml in `c:\Dev\focus-bonus-app\dataconnect`
 {"metadata":{"emulator":{"name":"dataconnect"},"message":"E0718 14:19:15.464790   17492 load.go:23] Could not load config from \"c:\\\\Dev\\\\focus-bonus-app\\\\dataconnect\": could not find dataconnect.yaml in `c:\\Dev\\focus-bonus-app\\dataconnect`\n"}}
[debug] [2025-07-18T17:19:25.465Z] E0718 14:19:25.465476   17492 load.go:23] Could not load config from "c:\\Dev\\focus-bonus-app\\dataconnect": could not find dataconnect.yaml in `c:\Dev\focus-bonus-app\dataconnect`
 {"metadata":{"emulator":{"name":"dataconnect"},"message":"E0718 14:19:25.465476   17492 load.go:23] Could not load config from \"c:\\\\Dev\\\\focus-bonus-app\\\\dataconnect\": could not find dataconnect.yaml in `c:\\Dev\\focus-bonus-app\\dataconnect`\n"}}
[debug] [2025-07-18T17:19:35.464Z] E0718 14:19:35.464260   17492 load.go:23] Could not load config from "c:\\Dev\\focus-bonus-app\\dataconnect": could not find dataconnect.yaml in `c:\Dev\focus-bonus-app\dataconnect`
 {"metadata":{"emulator":{"name":"dataconnect"},"message":"E0718 14:19:35.464260   17492 load.go:23] Could not load config from \"c:\\\\Dev\\\\focus-bonus-app\\\\dataconnect\": could not find dataconnect.yaml in `c:\\Dev\\focus-bonus-app\\dataconnect`\n"}}
[debug] [2025-07-18T17:19:45.466Z] E0718 14:19:45.466147   17492 load.go:23] Could not load config from "c:\\Dev\\focus-bonus-app\\dataconnect": could not find dataconnect.yaml in `c:\Dev\focus-bonus-app\dataconnect`
 {"metadata":{"emulator":{"name":"dataconnect"},"message":"E0718 14:19:45.466147   17492 load.go:23] Could not load config from \"c:\\\\Dev\\\\focus-bonus-app\\\\dataconnect\": could not find dataconnect.yaml in `c:\\Dev\\focus-bonus-app\\dataconnect`\n"}}
[debug] [2025-07-18T17:19:55.466Z] E0718 14:19:55.465507   17492 load.go:23] Could not load config from "c:\\Dev\\focus-bonus-app\\dataconnect": could not find dataconnect.yaml in `c:\Dev\focus-bonus-app\dataconnect`
 {"metadata":{"emulator":{"name":"dataconnect"},"message":"E0718 14:19:55.465507   17492 load.go:23] Could not load config from \"c:\\\\Dev\\\\focus-bonus-app\\\\dataconnect\": could not find dataconnect.yaml in `c:\\Dev\\focus-bonus-app\\dataconnect`\n"}}
[debug] [2025-07-18T17:20:05.464Z] E0718 14:20:05.464620   17492 load.go:23] Could not load config from "c:\\Dev\\focus-bonus-app\\dataconnect": could not find dataconnect.yaml in `c:\Dev\focus-bonus-app\dataconnect`
 {"metadata":{"emulator":{"name":"dataconnect"},"message":"E0718 14:20:05.464620   17492 load.go:23] Could not load config from \"c:\\\\Dev\\\\focus-bonus-app\\\\dataconnect\": could not find dataconnect.yaml in `c:\\Dev\\focus-bonus-app\\dataconnect`\n"}}
[debug] [2025-07-18T17:20:15.464Z] E0718 14:20:15.464738   17492 load.go:23] Could not load config from "c:\\Dev\\focus-bonus-app\\dataconnect": could not find dataconnect.yaml in `c:\Dev\focus-bonus-app\dataconnect`
 {"metadata":{"emulator":{"name":"dataconnect"},"message":"E0718 14:20:15.464738   17492 load.go:23] Could not load config from \"c:\\\\Dev\\\\focus-bonus-app\\\\dataconnect\": could not find dataconnect.yaml in `c:\\Dev\\focus-bonus-app\\dataconnect`\n"}}
[debug] [2025-07-18T17:20:25.464Z] E0718 14:20:25.464338   17492 load.go:23] Could not load config from "c:\\Dev\\focus-bonus-app\\dataconnect": could not find dataconnect.yaml in `c:\Dev\focus-bonus-app\dataconnect`
E0718 14:20:25.465120   17492 watch.go:76] watchAllDir unable to walk dir `c:\Dev\focus-bonus-app\dataconnect`: on path "c:\\Dev\\focus-bonus-app\\dataconnect" (DirEntry: <nil>): CreateFile c:\Dev\focus-bonus-app\dataconnect: The system cannot find the file specified.
 {"metadata":{"emulator":{"name":"dataconnect"},"message":"E0718 14:20:25.464338   17492 load.go:23] Could not load config from \"c:\\\\Dev\\\\focus-bonus-app\\\\dataconnect\": could not find dataconnect.yaml in `c:\\Dev\\focus-bonus-app\\dataconnect`\nE0718 14:20:25.465120   17492 watch.go:76] watchAllDir unable to walk dir `c:\\Dev\\focus-bonus-app\\dataconnect`: on path \"c:\\\\Dev\\\\focus-bonus-app\\\\dataconnect\" (DirEntry: <nil>): CreateFile c:\\Dev\\focus-bonus-app\\dataconnect: The system cannot find the file specified.\n"}}
[debug] [2025-07-18T17:20:35.466Z] E0718 14:20:35.466439   17492 load.go:23] Could not load config from "c:\\Dev\\focus-bonus-app\\dataconnect": could not find dataconnect.yaml in `c:\Dev\focus-bonus-app\dataconnect`
 {"metadata":{"emulator":{"name":"dataconnect"},"message":"E0718 14:20:35.466439   17492 load.go:23] Could not load config from \"c:\\\\Dev\\\\focus-bonus-app\\\\dataconnect\": could not find dataconnect.yaml in `c:\\Dev\\focus-bonus-app\\dataconnect`\n"}}
[debug] [2025-07-18T17:20:45.466Z] E0718 14:20:45.465689   17492 load.go:23] Could not load config from "c:\\Dev\\focus-bonus-app\\dataconnect": could not find dataconnect.yaml in `c:\Dev\focus-bonus-app\dataconnect`
 {"metadata":{"emulator":{"name":"dataconnect"},"message":"E0718 14:20:45.465689   17492 load.go:23] Could not load config from \"c:\\\\Dev\\\\focus-bonus-app\\\\dataconnect\": could not find dataconnect.yaml in `c:\\Dev\\focus-bonus-app\\dataconnect`\n"}}
[debug] [2025-07-18T17:20:55.465Z] E0718 14:20:55.465510   17492 load.go:23] Could not load config from "c:\\Dev\\focus-bonus-app\\dataconnect": could not find dataconnect.yaml in `c:\Dev\focus-bonus-app\dataconnect`
 {"metadata":{"emulator":{"name":"dataconnect"},"message":"E0718 14:20:55.465510   17492 load.go:23] Could not load config from \"c:\\\\Dev\\\\focus-bonus-app\\\\dataconnect\": could not find dataconnect.yaml in `c:\\Dev\\focus-bonus-app\\dataconnect`\n"}}
[debug] [2025-07-18T17:21:05.465Z] E0718 14:21:05.464935   17492 load.go:23] Could not load config from "c:\\Dev\\focus-bonus-app\\dataconnect": could not find dataconnect.yaml in `c:\Dev\focus-bonus-app\dataconnect`
 {"metadata":{"emulator":{"name":"dataconnect"},"message":"E0718 14:21:05.464935   17492 load.go:23] Could not load config from \"c:\\\\Dev\\\\focus-bonus-app\\\\dataconnect\": could not find dataconnect.yaml in `c:\\Dev\\focus-bonus-app\\dataconnect`\n"}}
[debug] [2025-07-18T17:21:15.465Z] E0718 14:21:15.464710   17492 load.go:23] Could not load config from "c:\\Dev\\focus-bonus-app\\dataconnect": could not find dataconnect.yaml in `c:\Dev\focus-bonus-app\dataconnect`
 {"metadata":{"emulator":{"name":"dataconnect"},"message":"E0718 14:21:15.464710   17492 load.go:23] Could not load config from \"c:\\\\Dev\\\\focus-bonus-app\\\\dataconnect\": could not find dataconnect.yaml in `c:\\Dev\\focus-bonus-app\\dataconnect`\n"}}
[debug] [2025-07-18T17:21:25.466Z] E0718 14:21:25.465921   17492 load.go:23] Could not load config from "c:\\Dev\\focus-bonus-app\\dataconnect": could not find dataconnect.yaml in `c:\Dev\focus-bonus-app\dataconnect`
 {"metadata":{"emulator":{"name":"dataconnect"},"message":"E0718 14:21:25.465921   17492 load.go:23] Could not load config from \"c:\\\\Dev\\\\focus-bonus-app\\\\dataconnect\": could not find dataconnect.yaml in `c:\\Dev\\focus-bonus-app\\dataconnect`\n"}}
[debug] [2025-07-18T17:21:35.465Z] E0718 14:21:35.465137   17492 load.go:23] Could not load config from "c:\\Dev\\focus-bonus-app\\dataconnect": could not find dataconnect.yaml in `c:\Dev\focus-bonus-app\dataconnect`
 {"metadata":{"emulator":{"name":"dataconnect"},"message":"E0718 14:21:35.465137   17492 load.go:23] Could not load config from \"c:\\\\Dev\\\\focus-bonus-app\\\\dataconnect\": could not find dataconnect.yaml in `c:\\Dev\\focus-bonus-app\\dataconnect`\n"}}
[debug] [2025-07-18T17:21:45.466Z] E0718 14:21:45.465994   17492 load.go:23] Could not load config from "c:\\Dev\\focus-bonus-app\\dataconnect": could not find dataconnect.yaml in `c:\Dev\focus-bonus-app\dataconnect`
 {"metadata":{"emulator":{"name":"dataconnect"},"message":"E0718 14:21:45.465994   17492 load.go:23] Could not load config from \"c:\\\\Dev\\\\focus-bonus-app\\\\dataconnect\": could not find dataconnect.yaml in `c:\\Dev\\focus-bonus-app\\dataconnect`\n"}}
[debug] [2025-07-18T17:21:55.465Z] E0718 14:21:55.465108   17492 load.go:23] Could not load config from "c:\\Dev\\focus-bonus-app\\dataconnect": could not find dataconnect.yaml in `c:\Dev\focus-bonus-app\dataconnect`
 {"metadata":{"emulator":{"name":"dataconnect"},"message":"E0718 14:21:55.465108   17492 load.go:23] Could not load config from \"c:\\\\Dev\\\\focus-bonus-app\\\\dataconnect\": could not find dataconnect.yaml in `c:\\Dev\\focus-bonus-app\\dataconnect`\n"}}
[debug] [2025-07-18T17:22:05.466Z] E0718 14:22:05.465873   17492 load.go:23] Could not load config from "c:\\Dev\\focus-bonus-app\\dataconnect": could not find dataconnect.yaml in `c:\Dev\focus-bonus-app\dataconnect`
 {"metadata":{"emulator":{"name":"dataconnect"},"message":"E0718 14:22:05.465873   17492 load.go:23] Could not load config from \"c:\\\\Dev\\\\focus-bonus-app\\\\dataconnect\": could not find dataconnect.yaml in `c:\\Dev\\focus-bonus-app\\dataconnect`\n"}}
[debug] [2025-07-18T17:22:15.466Z] E0718 14:22:15.465763   17492 load.go:23] Could not load config from "c:\\Dev\\focus-bonus-app\\dataconnect": could not find dataconnect.yaml in `c:\Dev\focus-bonus-app\dataconnect`
 {"metadata":{"emulator":{"name":"dataconnect"},"message":"E0718 14:22:15.465763   17492 load.go:23] Could not load config from \"c:\\\\Dev\\\\focus-bonus-app\\\\dataconnect\": could not find dataconnect.yaml in `c:\\Dev\\focus-bonus-app\\dataconnect`\n"}}
[debug] [2025-07-18T17:22:25.465Z] E0718 14:22:25.465028   17492 load.go:23] Could not load config from "c:\\Dev\\focus-bonus-app\\dataconnect": could not find dataconnect.yaml in `c:\Dev\focus-bonus-app\dataconnect`
 {"metadata":{"emulator":{"name":"dataconnect"},"message":"E0718 14:22:25.465028   17492 load.go:23] Could not load config from \"c:\\\\Dev\\\\focus-bonus-app\\\\dataconnect\": could not find dataconnect.yaml in `c:\\Dev\\focus-bonus-app\\dataconnect`\n"}}
[debug] [2025-07-18T17:22:25.467Z] E0718 14:22:25.465602   17492 watch.go:76] watchAllDir unable to walk dir `c:\Dev\focus-bonus-app\dataconnect`: on path "c:\\Dev\\focus-bonus-app\\dataconnect" (DirEntry: <nil>): CreateFile c:\Dev\focus-bonus-app\dataconnect: The system cannot find the file specified.
 {"metadata":{"emulator":{"name":"dataconnect"},"message":"E0718 14:22:25.465602   17492 watch.go:76] watchAllDir unable to walk dir `c:\\Dev\\focus-bonus-app\\dataconnect`: on path \"c:\\\\Dev\\\\focus-bonus-app\\\\dataconnect\" (DirEntry: <nil>): CreateFile c:\\Dev\\focus-bonus-app\\dataconnect: The system cannot find the file specified.\n"}}
[debug] [2025-07-18T17:22:35.465Z] E0718 14:22:35.464708   17492 load.go:23] Could not load config from "c:\\Dev\\focus-bonus-app\\dataconnect": could not find dataconnect.yaml in `c:\Dev\focus-bonus-app\dataconnect`
 {"metadata":{"emulator":{"name":"dataconnect"},"message":"E0718 14:22:35.464708   17492 load.go:23] Could not load config from \"c:\\\\Dev\\\\focus-bonus-app\\\\dataconnect\": could not find dataconnect.yaml in `c:\\Dev\\focus-bonus-app\\dataconnect`\n"}}
[debug] [2025-07-18T17:22:45.468Z] E0718 14:22:45.467823   17492 load.go:23] Could not load config from "c:\\Dev\\focus-bonus-app\\dataconnect": could not find dataconnect.yaml in `c:\Dev\focus-bonus-app\dataconnect`
 {"metadata":{"emulator":{"name":"dataconnect"},"message":"E0718 14:22:45.467823   17492 load.go:23] Could not load config from \"c:\\\\Dev\\\\focus-bonus-app\\\\dataconnect\": could not find dataconnect.yaml in `c:\\Dev\\focus-bonus-app\\dataconnect`\n"}}
[debug] [2025-07-18T17:22:55.466Z] E0718 14:22:55.465459   17492 load.go:23] Could not load config from "c:\\Dev\\focus-bonus-app\\dataconnect": could not find dataconnect.yaml in `c:\Dev\focus-bonus-app\dataconnect`
 {"metadata":{"emulator":{"name":"dataconnect"},"message":"E0718 14:22:55.465459   17492 load.go:23] Could not load config from \"c:\\\\Dev\\\\focus-bonus-app\\\\dataconnect\": could not find dataconnect.yaml in `c:\\Dev\\focus-bonus-app\\dataconnect`\n"}}
[debug] [2025-07-18T17:23:05.464Z] E0718 14:23:05.464526   17492 load.go:23] Could not load config from "c:\\Dev\\focus-bonus-app\\dataconnect": could not find dataconnect.yaml in `c:\Dev\focus-bonus-app\dataconnect`
 {"metadata":{"emulator":{"name":"dataconnect"},"message":"E0718 14:23:05.464526   17492 load.go:23] Could not load config from \"c:\\\\Dev\\\\focus-bonus-app\\\\dataconnect\": could not find dataconnect.yaml in `c:\\Dev\\focus-bonus-app\\dataconnect`\n"}}
[debug] [2025-07-18T17:23:15.465Z] E0718 14:23:15.465401   17492 load.go:23] Could not load config from "c:\\Dev\\focus-bonus-app\\dataconnect": could not find dataconnect.yaml in `c:\Dev\focus-bonus-app\dataconnect`
 {"metadata":{"emulator":{"name":"dataconnect"},"message":"E0718 14:23:15.465401   17492 load.go:23] Could not load config from \"c:\\\\Dev\\\\focus-bonus-app\\\\dataconnect\": could not find dataconnect.yaml in `c:\\Dev\\focus-bonus-app\\dataconnect`\n"}}
[debug] [2025-07-18T17:23:25.466Z] E0718 14:23:25.465494   17492 load.go:23] Could not load config from "c:\\Dev\\focus-bonus-app\\dataconnect": could not find dataconnect.yaml in `c:\Dev\focus-bonus-app\dataconnect`
 {"metadata":{"emulator":{"name":"dataconnect"},"message":"E0718 14:23:25.465494   17492 load.go:23] Could not load config from \"c:\\\\Dev\\\\focus-bonus-app\\\\dataconnect\": could not find dataconnect.yaml in `c:\\Dev\\focus-bonus-app\\dataconnect`\n"}}
[debug] [2025-07-18T17:23:35.465Z] E0718 14:23:35.464791   17492 load.go:23] Could not load config from "c:\\Dev\\focus-bonus-app\\dataconnect": could not find dataconnect.yaml in `c:\Dev\focus-bonus-app\dataconnect`
 {"metadata":{"emulator":{"name":"dataconnect"},"message":"E0718 14:23:35.464791   17492 load.go:23] Could not load config from \"c:\\\\Dev\\\\focus-bonus-app\\\\dataconnect\": could not find dataconnect.yaml in `c:\\Dev\\focus-bonus-app\\dataconnect`\n"}}
[debug] [2025-07-18T17:23:45.465Z] E0718 14:23:45.464779   17492 load.go:23] Could not load config from "c:\\Dev\\focus-bonus-app\\dataconnect": could not find dataconnect.yaml in `c:\Dev\focus-bonus-app\dataconnect`
 {"metadata":{"emulator":{"name":"dataconnect"},"message":"E0718 14:23:45.464779   17492 load.go:23] Could not load config from \"c:\\\\Dev\\\\focus-bonus-app\\\\dataconnect\": could not find dataconnect.yaml in `c:\\Dev\\focus-bonus-app\\dataconnect`\n"}}
[debug] [2025-07-18T17:23:55.466Z] E0718 14:23:55.464618   17492 load.go:23] Could not load config from "c:\\Dev\\focus-bonus-app\\dataconnect": could not find dataconnect.yaml in `c:\Dev\focus-bonus-app\dataconnect`
 {"metadata":{"emulator":{"name":"dataconnect"},"message":"E0718 14:23:55.464618   17492 load.go:23] Could not load config from \"c:\\\\Dev\\\\focus-bonus-app\\\\dataconnect\": could not find dataconnect.yaml in `c:\\Dev\\focus-bonus-app\\dataconnect`\n"}}
[debug] [2025-07-18T17:24:05.465Z] E0718 14:24:05.464806   17492 load.go:23] Could not load config from "c:\\Dev\\focus-bonus-app\\dataconnect": could not find dataconnect.yaml in `c:\Dev\focus-bonus-app\dataconnect`
 {"metadata":{"emulator":{"name":"dataconnect"},"message":"E0718 14:24:05.464806   17492 load.go:23] Could not load config from \"c:\\\\Dev\\\\focus-bonus-app\\\\dataconnect\": could not find dataconnect.yaml in `c:\\Dev\\focus-bonus-app\\dataconnect`\n"}}
[debug] [2025-07-18T17:24:15.464Z] E0718 14:24:15.464190   17492 load.go:23] Could not load config from "c:\\Dev\\focus-bonus-app\\dataconnect": could not find dataconnect.yaml in `c:\Dev\focus-bonus-app\dataconnect`
 {"metadata":{"emulator":{"name":"dataconnect"},"message":"E0718 14:24:15.464190   17492 load.go:23] Could not load config from \"c:\\\\Dev\\\\focus-bonus-app\\\\dataconnect\": could not find dataconnect.yaml in `c:\\Dev\\focus-bonus-app\\dataconnect`\n"}}
[debug] [2025-07-18T17:24:25.465Z] E0718 14:24:25.465351   17492 load.go:23] Could not load config from "c:\\Dev\\focus-bonus-app\\dataconnect": could not find dataconnect.yaml in `c:\Dev\focus-bonus-app\dataconnect`
E0718 14:24:25.466053   17492 watch.go:76] watchAllDir unable to walk dir `c:\Dev\focus-bonus-app\dataconnect`: on path "c:\\Dev\\focus-bonus-app\\dataconnect" (DirEntry: <nil>): CreateFile c:\Dev\focus-bonus-app\dataconnect: The system cannot find the file specified.
 {"metadata":{"emulator":{"name":"dataconnect"},"message":"E0718 14:24:25.465351   17492 load.go:23] Could not load config from \"c:\\\\Dev\\\\focus-bonus-app\\\\dataconnect\": could not find dataconnect.yaml in `c:\\Dev\\focus-bonus-app\\dataconnect`\nE0718 14:24:25.466053   17492 watch.go:76] watchAllDir unable to walk dir `c:\\Dev\\focus-bonus-app\\dataconnect`: on path \"c:\\\\Dev\\\\focus-bonus-app\\\\dataconnect\" (DirEntry: <nil>): CreateFile c:\\Dev\\focus-bonus-app\\dataconnect: The system cannot find the file specified.\n"}}
[debug] [2025-07-18T17:24:35.464Z] E0718 14:24:35.464571   17492 load.go:23] Could not load config from "c:\\Dev\\focus-bonus-app\\dataconnect": could not find dataconnect.yaml in `c:\Dev\focus-bonus-app\dataconnect`
 {"metadata":{"emulator":{"name":"dataconnect"},"message":"E0718 14:24:35.464571   17492 load.go:23] Could not load config from \"c:\\\\Dev\\\\focus-bonus-app\\\\dataconnect\": could not find dataconnect.yaml in `c:\\Dev\\focus-bonus-app\\dataconnect`\n"}}
[debug] [2025-07-18T17:24:45.465Z] E0718 14:24:45.465703   17492 load.go:23] Could not load config from "c:\\Dev\\focus-bonus-app\\dataconnect": could not find dataconnect.yaml in `c:\Dev\focus-bonus-app\dataconnect`
 {"metadata":{"emulator":{"name":"dataconnect"},"message":"E0718 14:24:45.465703   17492 load.go:23] Could not load config from \"c:\\\\Dev\\\\focus-bonus-app\\\\dataconnect\": could not find dataconnect.yaml in `c:\\Dev\\focus-bonus-app\\dataconnect`\n"}}
[debug] [2025-07-18T17:24:55.464Z] E0718 14:24:55.464954   17492 load.go:23] Could not load config from "c:\\Dev\\focus-bonus-app\\dataconnect": could not find dataconnect.yaml in `c:\Dev\focus-bonus-app\dataconnect`
 {"metadata":{"emulator":{"name":"dataconnect"},"message":"E0718 14:24:55.464954   17492 load.go:23] Could not load config from \"c:\\\\Dev\\\\focus-bonus-app\\\\dataconnect\": could not find dataconnect.yaml in `c:\\Dev\\focus-bonus-app\\dataconnect`\n"}}
[debug] [2025-07-18T17:25:05.464Z] E0718 14:25:05.464748   17492 load.go:23] Could not load config from "c:\\Dev\\focus-bonus-app\\dataconnect": could not find dataconnect.yaml in `c:\Dev\focus-bonus-app\dataconnect`
 {"metadata":{"emulator":{"name":"dataconnect"},"message":"E0718 14:25:05.464748   17492 load.go:23] Could not load config from \"c:\\\\Dev\\\\focus-bonus-app\\\\dataconnect\": could not find dataconnect.yaml in `c:\\Dev\\focus-bonus-app\\dataconnect`\n"}}
[debug] [2025-07-18T17:25:15.465Z] E0718 14:25:15.464990   17492 load.go:23] Could not load config from "c:\\Dev\\focus-bonus-app\\dataconnect": could not find dataconnect.yaml in `c:\Dev\focus-bonus-app\dataconnect`
 {"metadata":{"emulator":{"name":"dataconnect"},"message":"E0718 14:25:15.464990   17492 load.go:23] Could not load config from \"c:\\\\Dev\\\\focus-bonus-app\\\\dataconnect\": could not find dataconnect.yaml in `c:\\Dev\\focus-bonus-app\\dataconnect`\n"}}
[debug] [2025-07-18T17:25:25.464Z] E0718 14:25:25.464864   17492 load.go:23] Could not load config from "c:\\Dev\\focus-bonus-app\\dataconnect": could not find dataconnect.yaml in `c:\Dev\focus-bonus-app\dataconnect`
 {"metadata":{"emulator":{"name":"dataconnect"},"message":"E0718 14:25:25.464864   17492 load.go:23] Could not load config from \"c:\\\\Dev\\\\focus-bonus-app\\\\dataconnect\": could not find dataconnect.yaml in `c:\\Dev\\focus-bonus-app\\dataconnect`\n"}}
[debug] [2025-07-18T17:25:35.464Z] E0718 14:25:35.465089   17492 load.go:23] Could not load config from "c:\\Dev\\focus-bonus-app\\dataconnect": could not find dataconnect.yaml in `c:\Dev\focus-bonus-app\dataconnect`
 {"metadata":{"emulator":{"name":"dataconnect"},"message":"E0718 14:25:35.465089   17492 load.go:23] Could not load config from \"c:\\\\Dev\\\\focus-bonus-app\\\\dataconnect\": could not find dataconnect.yaml in `c:\\Dev\\focus-bonus-app\\dataconnect`\n"}}
[debug] [2025-07-18T17:25:45.465Z] E0718 14:25:45.464709   17492 load.go:23] Could not load config from "c:\\Dev\\focus-bonus-app\\dataconnect": could not find dataconnect.yaml in `c:\Dev\focus-bonus-app\dataconnect`
 {"metadata":{"emulator":{"name":"dataconnect"},"message":"E0718 14:25:45.464709   17492 load.go:23] Could not load config from \"c:\\\\Dev\\\\focus-bonus-app\\\\dataconnect\": could not find dataconnect.yaml in `c:\\Dev\\focus-bonus-app\\dataconnect`\n"}}
[debug] [2025-07-18T17:25:55.465Z] E0718 14:25:55.464729   17492 load.go:23] Could not load config from "c:\\Dev\\focus-bonus-app\\dataconnect": could not find dataconnect.yaml in `c:\Dev\focus-bonus-app\dataconnect`
 {"metadata":{"emulator":{"name":"dataconnect"},"message":"E0718 14:25:55.464729   17492 load.go:23] Could not load config from \"c:\\\\Dev\\\\focus-bonus-app\\\\dataconnect\": could not find dataconnect.yaml in `c:\\Dev\\focus-bonus-app\\dataconnect`\n"}}
[debug] [2025-07-18T17:26:05.464Z] E0718 14:26:05.464193   17492 load.go:23] Could not load config from "c:\\Dev\\focus-bonus-app\\dataconnect": could not find dataconnect.yaml in `c:\Dev\focus-bonus-app\dataconnect`
 {"metadata":{"emulator":{"name":"dataconnect"},"message":"E0718 14:26:05.464193   17492 load.go:23] Could not load config from \"c:\\\\Dev\\\\focus-bonus-app\\\\dataconnect\": could not find dataconnect.yaml in `c:\\Dev\\focus-bonus-app\\dataconnect`\n"}}
[debug] [2025-07-18T17:26:15.465Z] E0718 14:26:15.465229   17492 load.go:23] Could not load config from "c:\\Dev\\focus-bonus-app\\dataconnect": could not find dataconnect.yaml in `c:\Dev\focus-bonus-app\dataconnect`
 {"metadata":{"emulator":{"name":"dataconnect"},"message":"E0718 14:26:15.465229   17492 load.go:23] Could not load config from \"c:\\\\Dev\\\\focus-bonus-app\\\\dataconnect\": could not find dataconnect.yaml in `c:\\Dev\\focus-bonus-app\\dataconnect`\n"}}
[debug] [2025-07-18T17:26:25.466Z] E0718 14:26:25.464961   17492 load.go:23] Could not load config from "c:\\Dev\\focus-bonus-app\\dataconnect": could not find dataconnect.yaml in `c:\Dev\focus-bonus-app\dataconnect`
E0718 14:26:25.466092   17492 watch.go:76] watchAllDir unable to walk dir `c:\Dev\focus-bonus-app\dataconnect`: on path "c:\\Dev\\focus-bonus-app\\dataconnect" (DirEntry: <nil>): CreateFile c:\Dev\focus-bonus-app\dataconnect: The system cannot find the file specified.
 {"metadata":{"emulator":{"name":"dataconnect"},"message":"E0718 14:26:25.464961   17492 load.go:23] Could not load config from \"c:\\\\Dev\\\\focus-bonus-app\\\\dataconnect\": could not find dataconnect.yaml in `c:\\Dev\\focus-bonus-app\\dataconnect`\nE0718 14:26:25.466092   17492 watch.go:76] watchAllDir unable to walk dir `c:\\Dev\\focus-bonus-app\\dataconnect`: on path \"c:\\\\Dev\\\\focus-bonus-app\\\\dataconnect\" (DirEntry: <nil>): CreateFile c:\\Dev\\focus-bonus-app\\dataconnect: The system cannot find the file specified.\n"}}
[debug] [2025-07-18T17:26:35.464Z] E0718 14:26:35.464554   17492 load.go:23] Could not load config from "c:\\Dev\\focus-bonus-app\\dataconnect": could not find dataconnect.yaml in `c:\Dev\focus-bonus-app\dataconnect`
 {"metadata":{"emulator":{"name":"dataconnect"},"message":"E0718 14:26:35.464554   17492 load.go:23] Could not load config from \"c:\\\\Dev\\\\focus-bonus-app\\\\dataconnect\": could not find dataconnect.yaml in `c:\\Dev\\focus-bonus-app\\dataconnect`\n"}}
[debug] [2025-07-18T17:26:45.465Z] E0718 14:26:45.464993   17492 load.go:23] Could not load config from "c:\\Dev\\focus-bonus-app\\dataconnect": could not find dataconnect.yaml in `c:\Dev\focus-bonus-app\dataconnect`
 {"metadata":{"emulator":{"name":"dataconnect"},"message":"E0718 14:26:45.464993   17492 load.go:23] Could not load config from \"c:\\\\Dev\\\\focus-bonus-app\\\\dataconnect\": could not find dataconnect.yaml in `c:\\Dev\\focus-bonus-app\\dataconnect`\n"}}
[debug] [2025-07-18T17:26:55.466Z] E0718 14:26:55.465766   17492 load.go:23] Could not load config from "c:\\Dev\\focus-bonus-app\\dataconnect": could not find dataconnect.yaml in `c:\Dev\focus-bonus-app\dataconnect`
 {"metadata":{"emulator":{"name":"dataconnect"},"message":"E0718 14:26:55.465766   17492 load.go:23] Could not load config from \"c:\\\\Dev\\\\focus-bonus-app\\\\dataconnect\": could not find dataconnect.yaml in `c:\\Dev\\focus-bonus-app\\dataconnect`\n"}}
[debug] [2025-07-18T17:27:05.465Z] E0718 14:27:05.464946   17492 load.go:23] Could not load config from "c:\\Dev\\focus-bonus-app\\dataconnect": could not find dataconnect.yaml in `c:\Dev\focus-bonus-app\dataconnect`
 {"metadata":{"emulator":{"name":"dataconnect"},"message":"E0718 14:27:05.464946   17492 load.go:23] Could not load config from \"c:\\\\Dev\\\\focus-bonus-app\\\\dataconnect\": could not find dataconnect.yaml in `c:\\Dev\\focus-bonus-app\\dataconnect`\n"}}
[debug] [2025-07-18T17:27:15.465Z] E0718 14:27:15.464726   17492 load.go:23] Could not load config from "c:\\Dev\\focus-bonus-app\\dataconnect": could not find dataconnect.yaml in `c:\Dev\focus-bonus-app\dataconnect`
 {"metadata":{"emulator":{"name":"dataconnect"},"message":"E0718 14:27:15.464726   17492 load.go:23] Could not load config from \"c:\\\\Dev\\\\focus-bonus-app\\\\dataconnect\": could not find dataconnect.yaml in `c:\\Dev\\focus-bonus-app\\dataconnect`\n"}}
[debug] [2025-07-18T17:27:25.466Z] E0718 14:27:25.465338   17492 load.go:23] Could not load config from "c:\\Dev\\focus-bonus-app\\dataconnect": could not find dataconnect.yaml in `c:\Dev\focus-bonus-app\dataconnect`
 {"metadata":{"emulator":{"name":"dataconnect"},"message":"E0718 14:27:25.465338   17492 load.go:23] Could not load config from \"c:\\\\Dev\\\\focus-bonus-app\\\\dataconnect\": could not find dataconnect.yaml in `c:\\Dev\\focus-bonus-app\\dataconnect`\n"}}
[debug] [2025-07-18T17:27:35.464Z] E0718 14:27:35.464641   17492 load.go:23] Could not load config from "c:\\Dev\\focus-bonus-app\\dataconnect": could not find dataconnect.yaml in `c:\Dev\focus-bonus-app\dataconnect`
 {"metadata":{"emulator":{"name":"dataconnect"},"message":"E0718 14:27:35.464641   17492 load.go:23] Could not load config from \"c:\\\\Dev\\\\focus-bonus-app\\\\dataconnect\": could not find dataconnect.yaml in `c:\\Dev\\focus-bonus-app\\dataconnect`\n"}}
[debug] [2025-07-18T17:27:45.465Z] E0718 14:27:45.464688   17492 load.go:23] Could not load config from "c:\\Dev\\focus-bonus-app\\dataconnect": could not find dataconnect.yaml in `c:\Dev\focus-bonus-app\dataconnect`
 {"metadata":{"emulator":{"name":"dataconnect"},"message":"E0718 14:27:45.464688   17492 load.go:23] Could not load config from \"c:\\\\Dev\\\\focus-bonus-app\\\\dataconnect\": could not find dataconnect.yaml in `c:\\Dev\\focus-bonus-app\\dataconnect`\n"}}
[debug] [2025-07-18T17:27:55.465Z] E0718 14:27:55.465372   17492 load.go:23] Could not load config from "c:\\Dev\\focus-bonus-app\\dataconnect": could not find dataconnect.yaml in `c:\Dev\focus-bonus-app\dataconnect`
 {"metadata":{"emulator":{"name":"dataconnect"},"message":"E0718 14:27:55.465372   17492 load.go:23] Could not load config from \"c:\\\\Dev\\\\focus-bonus-app\\\\dataconnect\": could not find dataconnect.yaml in `c:\\Dev\\focus-bonus-app\\dataconnect`\n"}}
[debug] [2025-07-18T17:28:05.464Z] E0718 14:28:05.464575   17492 load.go:23] Could not load config from "c:\\Dev\\focus-bonus-app\\dataconnect": could not find dataconnect.yaml in `c:\Dev\focus-bonus-app\dataconnect`
 {"metadata":{"emulator":{"name":"dataconnect"},"message":"E0718 14:28:05.464575   17492 load.go:23] Could not load config from \"c:\\\\Dev\\\\focus-bonus-app\\\\dataconnect\": could not find dataconnect.yaml in `c:\\Dev\\focus-bonus-app\\dataconnect`\n"}}
[debug] [2025-07-18T17:28:15.464Z] E0718 14:28:15.464430   17492 load.go:23] Could not load config from "c:\\Dev\\focus-bonus-app\\dataconnect": could not find dataconnect.yaml in `c:\Dev\focus-bonus-app\dataconnect`
 {"metadata":{"emulator":{"name":"dataconnect"},"message":"E0718 14:28:15.464430   17492 load.go:23] Could not load config from \"c:\\\\Dev\\\\focus-bonus-app\\\\dataconnect\": could not find dataconnect.yaml in `c:\\Dev\\focus-bonus-app\\dataconnect`\n"}}
[debug] [2025-07-18T17:28:25.464Z] E0718 14:28:25.464470   17492 load.go:23] Could not load config from "c:\\Dev\\focus-bonus-app\\dataconnect": could not find dataconnect.yaml in `c:\Dev\focus-bonus-app\dataconnect`
E0718 14:28:25.464470   17492 watch.go:76] watchAllDir unable to walk dir `c:\Dev\focus-bonus-app\dataconnect`: on path "c:\\Dev\\focus-bonus-app\\dataconnect" (DirEntry: <nil>): CreateFile c:\Dev\focus-bonus-app\dataconnect: The system cannot find the file specified.
 {"metadata":{"emulator":{"name":"dataconnect"},"message":"E0718 14:28:25.464470   17492 load.go:23] Could not load config from \"c:\\\\Dev\\\\focus-bonus-app\\\\dataconnect\": could not find dataconnect.yaml in `c:\\Dev\\focus-bonus-app\\dataconnect`\nE0718 14:28:25.464470   17492 watch.go:76] watchAllDir unable to walk dir `c:\\Dev\\focus-bonus-app\\dataconnect`: on path \"c:\\\\Dev\\\\focus-bonus-app\\\\dataconnect\" (DirEntry: <nil>): CreateFile c:\\Dev\\focus-bonus-app\\dataconnect: The system cannot find the file specified.\n"}}
[debug] [2025-07-18T17:28:35.465Z] E0718 14:28:35.464627   17492 load.go:23] Could not load config from "c:\\Dev\\focus-bonus-app\\dataconnect": could not find dataconnect.yaml in `c:\Dev\focus-bonus-app\dataconnect`
 {"metadata":{"emulator":{"name":"dataconnect"},"message":"E0718 14:28:35.464627   17492 load.go:23] Could not load config from \"c:\\\\Dev\\\\focus-bonus-app\\\\dataconnect\": could not find dataconnect.yaml in `c:\\Dev\\focus-bonus-app\\dataconnect`\n"}}
[debug] [2025-07-18T17:28:45.466Z] E0718 14:28:45.465016   17492 load.go:23] Could not load config from "c:\\Dev\\focus-bonus-app\\dataconnect": could not find dataconnect.yaml in `c:\Dev\focus-bonus-app\dataconnect`
 {"metadata":{"emulator":{"name":"dataconnect"},"message":"E0718 14:28:45.465016   17492 load.go:23] Could not load config from \"c:\\\\Dev\\\\focus-bonus-app\\\\dataconnect\": could not find dataconnect.yaml in `c:\\Dev\\focus-bonus-app\\dataconnect`\n"}}
[debug] [2025-07-18T17:28:55.465Z] E0718 14:28:55.465030   17492 load.go:23] Could not load config from "c:\\Dev\\focus-bonus-app\\dataconnect": could not find dataconnect.yaml in `c:\Dev\focus-bonus-app\dataconnect`
 {"metadata":{"emulator":{"name":"dataconnect"},"message":"E0718 14:28:55.465030   17492 load.go:23] Could not load config from \"c:\\\\Dev\\\\focus-bonus-app\\\\dataconnect\": could not find dataconnect.yaml in `c:\\Dev\\focus-bonus-app\\dataconnect`\n"}}
[debug] [2025-07-18T17:29:05.466Z] E0718 14:29:05.466366   17492 load.go:23] Could not load config from "c:\\Dev\\focus-bonus-app\\dataconnect": could not find dataconnect.yaml in `c:\Dev\focus-bonus-app\dataconnect`
 {"metadata":{"emulator":{"name":"dataconnect"},"message":"E0718 14:29:05.466366   17492 load.go:23] Could not load config from \"c:\\\\Dev\\\\focus-bonus-app\\\\dataconnect\": could not find dataconnect.yaml in `c:\\Dev\\focus-bonus-app\\dataconnect`\n"}}
[debug] [2025-07-18T17:29:15.466Z] E0718 14:29:15.465539   17492 load.go:23] Could not load config from "c:\\Dev\\focus-bonus-app\\dataconnect": could not find dataconnect.yaml in `c:\Dev\focus-bonus-app\dataconnect`
 {"metadata":{"emulator":{"name":"dataconnect"},"message":"E0718 14:29:15.465539   17492 load.go:23] Could not load config from \"c:\\\\Dev\\\\focus-bonus-app\\\\dataconnect\": could not find dataconnect.yaml in `c:\\Dev\\focus-bonus-app\\dataconnect`\n"}}
[debug] [2025-07-18T17:29:25.466Z] E0718 14:29:25.464794   17492 load.go:23] Could not load config from "c:\\Dev\\focus-bonus-app\\dataconnect": could not find dataconnect.yaml in `c:\Dev\focus-bonus-app\dataconnect`
 {"metadata":{"emulator":{"name":"dataconnect"},"message":"E0718 14:29:25.464794   17492 load.go:23] Could not load config from \"c:\\\\Dev\\\\focus-bonus-app\\\\dataconnect\": could not find dataconnect.yaml in `c:\\Dev\\focus-bonus-app\\dataconnect`\n"}}
[debug] [2025-07-18T17:29:35.464Z] E0718 14:29:35.464336   17492 load.go:23] Could not load config from "c:\\Dev\\focus-bonus-app\\dataconnect": could not find dataconnect.yaml in `c:\Dev\focus-bonus-app\dataconnect`
 {"metadata":{"emulator":{"name":"dataconnect"},"message":"E0718 14:29:35.464336   17492 load.go:23] Could not load config from \"c:\\\\Dev\\\\focus-bonus-app\\\\dataconnect\": could not find dataconnect.yaml in `c:\\Dev\\focus-bonus-app\\dataconnect`\n"}}
[debug] [2025-07-18T17:29:45.464Z] E0718 14:29:45.464658   17492 load.go:23] Could not load config from "c:\\Dev\\focus-bonus-app\\dataconnect": could not find dataconnect.yaml in `c:\Dev\focus-bonus-app\dataconnect`
 {"metadata":{"emulator":{"name":"dataconnect"},"message":"E0718 14:29:45.464658   17492 load.go:23] Could not load config from \"c:\\\\Dev\\\\focus-bonus-app\\\\dataconnect\": could not find dataconnect.yaml in `c:\\Dev\\focus-bonus-app\\dataconnect`\n"}}
[debug] [2025-07-18T17:29:55.465Z] E0718 14:29:55.465202   17492 load.go:23] Could not load config from "c:\\Dev\\focus-bonus-app\\dataconnect": could not find dataconnect.yaml in `c:\Dev\focus-bonus-app\dataconnect`
 {"metadata":{"emulator":{"name":"dataconnect"},"message":"E0718 14:29:55.465202   17492 load.go:23] Could not load config from \"c:\\\\Dev\\\\focus-bonus-app\\\\dataconnect\": could not find dataconnect.yaml in `c:\\Dev\\focus-bonus-app\\dataconnect`\n"}}
[debug] [2025-07-18T17:30:05.465Z] E0718 14:30:05.465187   17492 load.go:23] Could not load config from "c:\\Dev\\focus-bonus-app\\dataconnect": could not find dataconnect.yaml in `c:\Dev\focus-bonus-app\dataconnect`
 {"metadata":{"emulator":{"name":"dataconnect"},"message":"E0718 14:30:05.465187   17492 load.go:23] Could not load config from \"c:\\\\Dev\\\\focus-bonus-app\\\\dataconnect\": could not find dataconnect.yaml in `c:\\Dev\\focus-bonus-app\\dataconnect`\n"}}
[debug] [2025-07-18T17:30:15.465Z] E0718 14:30:15.464726   17492 load.go:23] Could not load config from "c:\\Dev\\focus-bonus-app\\dataconnect": could not find dataconnect.yaml in `c:\Dev\focus-bonus-app\dataconnect`
 {"metadata":{"emulator":{"name":"dataconnect"},"message":"E0718 14:30:15.464726   17492 load.go:23] Could not load config from \"c:\\\\Dev\\\\focus-bonus-app\\\\dataconnect\": could not find dataconnect.yaml in `c:\\Dev\\focus-bonus-app\\dataconnect`\n"}}
[debug] [2025-07-18T17:30:25.466Z] E0718 14:30:25.466002   17492 load.go:23] Could not load config from "c:\\Dev\\focus-bonus-app\\dataconnect": could not find dataconnect.yaml in `c:\Dev\focus-bonus-app\dataconnect`
 {"metadata":{"emulator":{"name":"dataconnect"},"message":"E0718 14:30:25.466002   17492 load.go:23] Could not load config from \"c:\\\\Dev\\\\focus-bonus-app\\\\dataconnect\": could not find dataconnect.yaml in `c:\\Dev\\focus-bonus-app\\dataconnect`\n"}}
[debug] [2025-07-18T17:30:25.467Z] E0718 14:30:25.466002   17492 watch.go:76] watchAllDir unable to walk dir `c:\Dev\focus-bonus-app\dataconnect`: on path "c:\\Dev\\focus-bonus-app\\dataconnect" (DirEntry: <nil>): CreateFile c:\Dev\focus-bonus-app\dataconnect: The system cannot find the file specified.
 {"metadata":{"emulator":{"name":"dataconnect"},"message":"E0718 14:30:25.466002   17492 watch.go:76] watchAllDir unable to walk dir `c:\\Dev\\focus-bonus-app\\dataconnect`: on path \"c:\\\\Dev\\\\focus-bonus-app\\\\dataconnect\" (DirEntry: <nil>): CreateFile c:\\Dev\\focus-bonus-app\\dataconnect: The system cannot find the file specified.\n"}}
[debug] [2025-07-18T17:30:35.465Z] E0718 14:30:35.464931   17492 load.go:23] Could not load config from "c:\\Dev\\focus-bonus-app\\dataconnect": could not find dataconnect.yaml in `c:\Dev\focus-bonus-app\dataconnect`
 {"metadata":{"emulator":{"name":"dataconnect"},"message":"E0718 14:30:35.464931   17492 load.go:23] Could not load config from \"c:\\\\Dev\\\\focus-bonus-app\\\\dataconnect\": could not find dataconnect.yaml in `c:\\Dev\\focus-bonus-app\\dataconnect`\n"}}
[debug] [2025-07-18T17:30:45.464Z] E0718 14:30:45.464670   17492 load.go:23] Could not load config from "c:\\Dev\\focus-bonus-app\\dataconnect": could not find dataconnect.yaml in `c:\Dev\focus-bonus-app\dataconnect`
 {"metadata":{"emulator":{"name":"dataconnect"},"message":"E0718 14:30:45.464670   17492 load.go:23] Could not load config from \"c:\\\\Dev\\\\focus-bonus-app\\\\dataconnect\": could not find dataconnect.yaml in `c:\\Dev\\focus-bonus-app\\dataconnect`\n"}}
[debug] [2025-07-18T17:30:55.465Z] E0718 14:30:55.465208   17492 load.go:23] Could not load config from "c:\\Dev\\focus-bonus-app\\dataconnect": could not find dataconnect.yaml in `c:\Dev\focus-bonus-app\dataconnect`
 {"metadata":{"emulator":{"name":"dataconnect"},"message":"E0718 14:30:55.465208   17492 load.go:23] Could not load config from \"c:\\\\Dev\\\\focus-bonus-app\\\\dataconnect\": could not find dataconnect.yaml in `c:\\Dev\\focus-bonus-app\\dataconnect`\n"}}
[debug] [2025-07-18T17:31:05.466Z] E0718 14:31:05.465624   17492 load.go:23] Could not load config from "c:\\Dev\\focus-bonus-app\\dataconnect": could not find dataconnect.yaml in `c:\Dev\focus-bonus-app\dataconnect`
 {"metadata":{"emulator":{"name":"dataconnect"},"message":"E0718 14:31:05.465624   17492 load.go:23] Could not load config from \"c:\\\\Dev\\\\focus-bonus-app\\\\dataconnect\": could not find dataconnect.yaml in `c:\\Dev\\focus-bonus-app\\dataconnect`\n"}}
[debug] [2025-07-18T17:31:15.465Z] E0718 14:31:15.465041   17492 load.go:23] Could not load config from "c:\\Dev\\focus-bonus-app\\dataconnect": could not find dataconnect.yaml in `c:\Dev\focus-bonus-app\dataconnect`
 {"metadata":{"emulator":{"name":"dataconnect"},"message":"E0718 14:31:15.465041   17492 load.go:23] Could not load config from \"c:\\\\Dev\\\\focus-bonus-app\\\\dataconnect\": could not find dataconnect.yaml in `c:\\Dev\\focus-bonus-app\\dataconnect`\n"}}
[debug] [2025-07-18T17:31:25.466Z] E0718 14:31:25.466828   17492 load.go:23] Could not load config from "c:\\Dev\\focus-bonus-app\\dataconnect": could not find dataconnect.yaml in `c:\Dev\focus-bonus-app\dataconnect`
 {"metadata":{"emulator":{"name":"dataconnect"},"message":"E0718 14:31:25.466828   17492 load.go:23] Could not load config from \"c:\\\\Dev\\\\focus-bonus-app\\\\dataconnect\": could not find dataconnect.yaml in `c:\\Dev\\focus-bonus-app\\dataconnect`\n"}}
[debug] [2025-07-18T17:31:35.466Z] E0718 14:31:35.464312   17492 load.go:23] Could not load config from "c:\\Dev\\focus-bonus-app\\dataconnect": could not find dataconnect.yaml in `c:\Dev\focus-bonus-app\dataconnect`
 {"metadata":{"emulator":{"name":"dataconnect"},"message":"E0718 14:31:35.464312   17492 load.go:23] Could not load config from \"c:\\\\Dev\\\\focus-bonus-app\\\\dataconnect\": could not find dataconnect.yaml in `c:\\Dev\\focus-bonus-app\\dataconnect`\n"}}
[debug] [2025-07-18T17:31:45.464Z] E0718 14:31:45.464666   17492 load.go:23] Could not load config from "c:\\Dev\\focus-bonus-app\\dataconnect": could not find dataconnect.yaml in `c:\Dev\focus-bonus-app\dataconnect`
 {"metadata":{"emulator":{"name":"dataconnect"},"message":"E0718 14:31:45.464666   17492 load.go:23] Could not load config from \"c:\\\\Dev\\\\focus-bonus-app\\\\dataconnect\": could not find dataconnect.yaml in `c:\\Dev\\focus-bonus-app\\dataconnect`\n"}}
[debug] [2025-07-18T17:31:55.466Z] E0718 14:31:55.465350   17492 load.go:23] Could not load config from "c:\\Dev\\focus-bonus-app\\dataconnect": could not find dataconnect.yaml in `c:\Dev\focus-bonus-app\dataconnect`
 {"metadata":{"emulator":{"name":"dataconnect"},"message":"E0718 14:31:55.465350   17492 load.go:23] Could not load config from \"c:\\\\Dev\\\\focus-bonus-app\\\\dataconnect\": could not find dataconnect.yaml in `c:\\Dev\\focus-bonus-app\\dataconnect`\n"}}
[debug] [2025-07-18T17:32:05.466Z] E0718 14:32:05.465532   17492 load.go:23] Could not load config from "c:\\Dev\\focus-bonus-app\\dataconnect": could not find dataconnect.yaml in `c:\Dev\focus-bonus-app\dataconnect`
 {"metadata":{"emulator":{"name":"dataconnect"},"message":"E0718 14:32:05.465532   17492 load.go:23] Could not load config from \"c:\\\\Dev\\\\focus-bonus-app\\\\dataconnect\": could not find dataconnect.yaml in `c:\\Dev\\focus-bonus-app\\dataconnect`\n"}}
[debug] [2025-07-18T17:32:15.465Z] E0718 14:32:15.464963   17492 load.go:23] Could not load config from "c:\\Dev\\focus-bonus-app\\dataconnect": could not find dataconnect.yaml in `c:\Dev\focus-bonus-app\dataconnect`
 {"metadata":{"emulator":{"name":"dataconnect"},"message":"E0718 14:32:15.464963   17492 load.go:23] Could not load config from \"c:\\\\Dev\\\\focus-bonus-app\\\\dataconnect\": could not find dataconnect.yaml in `c:\\Dev\\focus-bonus-app\\dataconnect`\n"}}
[debug] [2025-07-18T17:32:25.465Z] E0718 14:32:25.464587   17492 load.go:23] Could not load config from "c:\\Dev\\focus-bonus-app\\dataconnect": could not find dataconnect.yaml in `c:\Dev\focus-bonus-app\dataconnect`
 {"metadata":{"emulator":{"name":"dataconnect"},"message":"E0718 14:32:25.464587   17492 load.go:23] Could not load config from \"c:\\\\Dev\\\\focus-bonus-app\\\\dataconnect\": could not find dataconnect.yaml in `c:\\Dev\\focus-bonus-app\\dataconnect`\n"}}
[debug] [2025-07-18T17:32:25.466Z] E0718 14:32:25.465095   17492 watch.go:76] watchAllDir unable to walk dir `c:\Dev\focus-bonus-app\dataconnect`: on path "c:\\Dev\\focus-bonus-app\\dataconnect" (DirEntry: <nil>): CreateFile c:\Dev\focus-bonus-app\dataconnect: The system cannot find the file specified.
 {"metadata":{"emulator":{"name":"dataconnect"},"message":"E0718 14:32:25.465095   17492 watch.go:76] watchAllDir unable to walk dir `c:\\Dev\\focus-bonus-app\\dataconnect`: on path \"c:\\\\Dev\\\\focus-bonus-app\\\\dataconnect\" (DirEntry: <nil>): CreateFile c:\\Dev\\focus-bonus-app\\dataconnect: The system cannot find the file specified.\n"}}
[debug] [2025-07-18T17:32:35.467Z] E0718 14:32:35.466660   17492 load.go:23] Could not load config from "c:\\Dev\\focus-bonus-app\\dataconnect": could not find dataconnect.yaml in `c:\Dev\focus-bonus-app\dataconnect`
 {"metadata":{"emulator":{"name":"dataconnect"},"message":"E0718 14:32:35.466660   17492 load.go:23] Could not load config from \"c:\\\\Dev\\\\focus-bonus-app\\\\dataconnect\": could not find dataconnect.yaml in `c:\\Dev\\focus-bonus-app\\dataconnect`\n"}}
[debug] [2025-07-18T17:32:45.465Z] E0718 14:32:45.464854   17492 load.go:23] Could not load config from "c:\\Dev\\focus-bonus-app\\dataconnect": could not find dataconnect.yaml in `c:\Dev\focus-bonus-app\dataconnect`
 {"metadata":{"emulator":{"name":"dataconnect"},"message":"E0718 14:32:45.464854   17492 load.go:23] Could not load config from \"c:\\\\Dev\\\\focus-bonus-app\\\\dataconnect\": could not find dataconnect.yaml in `c:\\Dev\\focus-bonus-app\\dataconnect`\n"}}
[debug] [2025-07-18T17:32:55.466Z] E0718 14:32:55.465082   17492 load.go:23] Could not load config from "c:\\Dev\\focus-bonus-app\\dataconnect": could not find dataconnect.yaml in `c:\Dev\focus-bonus-app\dataconnect`
 {"metadata":{"emulator":{"name":"dataconnect"},"message":"E0718 14:32:55.465082   17492 load.go:23] Could not load config from \"c:\\\\Dev\\\\focus-bonus-app\\\\dataconnect\": could not find dataconnect.yaml in `c:\\Dev\\focus-bonus-app\\dataconnect`\n"}}
[debug] [2025-07-18T17:33:05.465Z] E0718 14:33:05.465022   17492 load.go:23] Could not load config from "c:\\Dev\\focus-bonus-app\\dataconnect": could not find dataconnect.yaml in `c:\Dev\focus-bonus-app\dataconnect`
 {"metadata":{"emulator":{"name":"dataconnect"},"message":"E0718 14:33:05.465022   17492 load.go:23] Could not load config from \"c:\\\\Dev\\\\focus-bonus-app\\\\dataconnect\": could not find dataconnect.yaml in `c:\\Dev\\focus-bonus-app\\dataconnect`\n"}}
[debug] [2025-07-18T17:33:15.465Z] E0718 14:33:15.464465   17492 load.go:23] Could not load config from "c:\\Dev\\focus-bonus-app\\dataconnect": could not find dataconnect.yaml in `c:\Dev\focus-bonus-app\dataconnect`
 {"metadata":{"emulator":{"name":"dataconnect"},"message":"E0718 14:33:15.464465   17492 load.go:23] Could not load config from \"c:\\\\Dev\\\\focus-bonus-app\\\\dataconnect\": could not find dataconnect.yaml in `c:\\Dev\\focus-bonus-app\\dataconnect`\n"}}
[debug] [2025-07-18T17:33:25.465Z] E0718 14:33:25.464326   17492 load.go:23] Could not load config from "c:\\Dev\\focus-bonus-app\\dataconnect": could not find dataconnect.yaml in `c:\Dev\focus-bonus-app\dataconnect`
 {"metadata":{"emulator":{"name":"dataconnect"},"message":"E0718 14:33:25.464326   17492 load.go:23] Could not load config from \"c:\\\\Dev\\\\focus-bonus-app\\\\dataconnect\": could not find dataconnect.yaml in `c:\\Dev\\focus-bonus-app\\dataconnect`\n"}}
[debug] [2025-07-18T17:33:35.465Z] E0718 14:33:35.464448   17492 load.go:23] Could not load config from "c:\\Dev\\focus-bonus-app\\dataconnect": could not find dataconnect.yaml in `c:\Dev\focus-bonus-app\dataconnect`
 {"metadata":{"emulator":{"name":"dataconnect"},"message":"E0718 14:33:35.464448   17492 load.go:23] Could not load config from \"c:\\\\Dev\\\\focus-bonus-app\\\\dataconnect\": could not find dataconnect.yaml in `c:\\Dev\\focus-bonus-app\\dataconnect`\n"}}
[debug] [2025-07-18T17:33:45.464Z] E0718 14:33:45.464758   17492 load.go:23] Could not load config from "c:\\Dev\\focus-bonus-app\\dataconnect": could not find dataconnect.yaml in `c:\Dev\focus-bonus-app\dataconnect`
 {"metadata":{"emulator":{"name":"dataconnect"},"message":"E0718 14:33:45.464758   17492 load.go:23] Could not load config from \"c:\\\\Dev\\\\focus-bonus-app\\\\dataconnect\": could not find dataconnect.yaml in `c:\\Dev\\focus-bonus-app\\dataconnect`\n"}}
[debug] [2025-07-18T17:33:55.465Z] E0718 14:33:55.465439   17492 load.go:23] Could not load config from "c:\\Dev\\focus-bonus-app\\dataconnect": could not find dataconnect.yaml in `c:\Dev\focus-bonus-app\dataconnect`
 {"metadata":{"emulator":{"name":"dataconnect"},"message":"E0718 14:33:55.465439   17492 load.go:23] Could not load config from \"c:\\\\Dev\\\\focus-bonus-app\\\\dataconnect\": could not find dataconnect.yaml in `c:\\Dev\\focus-bonus-app\\dataconnect`\n"}}
[debug] [2025-07-18T17:34:05.464Z] E0718 14:34:05.464679   17492 load.go:23] Could not load config from "c:\\Dev\\focus-bonus-app\\dataconnect": could not find dataconnect.yaml in `c:\Dev\focus-bonus-app\dataconnect`
 {"metadata":{"emulator":{"name":"dataconnect"},"message":"E0718 14:34:05.464679   17492 load.go:23] Could not load config from \"c:\\\\Dev\\\\focus-bonus-app\\\\dataconnect\": could not find dataconnect.yaml in `c:\\Dev\\focus-bonus-app\\dataconnect`\n"}}
[debug] [2025-07-18T17:34:15.464Z] E0718 14:34:15.464879   17492 load.go:23] Could not load config from "c:\\Dev\\focus-bonus-app\\dataconnect": could not find dataconnect.yaml in `c:\Dev\focus-bonus-app\dataconnect`
 {"metadata":{"emulator":{"name":"dataconnect"},"message":"E0718 14:34:15.464879   17492 load.go:23] Could not load config from \"c:\\\\Dev\\\\focus-bonus-app\\\\dataconnect\": could not find dataconnect.yaml in `c:\\Dev\\focus-bonus-app\\dataconnect`\n"}}
[debug] [2025-07-18T17:34:25.467Z] E0718 14:34:25.466503   17492 load.go:23] Could not load config from "c:\\Dev\\focus-bonus-app\\dataconnect": could not find dataconnect.yaml in `c:\Dev\focus-bonus-app\dataconnect`
E0718 14:34:25.466503   17492 watch.go:76] watchAllDir unable to walk dir `c:\Dev\focus-bonus-app\dataconnect`: on path "c:\\Dev\\focus-bonus-app\\dataconnect" (DirEntry: <nil>): CreateFile c:\Dev\focus-bonus-app\dataconnect: The system cannot find the file specified.
 {"metadata":{"emulator":{"name":"dataconnect"},"message":"E0718 14:34:25.466503   17492 load.go:23] Could not load config from \"c:\\\\Dev\\\\focus-bonus-app\\\\dataconnect\": could not find dataconnect.yaml in `c:\\Dev\\focus-bonus-app\\dataconnect`\nE0718 14:34:25.466503   17492 watch.go:76] watchAllDir unable to walk dir `c:\\Dev\\focus-bonus-app\\dataconnect`: on path \"c:\\\\Dev\\\\focus-bonus-app\\\\dataconnect\" (DirEntry: <nil>): CreateFile c:\\Dev\\focus-bonus-app\\dataconnect: The system cannot find the file specified.\n"}}
[debug] [2025-07-18T17:34:35.466Z] E0718 14:34:35.465572   17492 load.go:23] Could not load config from "c:\\Dev\\focus-bonus-app\\dataconnect": could not find dataconnect.yaml in `c:\Dev\focus-bonus-app\dataconnect`
 {"metadata":{"emulator":{"name":"dataconnect"},"message":"E0718 14:34:35.465572   17492 load.go:23] Could not load config from \"c:\\\\Dev\\\\focus-bonus-app\\\\dataconnect\": could not find dataconnect.yaml in `c:\\Dev\\focus-bonus-app\\dataconnect`\n"}}
[debug] [2025-07-18T17:34:45.465Z] E0718 14:34:45.465276   17492 load.go:23] Could not load config from "c:\\Dev\\focus-bonus-app\\dataconnect": could not find dataconnect.yaml in `c:\Dev\focus-bonus-app\dataconnect`
 {"metadata":{"emulator":{"name":"dataconnect"},"message":"E0718 14:34:45.465276   17492 load.go:23] Could not load config from \"c:\\\\Dev\\\\focus-bonus-app\\\\dataconnect\": could not find dataconnect.yaml in `c:\\Dev\\focus-bonus-app\\dataconnect`\n"}}
[debug] [2025-07-18T17:34:55.467Z] E0718 14:34:55.465987   17492 load.go:23] Could not load config from "c:\\Dev\\focus-bonus-app\\dataconnect": could not find dataconnect.yaml in `c:\Dev\focus-bonus-app\dataconnect`
 {"metadata":{"emulator":{"name":"dataconnect"},"message":"E0718 14:34:55.465987   17492 load.go:23] Could not load config from \"c:\\\\Dev\\\\focus-bonus-app\\\\dataconnect\": could not find dataconnect.yaml in `c:\\Dev\\focus-bonus-app\\dataconnect`\n"}}
[debug] [2025-07-18T17:35:05.465Z] E0718 14:35:05.464807   17492 load.go:23] Could not load config from "c:\\Dev\\focus-bonus-app\\dataconnect": could not find dataconnect.yaml in `c:\Dev\focus-bonus-app\dataconnect`
 {"metadata":{"emulator":{"name":"dataconnect"},"message":"E0718 14:35:05.464807   17492 load.go:23] Could not load config from \"c:\\\\Dev\\\\focus-bonus-app\\\\dataconnect\": could not find dataconnect.yaml in `c:\\Dev\\focus-bonus-app\\dataconnect`\n"}}
[debug] [2025-07-18T17:35:15.465Z] E0718 14:35:15.464583   17492 load.go:23] Could not load config from "c:\\Dev\\focus-bonus-app\\dataconnect": could not find dataconnect.yaml in `c:\Dev\focus-bonus-app\dataconnect`
 {"metadata":{"emulator":{"name":"dataconnect"},"message":"E0718 14:35:15.464583   17492 load.go:23] Could not load config from \"c:\\\\Dev\\\\focus-bonus-app\\\\dataconnect\": could not find dataconnect.yaml in `c:\\Dev\\focus-bonus-app\\dataconnect`\n"}}
[debug] [2025-07-18T17:35:25.468Z] E0718 14:35:25.467598   17492 load.go:23] Could not load config from "c:\\Dev\\focus-bonus-app\\dataconnect": could not find dataconnect.yaml in `c:\Dev\focus-bonus-app\dataconnect`
 {"metadata":{"emulator":{"name":"dataconnect"},"message":"E0718 14:35:25.467598   17492 load.go:23] Could not load config from \"c:\\\\Dev\\\\focus-bonus-app\\\\dataconnect\": could not find dataconnect.yaml in `c:\\Dev\\focus-bonus-app\\dataconnect`\n"}}
[debug] [2025-07-18T17:35:35.466Z] E0718 14:35:35.465961   17492 load.go:23] Could not load config from "c:\\Dev\\focus-bonus-app\\dataconnect": could not find dataconnect.yaml in `c:\Dev\focus-bonus-app\dataconnect`
 {"metadata":{"emulator":{"name":"dataconnect"},"message":"E0718 14:35:35.465961   17492 load.go:23] Could not load config from \"c:\\\\Dev\\\\focus-bonus-app\\\\dataconnect\": could not find dataconnect.yaml in `c:\\Dev\\focus-bonus-app\\dataconnect`\n"}}
[debug] [2025-07-18T17:35:45.466Z] E0718 14:35:45.465250   17492 load.go:23] Could not load config from "c:\\Dev\\focus-bonus-app\\dataconnect": could not find dataconnect.yaml in `c:\Dev\focus-bonus-app\dataconnect`
 {"metadata":{"emulator":{"name":"dataconnect"},"message":"E0718 14:35:45.465250   17492 load.go:23] Could not load config from \"c:\\\\Dev\\\\focus-bonus-app\\\\dataconnect\": could not find dataconnect.yaml in `c:\\Dev\\focus-bonus-app\\dataconnect`\n"}}
[debug] [2025-07-18T17:35:55.472Z] E0718 14:35:55.472226   17492 load.go:23] Could not load config from "c:\\Dev\\focus-bonus-app\\dataconnect": could not find dataconnect.yaml in `c:\Dev\focus-bonus-app\dataconnect`
 {"metadata":{"emulator":{"name":"dataconnect"},"message":"E0718 14:35:55.472226   17492 load.go:23] Could not load config from \"c:\\\\Dev\\\\focus-bonus-app\\\\dataconnect\": could not find dataconnect.yaml in `c:\\Dev\\focus-bonus-app\\dataconnect`\n"}}
[debug] [2025-07-18T17:36:05.464Z] E0718 14:36:05.464661   17492 load.go:23] Could not load config from "c:\\Dev\\focus-bonus-app\\dataconnect": could not find dataconnect.yaml in `c:\Dev\focus-bonus-app\dataconnect`
 {"metadata":{"emulator":{"name":"dataconnect"},"message":"E0718 14:36:05.464661   17492 load.go:23] Could not load config from \"c:\\\\Dev\\\\focus-bonus-app\\\\dataconnect\": could not find dataconnect.yaml in `c:\\Dev\\focus-bonus-app\\dataconnect`\n"}}
[debug] [2025-07-18T17:36:15.464Z] E0718 14:36:15.464680   17492 load.go:23] Could not load config from "c:\\Dev\\focus-bonus-app\\dataconnect": could not find dataconnect.yaml in `c:\Dev\focus-bonus-app\dataconnect`
 {"metadata":{"emulator":{"name":"dataconnect"},"message":"E0718 14:36:15.464680   17492 load.go:23] Could not load config from \"c:\\\\Dev\\\\focus-bonus-app\\\\dataconnect\": could not find dataconnect.yaml in `c:\\Dev\\focus-bonus-app\\dataconnect`\n"}}
[debug] [2025-07-18T17:36:25.464Z] E0718 14:36:25.464528   17492 load.go:23] Could not load config from "c:\\Dev\\focus-bonus-app\\dataconnect": could not find dataconnect.yaml in `c:\Dev\focus-bonus-app\dataconnect`
 {"metadata":{"emulator":{"name":"dataconnect"},"message":"E0718 14:36:25.464528   17492 load.go:23] Could not load config from \"c:\\\\Dev\\\\focus-bonus-app\\\\dataconnect\": could not find dataconnect.yaml in `c:\\Dev\\focus-bonus-app\\dataconnect`\n"}}
[debug] [2025-07-18T17:36:25.465Z] E0718 14:36:25.465136   17492 watch.go:76] watchAllDir unable to walk dir `c:\Dev\focus-bonus-app\dataconnect`: on path "c:\\Dev\\focus-bonus-app\\dataconnect" (DirEntry: <nil>): CreateFile c:\Dev\focus-bonus-app\dataconnect: The system cannot find the file specified.
 {"metadata":{"emulator":{"name":"dataconnect"},"message":"E0718 14:36:25.465136   17492 watch.go:76] watchAllDir unable to walk dir `c:\\Dev\\focus-bonus-app\\dataconnect`: on path \"c:\\\\Dev\\\\focus-bonus-app\\\\dataconnect\" (DirEntry: <nil>): CreateFile c:\\Dev\\focus-bonus-app\\dataconnect: The system cannot find the file specified.\n"}}
[debug] [2025-07-18T17:36:35.464Z] E0718 14:36:35.464408   17492 load.go:23] Could not load config from "c:\\Dev\\focus-bonus-app\\dataconnect": could not find dataconnect.yaml in `c:\Dev\focus-bonus-app\dataconnect`
 {"metadata":{"emulator":{"name":"dataconnect"},"message":"E0718 14:36:35.464408   17492 load.go:23] Could not load config from \"c:\\\\Dev\\\\focus-bonus-app\\\\dataconnect\": could not find dataconnect.yaml in `c:\\Dev\\focus-bonus-app\\dataconnect`\n"}}
[debug] [2025-07-18T17:36:45.465Z] E0718 14:36:45.464770   17492 load.go:23] Could not load config from "c:\\Dev\\focus-bonus-app\\dataconnect": could not find dataconnect.yaml in `c:\Dev\focus-bonus-app\dataconnect`
 {"metadata":{"emulator":{"name":"dataconnect"},"message":"E0718 14:36:45.464770   17492 load.go:23] Could not load config from \"c:\\\\Dev\\\\focus-bonus-app\\\\dataconnect\": could not find dataconnect.yaml in `c:\\Dev\\focus-bonus-app\\dataconnect`\n"}}
[debug] [2025-07-18T17:36:55.465Z] E0718 14:36:55.465180   17492 load.go:23] Could not load config from "c:\\Dev\\focus-bonus-app\\dataconnect": could not find dataconnect.yaml in `c:\Dev\focus-bonus-app\dataconnect`
 {"metadata":{"emulator":{"name":"dataconnect"},"message":"E0718 14:36:55.465180   17492 load.go:23] Could not load config from \"c:\\\\Dev\\\\focus-bonus-app\\\\dataconnect\": could not find dataconnect.yaml in `c:\\Dev\\focus-bonus-app\\dataconnect`\n"}}
[debug] [2025-07-18T17:37:05.464Z] E0718 14:37:05.464565   17492 load.go:23] Could not load config from "c:\\Dev\\focus-bonus-app\\dataconnect": could not find dataconnect.yaml in `c:\Dev\focus-bonus-app\dataconnect`
 {"metadata":{"emulator":{"name":"dataconnect"},"message":"E0718 14:37:05.464565   17492 load.go:23] Could not load config from \"c:\\\\Dev\\\\focus-bonus-app\\\\dataconnect\": could not find dataconnect.yaml in `c:\\Dev\\focus-bonus-app\\dataconnect`\n"}}
[debug] [2025-07-18T17:37:15.466Z] E0718 14:37:15.465931   17492 load.go:23] Could not load config from "c:\\Dev\\focus-bonus-app\\dataconnect": could not find dataconnect.yaml in `c:\Dev\focus-bonus-app\dataconnect`
 {"metadata":{"emulator":{"name":"dataconnect"},"message":"E0718 14:37:15.465931   17492 load.go:23] Could not load config from \"c:\\\\Dev\\\\focus-bonus-app\\\\dataconnect\": could not find dataconnect.yaml in `c:\\Dev\\focus-bonus-app\\dataconnect`\n"}}
[debug] [2025-07-18T17:37:25.464Z] E0718 14:37:25.464432   17492 load.go:23] Could not load config from "c:\\Dev\\focus-bonus-app\\dataconnect": could not find dataconnect.yaml in `c:\Dev\focus-bonus-app\dataconnect`
 {"metadata":{"emulator":{"name":"dataconnect"},"message":"E0718 14:37:25.464432   17492 load.go:23] Could not load config from \"c:\\\\Dev\\\\focus-bonus-app\\\\dataconnect\": could not find dataconnect.yaml in `c:\\Dev\\focus-bonus-app\\dataconnect`\n"}}
[debug] [2025-07-18T17:37:35.465Z] E0718 14:37:35.464909   17492 load.go:23] Could not load config from "c:\\Dev\\focus-bonus-app\\dataconnect": could not find dataconnect.yaml in `c:\Dev\focus-bonus-app\dataconnect`
 {"metadata":{"emulator":{"name":"dataconnect"},"message":"E0718 14:37:35.464909   17492 load.go:23] Could not load config from \"c:\\\\Dev\\\\focus-bonus-app\\\\dataconnect\": could not find dataconnect.yaml in `c:\\Dev\\focus-bonus-app\\dataconnect`\n"}}
[debug] [2025-07-18T17:37:45.465Z] E0718 14:37:45.464761   17492 load.go:23] Could not load config from "c:\\Dev\\focus-bonus-app\\dataconnect": could not find dataconnect.yaml in `c:\Dev\focus-bonus-app\dataconnect`
 {"metadata":{"emulator":{"name":"dataconnect"},"message":"E0718 14:37:45.464761   17492 load.go:23] Could not load config from \"c:\\\\Dev\\\\focus-bonus-app\\\\dataconnect\": could not find dataconnect.yaml in `c:\\Dev\\focus-bonus-app\\dataconnect`\n"}}
[debug] [2025-07-18T17:37:55.464Z] E0718 14:37:55.465019   17492 load.go:23] Could not load config from "c:\\Dev\\focus-bonus-app\\dataconnect": could not find dataconnect.yaml in `c:\Dev\focus-bonus-app\dataconnect`
 {"metadata":{"emulator":{"name":"dataconnect"},"message":"E0718 14:37:55.465019   17492 load.go:23] Could not load config from \"c:\\\\Dev\\\\focus-bonus-app\\\\dataconnect\": could not find dataconnect.yaml in `c:\\Dev\\focus-bonus-app\\dataconnect`\n"}}
[debug] [2025-07-18T17:38:05.466Z] E0718 14:38:05.465501   17492 load.go:23] Could not load config from "c:\\Dev\\focus-bonus-app\\dataconnect": could not find dataconnect.yaml in `c:\Dev\focus-bonus-app\dataconnect`
 {"metadata":{"emulator":{"name":"dataconnect"},"message":"E0718 14:38:05.465501   17492 load.go:23] Could not load config from \"c:\\\\Dev\\\\focus-bonus-app\\\\dataconnect\": could not find dataconnect.yaml in `c:\\Dev\\focus-bonus-app\\dataconnect`\n"}}
[debug] [2025-07-18T17:38:15.466Z] E0718 14:38:15.465681   17492 load.go:23] Could not load config from "c:\\Dev\\focus-bonus-app\\dataconnect": could not find dataconnect.yaml in `c:\Dev\focus-bonus-app\dataconnect`
 {"metadata":{"emulator":{"name":"dataconnect"},"message":"E0718 14:38:15.465681   17492 load.go:23] Could not load config from \"c:\\\\Dev\\\\focus-bonus-app\\\\dataconnect\": could not find dataconnect.yaml in `c:\\Dev\\focus-bonus-app\\dataconnect`\n"}}
[debug] [2025-07-18T17:38:25.466Z] E0718 14:38:25.465485   17492 load.go:23] Could not load config from "c:\\Dev\\focus-bonus-app\\dataconnect": could not find dataconnect.yaml in `c:\Dev\focus-bonus-app\dataconnect`
E0718 14:38:25.466497   17492 watch.go:76] watchAllDir unable to walk dir `c:\Dev\focus-bonus-app\dataconnect`: on path "c:\\Dev\\focus-bonus-app\\dataconnect" (DirEntry: <nil>): CreateFile c:\Dev\focus-bonus-app\dataconnect: The system cannot find the file specified.
 {"metadata":{"emulator":{"name":"dataconnect"},"message":"E0718 14:38:25.465485   17492 load.go:23] Could not load config from \"c:\\\\Dev\\\\focus-bonus-app\\\\dataconnect\": could not find dataconnect.yaml in `c:\\Dev\\focus-bonus-app\\dataconnect`\nE0718 14:38:25.466497   17492 watch.go:76] watchAllDir unable to walk dir `c:\\Dev\\focus-bonus-app\\dataconnect`: on path \"c:\\\\Dev\\\\focus-bonus-app\\\\dataconnect\" (DirEntry: <nil>): CreateFile c:\\Dev\\focus-bonus-app\\dataconnect: The system cannot find the file specified.\n"}}
[debug] [2025-07-18T17:38:35.467Z] E0718 14:38:35.466727   17492 load.go:23] Could not load config from "c:\\Dev\\focus-bonus-app\\dataconnect": could not find dataconnect.yaml in `c:\Dev\focus-bonus-app\dataconnect`
 {"metadata":{"emulator":{"name":"dataconnect"},"message":"E0718 14:38:35.466727   17492 load.go:23] Could not load config from \"c:\\\\Dev\\\\focus-bonus-app\\\\dataconnect\": could not find dataconnect.yaml in `c:\\Dev\\focus-bonus-app\\dataconnect`\n"}}
[debug] [2025-07-18T17:38:45.469Z] E0718 14:38:45.470069   17492 load.go:23] Could not load config from "c:\\Dev\\focus-bonus-app\\dataconnect": could not find dataconnect.yaml in `c:\Dev\focus-bonus-app\dataconnect`
 {"metadata":{"emulator":{"name":"dataconnect"},"message":"E0718 14:38:45.470069   17492 load.go:23] Could not load config from \"c:\\\\Dev\\\\focus-bonus-app\\\\dataconnect\": could not find dataconnect.yaml in `c:\\Dev\\focus-bonus-app\\dataconnect`\n"}}
[debug] [2025-07-18T17:38:55.465Z] E0718 14:38:55.464587   17492 load.go:23] Could not load config from "c:\\Dev\\focus-bonus-app\\dataconnect": could not find dataconnect.yaml in `c:\Dev\focus-bonus-app\dataconnect`
 {"metadata":{"emulator":{"name":"dataconnect"},"message":"E0718 14:38:55.464587   17492 load.go:23] Could not load config from \"c:\\\\Dev\\\\focus-bonus-app\\\\dataconnect\": could not find dataconnect.yaml in `c:\\Dev\\focus-bonus-app\\dataconnect`\n"}}
[debug] [2025-07-18T17:39:05.466Z] E0718 14:39:05.465294   17492 load.go:23] Could not load config from "c:\\Dev\\focus-bonus-app\\dataconnect": could not find dataconnect.yaml in `c:\Dev\focus-bonus-app\dataconnect`
 {"metadata":{"emulator":{"name":"dataconnect"},"message":"E0718 14:39:05.465294   17492 load.go:23] Could not load config from \"c:\\\\Dev\\\\focus-bonus-app\\\\dataconnect\": could not find dataconnect.yaml in `c:\\Dev\\focus-bonus-app\\dataconnect`\n"}}
[debug] [2025-07-18T17:39:15.466Z] E0718 14:39:15.464605   17492 load.go:23] Could not load config from "c:\\Dev\\focus-bonus-app\\dataconnect": could not find dataconnect.yaml in `c:\Dev\focus-bonus-app\dataconnect`
 {"metadata":{"emulator":{"name":"dataconnect"},"message":"E0718 14:39:15.464605   17492 load.go:23] Could not load config from \"c:\\\\Dev\\\\focus-bonus-app\\\\dataconnect\": could not find dataconnect.yaml in `c:\\Dev\\focus-bonus-app\\dataconnect`\n"}}
[debug] [2025-07-18T17:44:35.125Z] E0718 14:44:35.125178   17492 load.go:23] Could not load config from "c:\\Dev\\focus-bonus-app\\dataconnect": could not find dataconnect.yaml in `c:\Dev\focus-bonus-app\dataconnect`
E0718 14:44:35.125178   17492 watch.go:76] watchAllDir unable to walk dir `c:\Dev\focus-bonus-app\dataconnect`: on path "c:\\Dev\\focus-bonus-app\\dataconnect" (DirEntry: <nil>): CreateFile c:\Dev\focus-bonus-app\dataconnect: The system cannot find the file specified.
 {"metadata":{"emulator":{"name":"dataconnect"},"message":"E0718 14:44:35.125178   17492 load.go:23] Could not load config from \"c:\\\\Dev\\\\focus-bonus-app\\\\dataconnect\": could not find dataconnect.yaml in `c:\\Dev\\focus-bonus-app\\dataconnect`\nE0718 14:44:35.125178   17492 watch.go:76] watchAllDir unable to walk dir `c:\\Dev\\focus-bonus-app\\dataconnect`: on path \"c:\\\\Dev\\\\focus-bonus-app\\\\dataconnect\" (DirEntry: <nil>): CreateFile c:\\Dev\\focus-bonus-app\\dataconnect: The system cannot find the file specified.\n"}}
[debug] [2025-07-18T17:44:35.471Z] E0718 14:44:35.472314   17492 load.go:23] Could not load config from "c:\\Dev\\focus-bonus-app\\dataconnect": could not find dataconnect.yaml in `c:\Dev\focus-bonus-app\dataconnect`
 {"metadata":{"emulator":{"name":"dataconnect"},"message":"E0718 14:44:35.472314   17492 load.go:23] Could not load config from \"c:\\\\Dev\\\\focus-bonus-app\\\\dataconnect\": could not find dataconnect.yaml in `c:\\Dev\\focus-bonus-app\\dataconnect`\n"}}
[debug] [2025-07-18T17:44:45.464Z] E0718 14:44:45.464493   17492 load.go:23] Could not load config from "c:\\Dev\\focus-bonus-app\\dataconnect": could not find dataconnect.yaml in `c:\Dev\focus-bonus-app\dataconnect`
 {"metadata":{"emulator":{"name":"dataconnect"},"message":"E0718 14:44:45.464493   17492 load.go:23] Could not load config from \"c:\\\\Dev\\\\focus-bonus-app\\\\dataconnect\": could not find dataconnect.yaml in `c:\\Dev\\focus-bonus-app\\dataconnect`\n"}}
[debug] [2025-07-18T17:44:55.464Z] E0718 14:44:55.464845   17492 load.go:23] Could not load config from "c:\\Dev\\focus-bonus-app\\dataconnect": could not find dataconnect.yaml in `c:\Dev\focus-bonus-app\dataconnect`
 {"metadata":{"emulator":{"name":"dataconnect"},"message":"E0718 14:44:55.464845   17492 load.go:23] Could not load config from \"c:\\\\Dev\\\\focus-bonus-app\\\\dataconnect\": could not find dataconnect.yaml in `c:\\Dev\\focus-bonus-app\\dataconnect`\n"}}
[debug] [2025-07-18T17:45:05.464Z] E0718 14:45:05.464507   17492 load.go:23] Could not load config from "c:\\Dev\\focus-bonus-app\\dataconnect": could not find dataconnect.yaml in `c:\Dev\focus-bonus-app\dataconnect`
 {"metadata":{"emulator":{"name":"dataconnect"},"message":"E0718 14:45:05.464507   17492 load.go:23] Could not load config from \"c:\\\\Dev\\\\focus-bonus-app\\\\dataconnect\": could not find dataconnect.yaml in `c:\\Dev\\focus-bonus-app\\dataconnect`\n"}}
[debug] [2025-07-18T17:45:15.465Z] E0718 14:45:15.464824   17492 load.go:23] Could not load config from "c:\\Dev\\focus-bonus-app\\dataconnect": could not find dataconnect.yaml in `c:\Dev\focus-bonus-app\dataconnect`
 {"metadata":{"emulator":{"name":"dataconnect"},"message":"E0718 14:45:15.464824   17492 load.go:23] Could not load config from \"c:\\\\Dev\\\\focus-bonus-app\\\\dataconnect\": could not find dataconnect.yaml in `c:\\Dev\\focus-bonus-app\\dataconnect`\n"}}
[debug] [2025-07-18T17:45:25.464Z] E0718 14:45:25.464744   17492 load.go:23] Could not load config from "c:\\Dev\\focus-bonus-app\\dataconnect": could not find dataconnect.yaml in `c:\Dev\focus-bonus-app\dataconnect`
 {"metadata":{"emulator":{"name":"dataconnect"},"message":"E0718 14:45:25.464744   17492 load.go:23] Could not load config from \"c:\\\\Dev\\\\focus-bonus-app\\\\dataconnect\": could not find dataconnect.yaml in `c:\\Dev\\focus-bonus-app\\dataconnect`\n"}}
[debug] [2025-07-18T17:45:35.466Z] E0718 14:45:35.467207   17492 load.go:23] Could not load config from "c:\\Dev\\focus-bonus-app\\dataconnect": could not find dataconnect.yaml in `c:\Dev\focus-bonus-app\dataconnect`
 {"metadata":{"emulator":{"name":"dataconnect"},"message":"E0718 14:45:35.467207   17492 load.go:23] Could not load config from \"c:\\\\Dev\\\\focus-bonus-app\\\\dataconnect\": could not find dataconnect.yaml in `c:\\Dev\\focus-bonus-app\\dataconnect`\n"}}
[debug] [2025-07-18T17:45:45.464Z] E0718 14:45:45.464586   17492 load.go:23] Could not load config from "c:\\Dev\\focus-bonus-app\\dataconnect": could not find dataconnect.yaml in `c:\Dev\focus-bonus-app\dataconnect`
 {"metadata":{"emulator":{"name":"dataconnect"},"message":"E0718 14:45:45.464586   17492 load.go:23] Could not load config from \"c:\\\\Dev\\\\focus-bonus-app\\\\dataconnect\": could not find dataconnect.yaml in `c:\\Dev\\focus-bonus-app\\dataconnect`\n"}}
[debug] [2025-07-18T17:45:55.464Z] E0718 14:45:55.465145   17492 load.go:23] Could not load config from "c:\\Dev\\focus-bonus-app\\dataconnect": could not find dataconnect.yaml in `c:\Dev\focus-bonus-app\dataconnect`
 {"metadata":{"emulator":{"name":"dataconnect"},"message":"E0718 14:45:55.465145   17492 load.go:23] Could not load config from \"c:\\\\Dev\\\\focus-bonus-app\\\\dataconnect\": could not find dataconnect.yaml in `c:\\Dev\\focus-bonus-app\\dataconnect`\n"}}
[debug] [2025-07-18T17:46:05.464Z] E0718 14:46:05.465209   17492 load.go:23] Could not load config from "c:\\Dev\\focus-bonus-app\\dataconnect": could not find dataconnect.yaml in `c:\Dev\focus-bonus-app\dataconnect`
 {"metadata":{"emulator":{"name":"dataconnect"},"message":"E0718 14:46:05.465209   17492 load.go:23] Could not load config from \"c:\\\\Dev\\\\focus-bonus-app\\\\dataconnect\": could not find dataconnect.yaml in `c:\\Dev\\focus-bonus-app\\dataconnect`\n"}}
[debug] [2025-07-18T17:46:15.499Z] E0718 14:46:15.499887   17492 load.go:23] Could not load config from "c:\\Dev\\focus-bonus-app\\dataconnect": could not find dataconnect.yaml in `c:\Dev\focus-bonus-app\dataconnect`
 {"metadata":{"emulator":{"name":"dataconnect"},"message":"E0718 14:46:15.499887   17492 load.go:23] Could not load config from \"c:\\\\Dev\\\\focus-bonus-app\\\\dataconnect\": could not find dataconnect.yaml in `c:\\Dev\\focus-bonus-app\\dataconnect`\n"}}
[debug] [2025-07-18T17:46:25.465Z] E0718 14:46:25.465339   17492 load.go:23] Could not load config from "c:\\Dev\\focus-bonus-app\\dataconnect": could not find dataconnect.yaml in `c:\Dev\focus-bonus-app\dataconnect`
 {"metadata":{"emulator":{"name":"dataconnect"},"message":"E0718 14:46:25.465339   17492 load.go:23] Could not load config from \"c:\\\\Dev\\\\focus-bonus-app\\\\dataconnect\": could not find dataconnect.yaml in `c:\\Dev\\focus-bonus-app\\dataconnect`\n"}}
[debug] [2025-07-18T17:46:25.467Z] E0718 14:46:25.465657   17492 watch.go:76] watchAllDir unable to walk dir `c:\Dev\focus-bonus-app\dataconnect`: on path "c:\\Dev\\focus-bonus-app\\dataconnect" (DirEntry: <nil>): CreateFile c:\Dev\focus-bonus-app\dataconnect: The system cannot find the file specified.
 {"metadata":{"emulator":{"name":"dataconnect"},"message":"E0718 14:46:25.465657   17492 watch.go:76] watchAllDir unable to walk dir `c:\\Dev\\focus-bonus-app\\dataconnect`: on path \"c:\\\\Dev\\\\focus-bonus-app\\\\dataconnect\" (DirEntry: <nil>): CreateFile c:\\Dev\\focus-bonus-app\\dataconnect: The system cannot find the file specified.\n"}}
[debug] [2025-07-18T17:46:35.465Z] E0718 14:46:35.465014   17492 load.go:23] Could not load config from "c:\\Dev\\focus-bonus-app\\dataconnect": could not find dataconnect.yaml in `c:\Dev\focus-bonus-app\dataconnect`
 {"metadata":{"emulator":{"name":"dataconnect"},"message":"E0718 14:46:35.465014   17492 load.go:23] Could not load config from \"c:\\\\Dev\\\\focus-bonus-app\\\\dataconnect\": could not find dataconnect.yaml in `c:\\Dev\\focus-bonus-app\\dataconnect`\n"}}
[debug] [2025-07-18T17:46:45.493Z] E0718 14:46:45.491686   17492 load.go:23] Could not load config from "c:\\Dev\\focus-bonus-app\\dataconnect": could not find dataconnect.yaml in `c:\Dev\focus-bonus-app\dataconnect`
 {"metadata":{"emulator":{"name":"dataconnect"},"message":"E0718 14:46:45.491686   17492 load.go:23] Could not load config from \"c:\\\\Dev\\\\focus-bonus-app\\\\dataconnect\": could not find dataconnect.yaml in `c:\\Dev\\focus-bonus-app\\dataconnect`\n"}}
[debug] [2025-07-18T17:46:55.465Z] E0718 14:46:55.464411   17492 load.go:23] Could not load config from "c:\\Dev\\focus-bonus-app\\dataconnect": could not find dataconnect.yaml in `c:\Dev\focus-bonus-app\dataconnect`
 {"metadata":{"emulator":{"name":"dataconnect"},"message":"E0718 14:46:55.464411   17492 load.go:23] Could not load config from \"c:\\\\Dev\\\\focus-bonus-app\\\\dataconnect\": could not find dataconnect.yaml in `c:\\Dev\\focus-bonus-app\\dataconnect`\n"}}
[debug] [2025-07-18T17:47:05.476Z] E0718 14:47:05.476414   17492 load.go:23] Could not load config from "c:\\Dev\\focus-bonus-app\\dataconnect": could not find dataconnect.yaml in `c:\Dev\focus-bonus-app\dataconnect`
 {"metadata":{"emulator":{"name":"dataconnect"},"message":"E0718 14:47:05.476414   17492 load.go:23] Could not load config from \"c:\\\\Dev\\\\focus-bonus-app\\\\dataconnect\": could not find dataconnect.yaml in `c:\\Dev\\focus-bonus-app\\dataconnect`\n"}}
[debug] [2025-07-18T17:47:15.465Z] E0718 14:47:15.465043   17492 load.go:23] Could not load config from "c:\\Dev\\focus-bonus-app\\dataconnect": could not find dataconnect.yaml in `c:\Dev\focus-bonus-app\dataconnect`
 {"metadata":{"emulator":{"name":"dataconnect"},"message":"E0718 14:47:15.465043   17492 load.go:23] Could not load config from \"c:\\\\Dev\\\\focus-bonus-app\\\\dataconnect\": could not find dataconnect.yaml in `c:\\Dev\\focus-bonus-app\\dataconnect`\n"}}
[debug] [2025-07-18T17:47:25.465Z] E0718 14:47:25.464472   17492 load.go:23] Could not load config from "c:\\Dev\\focus-bonus-app\\dataconnect": could not find dataconnect.yaml in `c:\Dev\focus-bonus-app\dataconnect`
 {"metadata":{"emulator":{"name":"dataconnect"},"message":"E0718 14:47:25.464472   17492 load.go:23] Could not load config from \"c:\\\\Dev\\\\focus-bonus-app\\\\dataconnect\": could not find dataconnect.yaml in `c:\\Dev\\focus-bonus-app\\dataconnect`\n"}}
[debug] [2025-07-18T17:47:35.465Z] E0718 14:47:35.464559   17492 load.go:23] Could not load config from "c:\\Dev\\focus-bonus-app\\dataconnect": could not find dataconnect.yaml in `c:\Dev\focus-bonus-app\dataconnect`
 {"metadata":{"emulator":{"name":"dataconnect"},"message":"E0718 14:47:35.464559   17492 load.go:23] Could not load config from \"c:\\\\Dev\\\\focus-bonus-app\\\\dataconnect\": could not find dataconnect.yaml in `c:\\Dev\\focus-bonus-app\\dataconnect`\n"}}
[debug] [2025-07-18T17:47:45.464Z] E0718 14:47:45.464842   17492 load.go:23] Could not load config from "c:\\Dev\\focus-bonus-app\\dataconnect": could not find dataconnect.yaml in `c:\Dev\focus-bonus-app\dataconnect`
 {"metadata":{"emulator":{"name":"dataconnect"},"message":"E0718 14:47:45.464842   17492 load.go:23] Could not load config from \"c:\\\\Dev\\\\focus-bonus-app\\\\dataconnect\": could not find dataconnect.yaml in `c:\\Dev\\focus-bonus-app\\dataconnect`\n"}}
[debug] [2025-07-18T17:47:55.464Z] E0718 14:47:55.464514   17492 load.go:23] Could not load config from "c:\\Dev\\focus-bonus-app\\dataconnect": could not find dataconnect.yaml in `c:\Dev\focus-bonus-app\dataconnect`
 {"metadata":{"emulator":{"name":"dataconnect"},"message":"E0718 14:47:55.464514   17492 load.go:23] Could not load config from \"c:\\\\Dev\\\\focus-bonus-app\\\\dataconnect\": could not find dataconnect.yaml in `c:\\Dev\\focus-bonus-app\\dataconnect`\n"}}
[debug] [2025-07-18T17:48:05.464Z] E0718 14:48:05.464720   17492 load.go:23] Could not load config from "c:\\Dev\\focus-bonus-app\\dataconnect": could not find dataconnect.yaml in `c:\Dev\focus-bonus-app\dataconnect`
 {"metadata":{"emulator":{"name":"dataconnect"},"message":"E0718 14:48:05.464720   17492 load.go:23] Could not load config from \"c:\\\\Dev\\\\focus-bonus-app\\\\dataconnect\": could not find dataconnect.yaml in `c:\\Dev\\focus-bonus-app\\dataconnect`\n"}}
[debug] [2025-07-18T17:48:15.463Z] E0718 14:48:15.464454   17492 load.go:23] Could not load config from "c:\\Dev\\focus-bonus-app\\dataconnect": could not find dataconnect.yaml in `c:\Dev\focus-bonus-app\dataconnect`
 {"metadata":{"emulator":{"name":"dataconnect"},"message":"E0718 14:48:15.464454   17492 load.go:23] Could not load config from \"c:\\\\Dev\\\\focus-bonus-app\\\\dataconnect\": could not find dataconnect.yaml in `c:\\Dev\\focus-bonus-app\\dataconnect`\n"}}
[debug] [2025-07-18T17:48:25.464Z] E0718 14:48:25.464807   17492 load.go:23] Could not load config from "c:\\Dev\\focus-bonus-app\\dataconnect": could not find dataconnect.yaml in `c:\Dev\focus-bonus-app\dataconnect`
E0718 14:48:25.464807   17492 watch.go:76] watchAllDir unable to walk dir `c:\Dev\focus-bonus-app\dataconnect`: on path "c:\\Dev\\focus-bonus-app\\dataconnect" (DirEntry: <nil>): CreateFile c:\Dev\focus-bonus-app\dataconnect: The system cannot find the file specified.
 {"metadata":{"emulator":{"name":"dataconnect"},"message":"E0718 14:48:25.464807   17492 load.go:23] Could not load config from \"c:\\\\Dev\\\\focus-bonus-app\\\\dataconnect\": could not find dataconnect.yaml in `c:\\Dev\\focus-bonus-app\\dataconnect`\nE0718 14:48:25.464807   17492 watch.go:76] watchAllDir unable to walk dir `c:\\Dev\\focus-bonus-app\\dataconnect`: on path \"c:\\\\Dev\\\\focus-bonus-app\\\\dataconnect\" (DirEntry: <nil>): CreateFile c:\\Dev\\focus-bonus-app\\dataconnect: The system cannot find the file specified.\n"}}
[debug] [2025-07-18T17:48:35.463Z] E0718 14:48:35.464721   17492 load.go:23] Could not load config from "c:\\Dev\\focus-bonus-app\\dataconnect": could not find dataconnect.yaml in `c:\Dev\focus-bonus-app\dataconnect`
 {"metadata":{"emulator":{"name":"dataconnect"},"message":"E0718 14:48:35.464721   17492 load.go:23] Could not load config from \"c:\\\\Dev\\\\focus-bonus-app\\\\dataconnect\": could not find dataconnect.yaml in `c:\\Dev\\focus-bonus-app\\dataconnect`\n"}}
[debug] [2025-07-18T17:48:45.465Z] E0718 14:48:45.464720   17492 load.go:23] Could not load config from "c:\\Dev\\focus-bonus-app\\dataconnect": could not find dataconnect.yaml in `c:\Dev\focus-bonus-app\dataconnect`
 {"metadata":{"emulator":{"name":"dataconnect"},"message":"E0718 14:48:45.464720   17492 load.go:23] Could not load config from \"c:\\\\Dev\\\\focus-bonus-app\\\\dataconnect\": could not find dataconnect.yaml in `c:\\Dev\\focus-bonus-app\\dataconnect`\n"}}
[debug] [2025-07-18T17:48:55.464Z] E0718 14:48:55.464334   17492 load.go:23] Could not load config from "c:\\Dev\\focus-bonus-app\\dataconnect": could not find dataconnect.yaml in `c:\Dev\focus-bonus-app\dataconnect`
 {"metadata":{"emulator":{"name":"dataconnect"},"message":"E0718 14:48:55.464334   17492 load.go:23] Could not load config from \"c:\\\\Dev\\\\focus-bonus-app\\\\dataconnect\": could not find dataconnect.yaml in `c:\\Dev\\focus-bonus-app\\dataconnect`\n"}}
[debug] [2025-07-18T17:49:05.464Z] E0718 14:49:05.464361   17492 load.go:23] Could not load config from "c:\\Dev\\focus-bonus-app\\dataconnect": could not find dataconnect.yaml in `c:\Dev\focus-bonus-app\dataconnect`
 {"metadata":{"emulator":{"name":"dataconnect"},"message":"E0718 14:49:05.464361   17492 load.go:23] Could not load config from \"c:\\\\Dev\\\\focus-bonus-app\\\\dataconnect\": could not find dataconnect.yaml in `c:\\Dev\\focus-bonus-app\\dataconnect`\n"}}
[debug] [2025-07-18T17:49:15.465Z] E0718 14:49:15.464980   17492 load.go:23] Could not load config from "c:\\Dev\\focus-bonus-app\\dataconnect": could not find dataconnect.yaml in `c:\Dev\focus-bonus-app\dataconnect`
 {"metadata":{"emulator":{"name":"dataconnect"},"message":"E0718 14:49:15.464980   17492 load.go:23] Could not load config from \"c:\\\\Dev\\\\focus-bonus-app\\\\dataconnect\": could not find dataconnect.yaml in `c:\\Dev\\focus-bonus-app\\dataconnect`\n"}}
[debug] [2025-07-18T17:49:25.464Z] E0718 14:49:25.464406   17492 load.go:23] Could not load config from "c:\\Dev\\focus-bonus-app\\dataconnect": could not find dataconnect.yaml in `c:\Dev\focus-bonus-app\dataconnect`
 {"metadata":{"emulator":{"name":"dataconnect"},"message":"E0718 14:49:25.464406   17492 load.go:23] Could not load config from \"c:\\\\Dev\\\\focus-bonus-app\\\\dataconnect\": could not find dataconnect.yaml in `c:\\Dev\\focus-bonus-app\\dataconnect`\n"}}
[debug] [2025-07-18T17:49:35.465Z] E0718 14:49:35.464727   17492 load.go:23] Could not load config from "c:\\Dev\\focus-bonus-app\\dataconnect": could not find dataconnect.yaml in `c:\Dev\focus-bonus-app\dataconnect`
 {"metadata":{"emulator":{"name":"dataconnect"},"message":"E0718 14:49:35.464727   17492 load.go:23] Could not load config from \"c:\\\\Dev\\\\focus-bonus-app\\\\dataconnect\": could not find dataconnect.yaml in `c:\\Dev\\focus-bonus-app\\dataconnect`\n"}}
[debug] [2025-07-18T17:49:45.464Z] E0718 14:49:45.464570   17492 load.go:23] Could not load config from "c:\\Dev\\focus-bonus-app\\dataconnect": could not find dataconnect.yaml in `c:\Dev\focus-bonus-app\dataconnect`
 {"metadata":{"emulator":{"name":"dataconnect"},"message":"E0718 14:49:45.464570   17492 load.go:23] Could not load config from \"c:\\\\Dev\\\\focus-bonus-app\\\\dataconnect\": could not find dataconnect.yaml in `c:\\Dev\\focus-bonus-app\\dataconnect`\n"}}
[debug] [2025-07-18T17:49:55.465Z] E0718 14:49:55.464924   17492 load.go:23] Could not load config from "c:\\Dev\\focus-bonus-app\\dataconnect": could not find dataconnect.yaml in `c:\Dev\focus-bonus-app\dataconnect`
 {"metadata":{"emulator":{"name":"dataconnect"},"message":"E0718 14:49:55.464924   17492 load.go:23] Could not load config from \"c:\\\\Dev\\\\focus-bonus-app\\\\dataconnect\": could not find dataconnect.yaml in `c:\\Dev\\focus-bonus-app\\dataconnect`\n"}}
[debug] [2025-07-18T17:50:05.465Z] E0718 14:50:05.465329   17492 load.go:23] Could not load config from "c:\\Dev\\focus-bonus-app\\dataconnect": could not find dataconnect.yaml in `c:\Dev\focus-bonus-app\dataconnect`
 {"metadata":{"emulator":{"name":"dataconnect"},"message":"E0718 14:50:05.465329   17492 load.go:23] Could not load config from \"c:\\\\Dev\\\\focus-bonus-app\\\\dataconnect\": could not find dataconnect.yaml in `c:\\Dev\\focus-bonus-app\\dataconnect`\n"}}
[debug] [2025-07-18T17:50:15.464Z] E0718 14:50:15.464538   17492 load.go:23] Could not load config from "c:\\Dev\\focus-bonus-app\\dataconnect": could not find dataconnect.yaml in `c:\Dev\focus-bonus-app\dataconnect`
 {"metadata":{"emulator":{"name":"dataconnect"},"message":"E0718 14:50:15.464538   17492 load.go:23] Could not load config from \"c:\\\\Dev\\\\focus-bonus-app\\\\dataconnect\": could not find dataconnect.yaml in `c:\\Dev\\focus-bonus-app\\dataconnect`\n"}}
[debug] [2025-07-18T17:50:25.465Z] E0718 14:50:25.465165   17492 load.go:23] Could not load config from "c:\\Dev\\focus-bonus-app\\dataconnect": could not find dataconnect.yaml in `c:\Dev\focus-bonus-app\dataconnect`
E0718 14:50:25.465165   17492 watch.go:76] watchAllDir unable to walk dir `c:\Dev\focus-bonus-app\dataconnect`: on path "c:\\Dev\\focus-bonus-app\\dataconnect" (DirEntry: <nil>): CreateFile c:\Dev\focus-bonus-app\dataconnect: The system cannot find the file specified.
 {"metadata":{"emulator":{"name":"dataconnect"},"message":"E0718 14:50:25.465165   17492 load.go:23] Could not load config from \"c:\\\\Dev\\\\focus-bonus-app\\\\dataconnect\": could not find dataconnect.yaml in `c:\\Dev\\focus-bonus-app\\dataconnect`\nE0718 14:50:25.465165   17492 watch.go:76] watchAllDir unable to walk dir `c:\\Dev\\focus-bonus-app\\dataconnect`: on path \"c:\\\\Dev\\\\focus-bonus-app\\\\dataconnect\" (DirEntry: <nil>): CreateFile c:\\Dev\\focus-bonus-app\\dataconnect: The system cannot find the file specified.\n"}}
[debug] [2025-07-18T17:50:35.464Z] E0718 14:50:35.464865   17492 load.go:23] Could not load config from "c:\\Dev\\focus-bonus-app\\dataconnect": could not find dataconnect.yaml in `c:\Dev\focus-bonus-app\dataconnect`
 {"metadata":{"emulator":{"name":"dataconnect"},"message":"E0718 14:50:35.464865   17492 load.go:23] Could not load config from \"c:\\\\Dev\\\\focus-bonus-app\\\\dataconnect\": could not find dataconnect.yaml in `c:\\Dev\\focus-bonus-app\\dataconnect`\n"}}
[debug] [2025-07-18T17:50:45.465Z] E0718 14:50:45.465661   17492 load.go:23] Could not load config from "c:\\Dev\\focus-bonus-app\\dataconnect": could not find dataconnect.yaml in `c:\Dev\focus-bonus-app\dataconnect`
 {"metadata":{"emulator":{"name":"dataconnect"},"message":"E0718 14:50:45.465661   17492 load.go:23] Could not load config from \"c:\\\\Dev\\\\focus-bonus-app\\\\dataconnect\": could not find dataconnect.yaml in `c:\\Dev\\focus-bonus-app\\dataconnect`\n"}}
[debug] [2025-07-18T17:50:55.465Z] E0718 14:50:55.464506   17492 load.go:23] Could not load config from "c:\\Dev\\focus-bonus-app\\dataconnect": could not find dataconnect.yaml in `c:\Dev\focus-bonus-app\dataconnect`
 {"metadata":{"emulator":{"name":"dataconnect"},"message":"E0718 14:50:55.464506   17492 load.go:23] Could not load config from \"c:\\\\Dev\\\\focus-bonus-app\\\\dataconnect\": could not find dataconnect.yaml in `c:\\Dev\\focus-bonus-app\\dataconnect`\n"}}
[debug] [2025-07-18T17:51:05.465Z] E0718 14:51:05.465157   17492 load.go:23] Could not load config from "c:\\Dev\\focus-bonus-app\\dataconnect": could not find dataconnect.yaml in `c:\Dev\focus-bonus-app\dataconnect`
 {"metadata":{"emulator":{"name":"dataconnect"},"message":"E0718 14:51:05.465157   17492 load.go:23] Could not load config from \"c:\\\\Dev\\\\focus-bonus-app\\\\dataconnect\": could not find dataconnect.yaml in `c:\\Dev\\focus-bonus-app\\dataconnect`\n"}}
[debug] [2025-07-18T17:51:15.465Z] E0718 14:51:15.464664   17492 load.go:23] Could not load config from "c:\\Dev\\focus-bonus-app\\dataconnect": could not find dataconnect.yaml in `c:\Dev\focus-bonus-app\dataconnect`
 {"metadata":{"emulator":{"name":"dataconnect"},"message":"E0718 14:51:15.464664   17492 load.go:23] Could not load config from \"c:\\\\Dev\\\\focus-bonus-app\\\\dataconnect\": could not find dataconnect.yaml in `c:\\Dev\\focus-bonus-app\\dataconnect`\n"}}
[debug] [2025-07-18T17:51:25.465Z] E0718 14:51:25.464994   17492 load.go:23] Could not load config from "c:\\Dev\\focus-bonus-app\\dataconnect": could not find dataconnect.yaml in `c:\Dev\focus-bonus-app\dataconnect`
 {"metadata":{"emulator":{"name":"dataconnect"},"message":"E0718 14:51:25.464994   17492 load.go:23] Could not load config from \"c:\\\\Dev\\\\focus-bonus-app\\\\dataconnect\": could not find dataconnect.yaml in `c:\\Dev\\focus-bonus-app\\dataconnect`\n"}}
[debug] [2025-07-18T17:51:35.465Z] E0718 14:51:35.464441   17492 load.go:23] Could not load config from "c:\\Dev\\focus-bonus-app\\dataconnect": could not find dataconnect.yaml in `c:\Dev\focus-bonus-app\dataconnect`
 {"metadata":{"emulator":{"name":"dataconnect"},"message":"E0718 14:51:35.464441   17492 load.go:23] Could not load config from \"c:\\\\Dev\\\\focus-bonus-app\\\\dataconnect\": could not find dataconnect.yaml in `c:\\Dev\\focus-bonus-app\\dataconnect`\n"}}
[debug] [2025-07-18T17:51:45.465Z] E0718 14:51:45.464884   17492 load.go:23] Could not load config from "c:\\Dev\\focus-bonus-app\\dataconnect": could not find dataconnect.yaml in `c:\Dev\focus-bonus-app\dataconnect`
 {"metadata":{"emulator":{"name":"dataconnect"},"message":"E0718 14:51:45.464884   17492 load.go:23] Could not load config from \"c:\\\\Dev\\\\focus-bonus-app\\\\dataconnect\": could not find dataconnect.yaml in `c:\\Dev\\focus-bonus-app\\dataconnect`\n"}}
[debug] [2025-07-18T17:51:55.465Z] E0718 14:51:55.464878   17492 load.go:23] Could not load config from "c:\\Dev\\focus-bonus-app\\dataconnect": could not find dataconnect.yaml in `c:\Dev\focus-bonus-app\dataconnect`
 {"metadata":{"emulator":{"name":"dataconnect"},"message":"E0718 14:51:55.464878   17492 load.go:23] Could not load config from \"c:\\\\Dev\\\\focus-bonus-app\\\\dataconnect\": could not find dataconnect.yaml in `c:\\Dev\\focus-bonus-app\\dataconnect`\n"}}
[debug] [2025-07-18T17:52:05.464Z] E0718 14:52:05.464557   17492 load.go:23] Could not load config from "c:\\Dev\\focus-bonus-app\\dataconnect": could not find dataconnect.yaml in `c:\Dev\focus-bonus-app\dataconnect`
 {"metadata":{"emulator":{"name":"dataconnect"},"message":"E0718 14:52:05.464557   17492 load.go:23] Could not load config from \"c:\\\\Dev\\\\focus-bonus-app\\\\dataconnect\": could not find dataconnect.yaml in `c:\\Dev\\focus-bonus-app\\dataconnect`\n"}}
[debug] [2025-07-18T17:52:15.465Z] E0718 14:52:15.465370   17492 load.go:23] Could not load config from "c:\\Dev\\focus-bonus-app\\dataconnect": could not find dataconnect.yaml in `c:\Dev\focus-bonus-app\dataconnect`
 {"metadata":{"emulator":{"name":"dataconnect"},"message":"E0718 14:52:15.465370   17492 load.go:23] Could not load config from \"c:\\\\Dev\\\\focus-bonus-app\\\\dataconnect\": could not find dataconnect.yaml in `c:\\Dev\\focus-bonus-app\\dataconnect`\n"}}
[debug] [2025-07-18T17:52:25.465Z] E0718 14:52:25.464980   17492 load.go:23] Could not load config from "c:\\Dev\\focus-bonus-app\\dataconnect": could not find dataconnect.yaml in `c:\Dev\focus-bonus-app\dataconnect`
E0718 14:52:25.464980   17492 watch.go:76] watchAllDir unable to walk dir `c:\Dev\focus-bonus-app\dataconnect`: on path "c:\\Dev\\focus-bonus-app\\dataconnect" (DirEntry: <nil>): CreateFile c:\Dev\focus-bonus-app\dataconnect: The system cannot find the file specified.
 {"metadata":{"emulator":{"name":"dataconnect"},"message":"E0718 14:52:25.464980   17492 load.go:23] Could not load config from \"c:\\\\Dev\\\\focus-bonus-app\\\\dataconnect\": could not find dataconnect.yaml in `c:\\Dev\\focus-bonus-app\\dataconnect`\nE0718 14:52:25.464980   17492 watch.go:76] watchAllDir unable to walk dir `c:\\Dev\\focus-bonus-app\\dataconnect`: on path \"c:\\\\Dev\\\\focus-bonus-app\\\\dataconnect\" (DirEntry: <nil>): CreateFile c:\\Dev\\focus-bonus-app\\dataconnect: The system cannot find the file specified.\n"}}
[debug] [2025-07-18T17:52:35.464Z] E0718 14:52:35.464653   17492 load.go:23] Could not load config from "c:\\Dev\\focus-bonus-app\\dataconnect": could not find dataconnect.yaml in `c:\Dev\focus-bonus-app\dataconnect`
 {"metadata":{"emulator":{"name":"dataconnect"},"message":"E0718 14:52:35.464653   17492 load.go:23] Could not load config from \"c:\\\\Dev\\\\focus-bonus-app\\\\dataconnect\": could not find dataconnect.yaml in `c:\\Dev\\focus-bonus-app\\dataconnect`\n"}}
[debug] [2025-07-18T17:52:45.464Z] E0718 14:52:45.464478   17492 load.go:23] Could not load config from "c:\\Dev\\focus-bonus-app\\dataconnect": could not find dataconnect.yaml in `c:\Dev\focus-bonus-app\dataconnect`
 {"metadata":{"emulator":{"name":"dataconnect"},"message":"E0718 14:52:45.464478   17492 load.go:23] Could not load config from \"c:\\\\Dev\\\\focus-bonus-app\\\\dataconnect\": could not find dataconnect.yaml in `c:\\Dev\\focus-bonus-app\\dataconnect`\n"}}
[debug] [2025-07-18T17:52:55.464Z] E0718 14:52:55.464488   17492 load.go:23] Could not load config from "c:\\Dev\\focus-bonus-app\\dataconnect": could not find dataconnect.yaml in `c:\Dev\focus-bonus-app\dataconnect`
 {"metadata":{"emulator":{"name":"dataconnect"},"message":"E0718 14:52:55.464488   17492 load.go:23] Could not load config from \"c:\\\\Dev\\\\focus-bonus-app\\\\dataconnect\": could not find dataconnect.yaml in `c:\\Dev\\focus-bonus-app\\dataconnect`\n"}}
[debug] [2025-07-18T17:53:05.464Z] E0718 14:53:05.464206   17492 load.go:23] Could not load config from "c:\\Dev\\focus-bonus-app\\dataconnect": could not find dataconnect.yaml in `c:\Dev\focus-bonus-app\dataconnect`
 {"metadata":{"emulator":{"name":"dataconnect"},"message":"E0718 14:53:05.464206   17492 load.go:23] Could not load config from \"c:\\\\Dev\\\\focus-bonus-app\\\\dataconnect\": could not find dataconnect.yaml in `c:\\Dev\\focus-bonus-app\\dataconnect`\n"}}
[debug] [2025-07-18T17:53:15.464Z] E0718 14:53:15.464800   17492 load.go:23] Could not load config from "c:\\Dev\\focus-bonus-app\\dataconnect": could not find dataconnect.yaml in `c:\Dev\focus-bonus-app\dataconnect`
 {"metadata":{"emulator":{"name":"dataconnect"},"message":"E0718 14:53:15.464800   17492 load.go:23] Could not load config from \"c:\\\\Dev\\\\focus-bonus-app\\\\dataconnect\": could not find dataconnect.yaml in `c:\\Dev\\focus-bonus-app\\dataconnect`\n"}}
[debug] [2025-07-18T17:53:25.464Z] E0718 14:53:25.464862   17492 load.go:23] Could not load config from "c:\\Dev\\focus-bonus-app\\dataconnect": could not find dataconnect.yaml in `c:\Dev\focus-bonus-app\dataconnect`
 {"metadata":{"emulator":{"name":"dataconnect"},"message":"E0718 14:53:25.464862   17492 load.go:23] Could not load config from \"c:\\\\Dev\\\\focus-bonus-app\\\\dataconnect\": could not find dataconnect.yaml in `c:\\Dev\\focus-bonus-app\\dataconnect`\n"}}
[debug] [2025-07-18T17:53:35.464Z] E0718 14:53:35.464505   17492 load.go:23] Could not load config from "c:\\Dev\\focus-bonus-app\\dataconnect": could not find dataconnect.yaml in `c:\Dev\focus-bonus-app\dataconnect`
 {"metadata":{"emulator":{"name":"dataconnect"},"message":"E0718 14:53:35.464505   17492 load.go:23] Could not load config from \"c:\\\\Dev\\\\focus-bonus-app\\\\dataconnect\": could not find dataconnect.yaml in `c:\\Dev\\focus-bonus-app\\dataconnect`\n"}}
[debug] [2025-07-18T17:53:45.464Z] E0718 14:53:45.464788   17492 load.go:23] Could not load config from "c:\\Dev\\focus-bonus-app\\dataconnect": could not find dataconnect.yaml in `c:\Dev\focus-bonus-app\dataconnect`
 {"metadata":{"emulator":{"name":"dataconnect"},"message":"E0718 14:53:45.464788   17492 load.go:23] Could not load config from \"c:\\\\Dev\\\\focus-bonus-app\\\\dataconnect\": could not find dataconnect.yaml in `c:\\Dev\\focus-bonus-app\\dataconnect`\n"}}
[debug] [2025-07-18T17:53:55.464Z] E0718 14:53:55.464353   17492 load.go:23] Could not load config from "c:\\Dev\\focus-bonus-app\\dataconnect": could not find dataconnect.yaml in `c:\Dev\focus-bonus-app\dataconnect`
 {"metadata":{"emulator":{"name":"dataconnect"},"message":"E0718 14:53:55.464353   17492 load.go:23] Could not load config from \"c:\\\\Dev\\\\focus-bonus-app\\\\dataconnect\": could not find dataconnect.yaml in `c:\\Dev\\focus-bonus-app\\dataconnect`\n"}}
[debug] [2025-07-18T17:54:05.464Z] E0718 14:54:05.464696   17492 load.go:23] Could not load config from "c:\\Dev\\focus-bonus-app\\dataconnect": could not find dataconnect.yaml in `c:\Dev\focus-bonus-app\dataconnect`
 {"metadata":{"emulator":{"name":"dataconnect"},"message":"E0718 14:54:05.464696   17492 load.go:23] Could not load config from \"c:\\\\Dev\\\\focus-bonus-app\\\\dataconnect\": could not find dataconnect.yaml in `c:\\Dev\\focus-bonus-app\\dataconnect`\n"}}
[debug] [2025-07-18T17:54:15.464Z] E0718 14:54:15.464555   17492 load.go:23] Could not load config from "c:\\Dev\\focus-bonus-app\\dataconnect": could not find dataconnect.yaml in `c:\Dev\focus-bonus-app\dataconnect`
 {"metadata":{"emulator":{"name":"dataconnect"},"message":"E0718 14:54:15.464555   17492 load.go:23] Could not load config from \"c:\\\\Dev\\\\focus-bonus-app\\\\dataconnect\": could not find dataconnect.yaml in `c:\\Dev\\focus-bonus-app\\dataconnect`\n"}}
[debug] [2025-07-18T17:54:25.465Z] E0718 14:54:25.464458   17492 load.go:23] Could not load config from "c:\\Dev\\focus-bonus-app\\dataconnect": could not find dataconnect.yaml in `c:\Dev\focus-bonus-app\dataconnect`
 {"metadata":{"emulator":{"name":"dataconnect"},"message":"E0718 14:54:25.464458   17492 load.go:23] Could not load config from \"c:\\\\Dev\\\\focus-bonus-app\\\\dataconnect\": could not find dataconnect.yaml in `c:\\Dev\\focus-bonus-app\\dataconnect`\n"}}
[debug] [2025-07-18T17:54:25.467Z] E0718 14:54:25.466908   17492 watch.go:76] watchAllDir unable to walk dir `c:\Dev\focus-bonus-app\dataconnect`: on path "c:\\Dev\\focus-bonus-app\\dataconnect" (DirEntry: <nil>): CreateFile c:\Dev\focus-bonus-app\dataconnect: The system cannot find the file specified.
 {"metadata":{"emulator":{"name":"dataconnect"},"message":"E0718 14:54:25.466908   17492 watch.go:76] watchAllDir unable to walk dir `c:\\Dev\\focus-bonus-app\\dataconnect`: on path \"c:\\\\Dev\\\\focus-bonus-app\\\\dataconnect\" (DirEntry: <nil>): CreateFile c:\\Dev\\focus-bonus-app\\dataconnect: The system cannot find the file specified.\n"}}
[debug] [2025-07-18T17:54:35.464Z] E0718 14:54:35.464802   17492 load.go:23] Could not load config from "c:\\Dev\\focus-bonus-app\\dataconnect": could not find dataconnect.yaml in `c:\Dev\focus-bonus-app\dataconnect`
 {"metadata":{"emulator":{"name":"dataconnect"},"message":"E0718 14:54:35.464802   17492 load.go:23] Could not load config from \"c:\\\\Dev\\\\focus-bonus-app\\\\dataconnect\": could not find dataconnect.yaml in `c:\\Dev\\focus-bonus-app\\dataconnect`\n"}}
[debug] [2025-07-18T17:54:45.464Z] E0718 14:54:45.464557   17492 load.go:23] Could not load config from "c:\\Dev\\focus-bonus-app\\dataconnect": could not find dataconnect.yaml in `c:\Dev\focus-bonus-app\dataconnect`
 {"metadata":{"emulator":{"name":"dataconnect"},"message":"E0718 14:54:45.464557   17492 load.go:23] Could not load config from \"c:\\\\Dev\\\\focus-bonus-app\\\\dataconnect\": could not find dataconnect.yaml in `c:\\Dev\\focus-bonus-app\\dataconnect`\n"}}
[debug] [2025-07-18T17:54:55.465Z] E0718 14:54:55.464576   17492 load.go:23] Could not load config from "c:\\Dev\\focus-bonus-app\\dataconnect": could not find dataconnect.yaml in `c:\Dev\focus-bonus-app\dataconnect`
 {"metadata":{"emulator":{"name":"dataconnect"},"message":"E0718 14:54:55.464576   17492 load.go:23] Could not load config from \"c:\\\\Dev\\\\focus-bonus-app\\\\dataconnect\": could not find dataconnect.yaml in `c:\\Dev\\focus-bonus-app\\dataconnect`\n"}}
[debug] [2025-07-18T17:55:05.464Z] E0718 14:55:05.464828   17492 load.go:23] Could not load config from "c:\\Dev\\focus-bonus-app\\dataconnect": could not find dataconnect.yaml in `c:\Dev\focus-bonus-app\dataconnect`
 {"metadata":{"emulator":{"name":"dataconnect"},"message":"E0718 14:55:05.464828   17492 load.go:23] Could not load config from \"c:\\\\Dev\\\\focus-bonus-app\\\\dataconnect\": could not find dataconnect.yaml in `c:\\Dev\\focus-bonus-app\\dataconnect`\n"}}
[debug] [2025-07-18T17:55:15.464Z] E0718 14:55:15.464780   17492 load.go:23] Could not load config from "c:\\Dev\\focus-bonus-app\\dataconnect": could not find dataconnect.yaml in `c:\Dev\focus-bonus-app\dataconnect`
 {"metadata":{"emulator":{"name":"dataconnect"},"message":"E0718 14:55:15.464780   17492 load.go:23] Could not load config from \"c:\\\\Dev\\\\focus-bonus-app\\\\dataconnect\": could not find dataconnect.yaml in `c:\\Dev\\focus-bonus-app\\dataconnect`\n"}}
[debug] [2025-07-18T17:55:25.466Z] E0718 14:55:25.464673   17492 load.go:23] Could not load config from "c:\\Dev\\focus-bonus-app\\dataconnect": could not find dataconnect.yaml in `c:\Dev\focus-bonus-app\dataconnect`
 {"metadata":{"emulator":{"name":"dataconnect"},"message":"E0718 14:55:25.464673   17492 load.go:23] Could not load config from \"c:\\\\Dev\\\\focus-bonus-app\\\\dataconnect\": could not find dataconnect.yaml in `c:\\Dev\\focus-bonus-app\\dataconnect`\n"}}
[debug] [2025-07-18T17:55:35.464Z] E0718 14:55:35.464429   17492 load.go:23] Could not load config from "c:\\Dev\\focus-bonus-app\\dataconnect": could not find dataconnect.yaml in `c:\Dev\focus-bonus-app\dataconnect`
 {"metadata":{"emulator":{"name":"dataconnect"},"message":"E0718 14:55:35.464429   17492 load.go:23] Could not load config from \"c:\\\\Dev\\\\focus-bonus-app\\\\dataconnect\": could not find dataconnect.yaml in `c:\\Dev\\focus-bonus-app\\dataconnect`\n"}}
[debug] [2025-07-18T17:55:45.464Z] E0718 14:55:45.464548   17492 load.go:23] Could not load config from "c:\\Dev\\focus-bonus-app\\dataconnect": could not find dataconnect.yaml in `c:\Dev\focus-bonus-app\dataconnect`
 {"metadata":{"emulator":{"name":"dataconnect"},"message":"E0718 14:55:45.464548   17492 load.go:23] Could not load config from \"c:\\\\Dev\\\\focus-bonus-app\\\\dataconnect\": could not find dataconnect.yaml in `c:\\Dev\\focus-bonus-app\\dataconnect`\n"}}
[debug] [2025-07-18T18:09:04.236Z] E0718 15:09:04.223858   17492 load.go:23] Could not load config from "c:\\Dev\\focus-bonus-app\\dataconnect": could not find dataconnect.yaml in `c:\Dev\focus-bonus-app\dataconnect`
E0718 15:09:04.223858   17492 watch.go:76] watchAllDir unable to walk dir `c:\Dev\focus-bonus-app\dataconnect`: on path "c:\\Dev\\focus-bonus-app\\dataconnect" (DirEntry: <nil>): CreateFile c:\Dev\focus-bonus-app\dataconnect: The system cannot find the file specified.
 {"metadata":{"emulator":{"name":"dataconnect"},"message":"E0718 15:09:04.223858   17492 load.go:23] Could not load config from \"c:\\\\Dev\\\\focus-bonus-app\\\\dataconnect\": could not find dataconnect.yaml in `c:\\Dev\\focus-bonus-app\\dataconnect`\nE0718 15:09:04.223858   17492 watch.go:76] watchAllDir unable to walk dir `c:\\Dev\\focus-bonus-app\\dataconnect`: on path \"c:\\\\Dev\\\\focus-bonus-app\\\\dataconnect\" (DirEntry: <nil>): CreateFile c:\\Dev\\focus-bonus-app\\dataconnect: The system cannot find the file specified.\n"}}
[debug] [2025-07-18T18:09:05.479Z] E0718 15:09:05.478821   17492 load.go:23] Could not load config from "c:\\Dev\\focus-bonus-app\\dataconnect": could not find dataconnect.yaml in `c:\Dev\focus-bonus-app\dataconnect`
 {"metadata":{"emulator":{"name":"dataconnect"},"message":"E0718 15:09:05.478821   17492 load.go:23] Could not load config from \"c:\\\\Dev\\\\focus-bonus-app\\\\dataconnect\": could not find dataconnect.yaml in `c:\\Dev\\focus-bonus-app\\dataconnect`\n"}}
[debug] [2025-07-18T18:09:15.465Z] E0718 15:09:15.464674   17492 load.go:23] Could not load config from "c:\\Dev\\focus-bonus-app\\dataconnect": could not find dataconnect.yaml in `c:\Dev\focus-bonus-app\dataconnect`
 {"metadata":{"emulator":{"name":"dataconnect"},"message":"E0718 15:09:15.464674   17492 load.go:23] Could not load config from \"c:\\\\Dev\\\\focus-bonus-app\\\\dataconnect\": could not find dataconnect.yaml in `c:\\Dev\\focus-bonus-app\\dataconnect`\n"}}
[debug] [2025-07-18T18:09:25.465Z] E0718 15:09:25.464801   17492 load.go:23] Could not load config from "c:\\Dev\\focus-bonus-app\\dataconnect": could not find dataconnect.yaml in `c:\Dev\focus-bonus-app\dataconnect`
 {"metadata":{"emulator":{"name":"dataconnect"},"message":"E0718 15:09:25.464801   17492 load.go:23] Could not load config from \"c:\\\\Dev\\\\focus-bonus-app\\\\dataconnect\": could not find dataconnect.yaml in `c:\\Dev\\focus-bonus-app\\dataconnect`\n"}}
[debug] [2025-07-18T18:09:35.464Z] E0718 15:09:35.464314   17492 load.go:23] Could not load config from "c:\\Dev\\focus-bonus-app\\dataconnect": could not find dataconnect.yaml in `c:\Dev\focus-bonus-app\dataconnect`
 {"metadata":{"emulator":{"name":"dataconnect"},"message":"E0718 15:09:35.464314   17492 load.go:23] Could not load config from \"c:\\\\Dev\\\\focus-bonus-app\\\\dataconnect\": could not find dataconnect.yaml in `c:\\Dev\\focus-bonus-app\\dataconnect`\n"}}
[debug] [2025-07-18T18:09:45.465Z] E0718 15:09:45.465637   17492 load.go:23] Could not load config from "c:\\Dev\\focus-bonus-app\\dataconnect": could not find dataconnect.yaml in `c:\Dev\focus-bonus-app\dataconnect`
 {"metadata":{"emulator":{"name":"dataconnect"},"message":"E0718 15:09:45.465637   17492 load.go:23] Could not load config from \"c:\\\\Dev\\\\focus-bonus-app\\\\dataconnect\": could not find dataconnect.yaml in `c:\\Dev\\focus-bonus-app\\dataconnect`\n"}}
[debug] [2025-07-18T18:09:55.464Z] E0718 15:09:55.464698   17492 load.go:23] Could not load config from "c:\\Dev\\focus-bonus-app\\dataconnect": could not find dataconnect.yaml in `c:\Dev\focus-bonus-app\dataconnect`
 {"metadata":{"emulator":{"name":"dataconnect"},"message":"E0718 15:09:55.464698   17492 load.go:23] Could not load config from \"c:\\\\Dev\\\\focus-bonus-app\\\\dataconnect\": could not find dataconnect.yaml in `c:\\Dev\\focus-bonus-app\\dataconnect`\n"}}
[debug] [2025-07-18T18:10:05.465Z] E0718 15:10:05.464378   17492 load.go:23] Could not load config from "c:\\Dev\\focus-bonus-app\\dataconnect": could not find dataconnect.yaml in `c:\Dev\focus-bonus-app\dataconnect`
 {"metadata":{"emulator":{"name":"dataconnect"},"message":"E0718 15:10:05.464378   17492 load.go:23] Could not load config from \"c:\\\\Dev\\\\focus-bonus-app\\\\dataconnect\": could not find dataconnect.yaml in `c:\\Dev\\focus-bonus-app\\dataconnect`\n"}}
[debug] [2025-07-18T18:10:15.465Z] E0718 15:10:15.464775   17492 load.go:23] Could not load config from "c:\\Dev\\focus-bonus-app\\dataconnect": could not find dataconnect.yaml in `c:\Dev\focus-bonus-app\dataconnect`
 {"metadata":{"emulator":{"name":"dataconnect"},"message":"E0718 15:10:15.464775   17492 load.go:23] Could not load config from \"c:\\\\Dev\\\\focus-bonus-app\\\\dataconnect\": could not find dataconnect.yaml in `c:\\Dev\\focus-bonus-app\\dataconnect`\n"}}
[debug] [2025-07-18T18:10:25.465Z] E0718 15:10:25.464681   17492 load.go:23] Could not load config from "c:\\Dev\\focus-bonus-app\\dataconnect": could not find dataconnect.yaml in `c:\Dev\focus-bonus-app\dataconnect`
E0718 15:10:25.464681   17492 watch.go:76] watchAllDir unable to walk dir `c:\Dev\focus-bonus-app\dataconnect`: on path "c:\\Dev\\focus-bonus-app\\dataconnect" (DirEntry: <nil>): CreateFile c:\Dev\focus-bonus-app\dataconnect: The system cannot find the file specified.
 {"metadata":{"emulator":{"name":"dataconnect"},"message":"E0718 15:10:25.464681   17492 load.go:23] Could not load config from \"c:\\\\Dev\\\\focus-bonus-app\\\\dataconnect\": could not find dataconnect.yaml in `c:\\Dev\\focus-bonus-app\\dataconnect`\nE0718 15:10:25.464681   17492 watch.go:76] watchAllDir unable to walk dir `c:\\Dev\\focus-bonus-app\\dataconnect`: on path \"c:\\\\Dev\\\\focus-bonus-app\\\\dataconnect\" (DirEntry: <nil>): CreateFile c:\\Dev\\focus-bonus-app\\dataconnect: The system cannot find the file specified.\n"}}
[debug] [2025-07-18T18:10:35.465Z] E0718 15:10:35.464558   17492 load.go:23] Could not load config from "c:\\Dev\\focus-bonus-app\\dataconnect": could not find dataconnect.yaml in `c:\Dev\focus-bonus-app\dataconnect`
 {"metadata":{"emulator":{"name":"dataconnect"},"message":"E0718 15:10:35.464558   17492 load.go:23] Could not load config from \"c:\\\\Dev\\\\focus-bonus-app\\\\dataconnect\": could not find dataconnect.yaml in `c:\\Dev\\focus-bonus-app\\dataconnect`\n"}}
[debug] [2025-07-18T18:10:45.465Z] E0718 15:10:45.464679   17492 load.go:23] Could not load config from "c:\\Dev\\focus-bonus-app\\dataconnect": could not find dataconnect.yaml in `c:\Dev\focus-bonus-app\dataconnect`
 {"metadata":{"emulator":{"name":"dataconnect"},"message":"E0718 15:10:45.464679   17492 load.go:23] Could not load config from \"c:\\\\Dev\\\\focus-bonus-app\\\\dataconnect\": could not find dataconnect.yaml in `c:\\Dev\\focus-bonus-app\\dataconnect`\n"}}
[debug] [2025-07-18T18:10:55.465Z] E0718 15:10:55.464622   17492 load.go:23] Could not load config from "c:\\Dev\\focus-bonus-app\\dataconnect": could not find dataconnect.yaml in `c:\Dev\focus-bonus-app\dataconnect`
 {"metadata":{"emulator":{"name":"dataconnect"},"message":"E0718 15:10:55.464622   17492 load.go:23] Could not load config from \"c:\\\\Dev\\\\focus-bonus-app\\\\dataconnect\": could not find dataconnect.yaml in `c:\\Dev\\focus-bonus-app\\dataconnect`\n"}}
[debug] [2025-07-18T18:11:05.466Z] E0718 15:11:05.466061   17492 load.go:23] Could not load config from "c:\\Dev\\focus-bonus-app\\dataconnect": could not find dataconnect.yaml in `c:\Dev\focus-bonus-app\dataconnect`
 {"metadata":{"emulator":{"name":"dataconnect"},"message":"E0718 15:11:05.466061   17492 load.go:23] Could not load config from \"c:\\\\Dev\\\\focus-bonus-app\\\\dataconnect\": could not find dataconnect.yaml in `c:\\Dev\\focus-bonus-app\\dataconnect`\n"}}
[debug] [2025-07-18T18:11:15.465Z] E0718 15:11:15.464970   17492 load.go:23] Could not load config from "c:\\Dev\\focus-bonus-app\\dataconnect": could not find dataconnect.yaml in `c:\Dev\focus-bonus-app\dataconnect`
 {"metadata":{"emulator":{"name":"dataconnect"},"message":"E0718 15:11:15.464970   17492 load.go:23] Could not load config from \"c:\\\\Dev\\\\focus-bonus-app\\\\dataconnect\": could not find dataconnect.yaml in `c:\\Dev\\focus-bonus-app\\dataconnect`\n"}}
[debug] [2025-07-18T18:11:25.465Z] E0718 15:11:25.464758   17492 load.go:23] Could not load config from "c:\\Dev\\focus-bonus-app\\dataconnect": could not find dataconnect.yaml in `c:\Dev\focus-bonus-app\dataconnect`
 {"metadata":{"emulator":{"name":"dataconnect"},"message":"E0718 15:11:25.464758   17492 load.go:23] Could not load config from \"c:\\\\Dev\\\\focus-bonus-app\\\\dataconnect\": could not find dataconnect.yaml in `c:\\Dev\\focus-bonus-app\\dataconnect`\n"}}
[debug] [2025-07-18T18:11:35.465Z] E0718 15:11:35.465043   17492 load.go:23] Could not load config from "c:\\Dev\\focus-bonus-app\\dataconnect": could not find dataconnect.yaml in `c:\Dev\focus-bonus-app\dataconnect`
 {"metadata":{"emulator":{"name":"dataconnect"},"message":"E0718 15:11:35.465043   17492 load.go:23] Could not load config from \"c:\\\\Dev\\\\focus-bonus-app\\\\dataconnect\": could not find dataconnect.yaml in `c:\\Dev\\focus-bonus-app\\dataconnect`\n"}}
[debug] [2025-07-18T18:11:45.465Z] E0718 15:11:45.464465   17492 load.go:23] Could not load config from "c:\\Dev\\focus-bonus-app\\dataconnect": could not find dataconnect.yaml in `c:\Dev\focus-bonus-app\dataconnect`
 {"metadata":{"emulator":{"name":"dataconnect"},"message":"E0718 15:11:45.464465   17492 load.go:23] Could not load config from \"c:\\\\Dev\\\\focus-bonus-app\\\\dataconnect\": could not find dataconnect.yaml in `c:\\Dev\\focus-bonus-app\\dataconnect`\n"}}
[debug] [2025-07-18T18:11:55.465Z] E0718 15:11:55.464806   17492 load.go:23] Could not load config from "c:\\Dev\\focus-bonus-app\\dataconnect": could not find dataconnect.yaml in `c:\Dev\focus-bonus-app\dataconnect`
 {"metadata":{"emulator":{"name":"dataconnect"},"message":"E0718 15:11:55.464806   17492 load.go:23] Could not load config from \"c:\\\\Dev\\\\focus-bonus-app\\\\dataconnect\": could not find dataconnect.yaml in `c:\\Dev\\focus-bonus-app\\dataconnect`\n"}}
[debug] [2025-07-18T18:12:05.464Z] E0718 15:12:05.464423   17492 load.go:23] Could not load config from "c:\\Dev\\focus-bonus-app\\dataconnect": could not find dataconnect.yaml in `c:\Dev\focus-bonus-app\dataconnect`
 {"metadata":{"emulator":{"name":"dataconnect"},"message":"E0718 15:12:05.464423   17492 load.go:23] Could not load config from \"c:\\\\Dev\\\\focus-bonus-app\\\\dataconnect\": could not find dataconnect.yaml in `c:\\Dev\\focus-bonus-app\\dataconnect`\n"}}
[debug] [2025-07-18T18:12:15.465Z] E0718 15:12:15.464771   17492 load.go:23] Could not load config from "c:\\Dev\\focus-bonus-app\\dataconnect": could not find dataconnect.yaml in `c:\Dev\focus-bonus-app\dataconnect`
 {"metadata":{"emulator":{"name":"dataconnect"},"message":"E0718 15:12:15.464771   17492 load.go:23] Could not load config from \"c:\\\\Dev\\\\focus-bonus-app\\\\dataconnect\": could not find dataconnect.yaml in `c:\\Dev\\focus-bonus-app\\dataconnect`\n"}}
[debug] [2025-07-18T18:12:25.465Z] E0718 15:12:25.464701   17492 load.go:23] Could not load config from "c:\\Dev\\focus-bonus-app\\dataconnect": could not find dataconnect.yaml in `c:\Dev\focus-bonus-app\dataconnect`
E0718 15:12:25.464701   17492 watch.go:76] watchAllDir unable to walk dir `c:\Dev\focus-bonus-app\dataconnect`: on path "c:\\Dev\\focus-bonus-app\\dataconnect" (DirEntry: <nil>): CreateFile c:\Dev\focus-bonus-app\dataconnect: The system cannot find the file specified.
 {"metadata":{"emulator":{"name":"dataconnect"},"message":"E0718 15:12:25.464701   17492 load.go:23] Could not load config from \"c:\\\\Dev\\\\focus-bonus-app\\\\dataconnect\": could not find dataconnect.yaml in `c:\\Dev\\focus-bonus-app\\dataconnect`\nE0718 15:12:25.464701   17492 watch.go:76] watchAllDir unable to walk dir `c:\\Dev\\focus-bonus-app\\dataconnect`: on path \"c:\\\\Dev\\\\focus-bonus-app\\\\dataconnect\" (DirEntry: <nil>): CreateFile c:\\Dev\\focus-bonus-app\\dataconnect: The system cannot find the file specified.\n"}}
[debug] [2025-07-18T18:12:35.465Z] E0718 15:12:35.465678   17492 load.go:23] Could not load config from "c:\\Dev\\focus-bonus-app\\dataconnect": could not find dataconnect.yaml in `c:\Dev\focus-bonus-app\dataconnect`
 {"metadata":{"emulator":{"name":"dataconnect"},"message":"E0718 15:12:35.465678   17492 load.go:23] Could not load config from \"c:\\\\Dev\\\\focus-bonus-app\\\\dataconnect\": could not find dataconnect.yaml in `c:\\Dev\\focus-bonus-app\\dataconnect`\n"}}
[debug] [2025-07-18T18:12:45.465Z] E0718 15:12:45.464655   17492 load.go:23] Could not load config from "c:\\Dev\\focus-bonus-app\\dataconnect": could not find dataconnect.yaml in `c:\Dev\focus-bonus-app\dataconnect`
 {"metadata":{"emulator":{"name":"dataconnect"},"message":"E0718 15:12:45.464655   17492 load.go:23] Could not load config from \"c:\\\\Dev\\\\focus-bonus-app\\\\dataconnect\": could not find dataconnect.yaml in `c:\\Dev\\focus-bonus-app\\dataconnect`\n"}}
[debug] [2025-07-18T18:12:55.465Z] E0718 15:12:55.465045   17492 load.go:23] Could not load config from "c:\\Dev\\focus-bonus-app\\dataconnect": could not find dataconnect.yaml in `c:\Dev\focus-bonus-app\dataconnect`
 {"metadata":{"emulator":{"name":"dataconnect"},"message":"E0718 15:12:55.465045   17492 load.go:23] Could not load config from \"c:\\\\Dev\\\\focus-bonus-app\\\\dataconnect\": could not find dataconnect.yaml in `c:\\Dev\\focus-bonus-app\\dataconnect`\n"}}
[debug] [2025-07-18T18:13:05.464Z] E0718 15:13:05.464544   17492 load.go:23] Could not load config from "c:\\Dev\\focus-bonus-app\\dataconnect": could not find dataconnect.yaml in `c:\Dev\focus-bonus-app\dataconnect`
 {"metadata":{"emulator":{"name":"dataconnect"},"message":"E0718 15:13:05.464544   17492 load.go:23] Could not load config from \"c:\\\\Dev\\\\focus-bonus-app\\\\dataconnect\": could not find dataconnect.yaml in `c:\\Dev\\focus-bonus-app\\dataconnect`\n"}}
[debug] [2025-07-18T18:13:15.465Z] E0718 15:13:15.464319   17492 load.go:23] Could not load config from "c:\\Dev\\focus-bonus-app\\dataconnect": could not find dataconnect.yaml in `c:\Dev\focus-bonus-app\dataconnect`
 {"metadata":{"emulator":{"name":"dataconnect"},"message":"E0718 15:13:15.464319   17492 load.go:23] Could not load config from \"c:\\\\Dev\\\\focus-bonus-app\\\\dataconnect\": could not find dataconnect.yaml in `c:\\Dev\\focus-bonus-app\\dataconnect`\n"}}
[debug] [2025-07-18T18:13:25.464Z] E0718 15:13:25.464664   17492 load.go:23] Could not load config from "c:\\Dev\\focus-bonus-app\\dataconnect": could not find dataconnect.yaml in `c:\Dev\focus-bonus-app\dataconnect`
 {"metadata":{"emulator":{"name":"dataconnect"},"message":"E0718 15:13:25.464664   17492 load.go:23] Could not load config from \"c:\\\\Dev\\\\focus-bonus-app\\\\dataconnect\": could not find dataconnect.yaml in `c:\\Dev\\focus-bonus-app\\dataconnect`\n"}}
[debug] [2025-07-18T18:13:35.465Z] E0718 15:13:35.464747   17492 load.go:23] Could not load config from "c:\\Dev\\focus-bonus-app\\dataconnect": could not find dataconnect.yaml in `c:\Dev\focus-bonus-app\dataconnect`
 {"metadata":{"emulator":{"name":"dataconnect"},"message":"E0718 15:13:35.464747   17492 load.go:23] Could not load config from \"c:\\\\Dev\\\\focus-bonus-app\\\\dataconnect\": could not find dataconnect.yaml in `c:\\Dev\\focus-bonus-app\\dataconnect`\n"}}
[debug] [2025-07-18T18:13:45.466Z] E0718 15:13:45.465315   17492 load.go:23] Could not load config from "c:\\Dev\\focus-bonus-app\\dataconnect": could not find dataconnect.yaml in `c:\Dev\focus-bonus-app\dataconnect`
 {"metadata":{"emulator":{"name":"dataconnect"},"message":"E0718 15:13:45.465315   17492 load.go:23] Could not load config from \"c:\\\\Dev\\\\focus-bonus-app\\\\dataconnect\": could not find dataconnect.yaml in `c:\\Dev\\focus-bonus-app\\dataconnect`\n"}}
[debug] [2025-07-18T18:13:55.464Z] E0718 15:13:55.464502   17492 load.go:23] Could not load config from "c:\\Dev\\focus-bonus-app\\dataconnect": could not find dataconnect.yaml in `c:\Dev\focus-bonus-app\dataconnect`
 {"metadata":{"emulator":{"name":"dataconnect"},"message":"E0718 15:13:55.464502   17492 load.go:23] Could not load config from \"c:\\\\Dev\\\\focus-bonus-app\\\\dataconnect\": could not find dataconnect.yaml in `c:\\Dev\\focus-bonus-app\\dataconnect`\n"}}
[debug] [2025-07-18T18:14:05.464Z] E0718 15:14:05.464499   17492 load.go:23] Could not load config from "c:\\Dev\\focus-bonus-app\\dataconnect": could not find dataconnect.yaml in `c:\Dev\focus-bonus-app\dataconnect`
 {"metadata":{"emulator":{"name":"dataconnect"},"message":"E0718 15:14:05.464499   17492 load.go:23] Could not load config from \"c:\\\\Dev\\\\focus-bonus-app\\\\dataconnect\": could not find dataconnect.yaml in `c:\\Dev\\focus-bonus-app\\dataconnect`\n"}}
[debug] [2025-07-18T18:14:15.465Z] E0718 15:14:15.464516   17492 load.go:23] Could not load config from "c:\\Dev\\focus-bonus-app\\dataconnect": could not find dataconnect.yaml in `c:\Dev\focus-bonus-app\dataconnect`
 {"metadata":{"emulator":{"name":"dataconnect"},"message":"E0718 15:14:15.464516   17492 load.go:23] Could not load config from \"c:\\\\Dev\\\\focus-bonus-app\\\\dataconnect\": could not find dataconnect.yaml in `c:\\Dev\\focus-bonus-app\\dataconnect`\n"}}
[debug] [2025-07-18T18:14:25.464Z] E0718 15:14:25.464465   17492 load.go:23] Could not load config from "c:\\Dev\\focus-bonus-app\\dataconnect": could not find dataconnect.yaml in `c:\Dev\focus-bonus-app\dataconnect`
E0718 15:14:25.464465   17492 watch.go:76] watchAllDir unable to walk dir `c:\Dev\focus-bonus-app\dataconnect`: on path "c:\\Dev\\focus-bonus-app\\dataconnect" (DirEntry: <nil>): CreateFile c:\Dev\focus-bonus-app\dataconnect: The system cannot find the file specified.
 {"metadata":{"emulator":{"name":"dataconnect"},"message":"E0718 15:14:25.464465   17492 load.go:23] Could not load config from \"c:\\\\Dev\\\\focus-bonus-app\\\\dataconnect\": could not find dataconnect.yaml in `c:\\Dev\\focus-bonus-app\\dataconnect`\nE0718 15:14:25.464465   17492 watch.go:76] watchAllDir unable to walk dir `c:\\Dev\\focus-bonus-app\\dataconnect`: on path \"c:\\\\Dev\\\\focus-bonus-app\\\\dataconnect\" (DirEntry: <nil>): CreateFile c:\\Dev\\focus-bonus-app\\dataconnect: The system cannot find the file specified.\n"}}
[debug] [2025-07-18T18:14:35.464Z] E0718 15:14:35.464602   17492 load.go:23] Could not load config from "c:\\Dev\\focus-bonus-app\\dataconnect": could not find dataconnect.yaml in `c:\Dev\focus-bonus-app\dataconnect`
 {"metadata":{"emulator":{"name":"dataconnect"},"message":"E0718 15:14:35.464602   17492 load.go:23] Could not load config from \"c:\\\\Dev\\\\focus-bonus-app\\\\dataconnect\": could not find dataconnect.yaml in `c:\\Dev\\focus-bonus-app\\dataconnect`\n"}}
[debug] [2025-07-18T18:14:45.465Z] E0718 15:14:45.464713   17492 load.go:23] Could not load config from "c:\\Dev\\focus-bonus-app\\dataconnect": could not find dataconnect.yaml in `c:\Dev\focus-bonus-app\dataconnect`
 {"metadata":{"emulator":{"name":"dataconnect"},"message":"E0718 15:14:45.464713   17492 load.go:23] Could not load config from \"c:\\\\Dev\\\\focus-bonus-app\\\\dataconnect\": could not find dataconnect.yaml in `c:\\Dev\\focus-bonus-app\\dataconnect`\n"}}
[debug] [2025-07-18T18:14:55.464Z] E0718 15:14:55.464445   17492 load.go:23] Could not load config from "c:\\Dev\\focus-bonus-app\\dataconnect": could not find dataconnect.yaml in `c:\Dev\focus-bonus-app\dataconnect`
 {"metadata":{"emulator":{"name":"dataconnect"},"message":"E0718 15:14:55.464445   17492 load.go:23] Could not load config from \"c:\\\\Dev\\\\focus-bonus-app\\\\dataconnect\": could not find dataconnect.yaml in `c:\\Dev\\focus-bonus-app\\dataconnect`\n"}}
[debug] [2025-07-18T18:15:05.465Z] E0718 15:15:05.464660   17492 load.go:23] Could not load config from "c:\\Dev\\focus-bonus-app\\dataconnect": could not find dataconnect.yaml in `c:\Dev\focus-bonus-app\dataconnect`
 {"metadata":{"emulator":{"name":"dataconnect"},"message":"E0718 15:15:05.464660   17492 load.go:23] Could not load config from \"c:\\\\Dev\\\\focus-bonus-app\\\\dataconnect\": could not find dataconnect.yaml in `c:\\Dev\\focus-bonus-app\\dataconnect`\n"}}
[debug] [2025-07-18T18:15:15.466Z] E0718 15:15:15.466262   17492 load.go:23] Could not load config from "c:\\Dev\\focus-bonus-app\\dataconnect": could not find dataconnect.yaml in `c:\Dev\focus-bonus-app\dataconnect`
 {"metadata":{"emulator":{"name":"dataconnect"},"message":"E0718 15:15:15.466262   17492 load.go:23] Could not load config from \"c:\\\\Dev\\\\focus-bonus-app\\\\dataconnect\": could not find dataconnect.yaml in `c:\\Dev\\focus-bonus-app\\dataconnect`\n"}}
[debug] [2025-07-18T18:15:25.466Z] E0718 15:15:25.466926   17492 load.go:23] Could not load config from "c:\\Dev\\focus-bonus-app\\dataconnect": could not find dataconnect.yaml in `c:\Dev\focus-bonus-app\dataconnect`
 {"metadata":{"emulator":{"name":"dataconnect"},"message":"E0718 15:15:25.466926   17492 load.go:23] Could not load config from \"c:\\\\Dev\\\\focus-bonus-app\\\\dataconnect\": could not find dataconnect.yaml in `c:\\Dev\\focus-bonus-app\\dataconnect`\n"}}
[debug] [2025-07-18T18:15:35.464Z] E0718 15:15:35.465188   17492 load.go:23] Could not load config from "c:\\Dev\\focus-bonus-app\\dataconnect": could not find dataconnect.yaml in `c:\Dev\focus-bonus-app\dataconnect`
 {"metadata":{"emulator":{"name":"dataconnect"},"message":"E0718 15:15:35.465188   17492 load.go:23] Could not load config from \"c:\\\\Dev\\\\focus-bonus-app\\\\dataconnect\": could not find dataconnect.yaml in `c:\\Dev\\focus-bonus-app\\dataconnect`\n"}}
[debug] [2025-07-18T18:15:45.464Z] E0718 15:15:45.464743   17492 load.go:23] Could not load config from "c:\\Dev\\focus-bonus-app\\dataconnect": could not find dataconnect.yaml in `c:\Dev\focus-bonus-app\dataconnect`
 {"metadata":{"emulator":{"name":"dataconnect"},"message":"E0718 15:15:45.464743   17492 load.go:23] Could not load config from \"c:\\\\Dev\\\\focus-bonus-app\\\\dataconnect\": could not find dataconnect.yaml in `c:\\Dev\\focus-bonus-app\\dataconnect`\n"}}
[debug] [2025-07-18T18:15:55.464Z] E0718 15:15:55.464867   17492 load.go:23] Could not load config from "c:\\Dev\\focus-bonus-app\\dataconnect": could not find dataconnect.yaml in `c:\Dev\focus-bonus-app\dataconnect`
 {"metadata":{"emulator":{"name":"dataconnect"},"message":"E0718 15:15:55.464867   17492 load.go:23] Could not load config from \"c:\\\\Dev\\\\focus-bonus-app\\\\dataconnect\": could not find dataconnect.yaml in `c:\\Dev\\focus-bonus-app\\dataconnect`\n"}}
[debug] [2025-07-18T18:16:05.464Z] E0718 15:16:05.464697   17492 load.go:23] Could not load config from "c:\\Dev\\focus-bonus-app\\dataconnect": could not find dataconnect.yaml in `c:\Dev\focus-bonus-app\dataconnect`
 {"metadata":{"emulator":{"name":"dataconnect"},"message":"E0718 15:16:05.464697   17492 load.go:23] Could not load config from \"c:\\\\Dev\\\\focus-bonus-app\\\\dataconnect\": could not find dataconnect.yaml in `c:\\Dev\\focus-bonus-app\\dataconnect`\n"}}
[debug] [2025-07-18T18:16:15.465Z] E0718 15:16:15.465419   17492 load.go:23] Could not load config from "c:\\Dev\\focus-bonus-app\\dataconnect": could not find dataconnect.yaml in `c:\Dev\focus-bonus-app\dataconnect`
 {"metadata":{"emulator":{"name":"dataconnect"},"message":"E0718 15:16:15.465419   17492 load.go:23] Could not load config from \"c:\\\\Dev\\\\focus-bonus-app\\\\dataconnect\": could not find dataconnect.yaml in `c:\\Dev\\focus-bonus-app\\dataconnect`\n"}}
[debug] [2025-07-18T18:16:25.465Z] E0718 15:16:25.464601   17492 load.go:23] Could not load config from "c:\\Dev\\focus-bonus-app\\dataconnect": could not find dataconnect.yaml in `c:\Dev\focus-bonus-app\dataconnect`
E0718 15:16:25.465210   17492 watch.go:76] watchAllDir unable to walk dir `c:\Dev\focus-bonus-app\dataconnect`: on path "c:\\Dev\\focus-bonus-app\\dataconnect" (DirEntry: <nil>): CreateFile c:\Dev\focus-bonus-app\dataconnect: The system cannot find the file specified.
 {"metadata":{"emulator":{"name":"dataconnect"},"message":"E0718 15:16:25.464601   17492 load.go:23] Could not load config from \"c:\\\\Dev\\\\focus-bonus-app\\\\dataconnect\": could not find dataconnect.yaml in `c:\\Dev\\focus-bonus-app\\dataconnect`\nE0718 15:16:25.465210   17492 watch.go:76] watchAllDir unable to walk dir `c:\\Dev\\focus-bonus-app\\dataconnect`: on path \"c:\\\\Dev\\\\focus-bonus-app\\\\dataconnect\" (DirEntry: <nil>): CreateFile c:\\Dev\\focus-bonus-app\\dataconnect: The system cannot find the file specified.\n"}}
[debug] [2025-07-18T18:16:35.464Z] E0718 15:16:35.464519   17492 load.go:23] Could not load config from "c:\\Dev\\focus-bonus-app\\dataconnect": could not find dataconnect.yaml in `c:\Dev\focus-bonus-app\dataconnect`
 {"metadata":{"emulator":{"name":"dataconnect"},"message":"E0718 15:16:35.464519   17492 load.go:23] Could not load config from \"c:\\\\Dev\\\\focus-bonus-app\\\\dataconnect\": could not find dataconnect.yaml in `c:\\Dev\\focus-bonus-app\\dataconnect`\n"}}
[debug] [2025-07-18T18:16:45.465Z] E0718 15:16:45.464957   17492 load.go:23] Could not load config from "c:\\Dev\\focus-bonus-app\\dataconnect": could not find dataconnect.yaml in `c:\Dev\focus-bonus-app\dataconnect`
 {"metadata":{"emulator":{"name":"dataconnect"},"message":"E0718 15:16:45.464957   17492 load.go:23] Could not load config from \"c:\\\\Dev\\\\focus-bonus-app\\\\dataconnect\": could not find dataconnect.yaml in `c:\\Dev\\focus-bonus-app\\dataconnect`\n"}}
[debug] [2025-07-18T18:16:55.465Z] E0718 15:16:55.465054   17492 load.go:23] Could not load config from "c:\\Dev\\focus-bonus-app\\dataconnect": could not find dataconnect.yaml in `c:\Dev\focus-bonus-app\dataconnect`
 {"metadata":{"emulator":{"name":"dataconnect"},"message":"E0718 15:16:55.465054   17492 load.go:23] Could not load config from \"c:\\\\Dev\\\\focus-bonus-app\\\\dataconnect\": could not find dataconnect.yaml in `c:\\Dev\\focus-bonus-app\\dataconnect`\n"}}
[debug] [2025-07-18T18:17:05.464Z] E0718 15:17:05.464556   17492 load.go:23] Could not load config from "c:\\Dev\\focus-bonus-app\\dataconnect": could not find dataconnect.yaml in `c:\Dev\focus-bonus-app\dataconnect`
 {"metadata":{"emulator":{"name":"dataconnect"},"message":"E0718 15:17:05.464556   17492 load.go:23] Could not load config from \"c:\\\\Dev\\\\focus-bonus-app\\\\dataconnect\": could not find dataconnect.yaml in `c:\\Dev\\focus-bonus-app\\dataconnect`\n"}}
[debug] [2025-07-18T18:17:15.465Z] E0718 15:17:15.464674   17492 load.go:23] Could not load config from "c:\\Dev\\focus-bonus-app\\dataconnect": could not find dataconnect.yaml in `c:\Dev\focus-bonus-app\dataconnect`
 {"metadata":{"emulator":{"name":"dataconnect"},"message":"E0718 15:17:15.464674   17492 load.go:23] Could not load config from \"c:\\\\Dev\\\\focus-bonus-app\\\\dataconnect\": could not find dataconnect.yaml in `c:\\Dev\\focus-bonus-app\\dataconnect`\n"}}
[debug] [2025-07-18T18:17:25.465Z] E0718 15:17:25.464494   17492 load.go:23] Could not load config from "c:\\Dev\\focus-bonus-app\\dataconnect": could not find dataconnect.yaml in `c:\Dev\focus-bonus-app\dataconnect`
 {"metadata":{"emulator":{"name":"dataconnect"},"message":"E0718 15:17:25.464494   17492 load.go:23] Could not load config from \"c:\\\\Dev\\\\focus-bonus-app\\\\dataconnect\": could not find dataconnect.yaml in `c:\\Dev\\focus-bonus-app\\dataconnect`\n"}}
[debug] [2025-07-18T18:17:35.465Z] E0718 15:17:35.465253   17492 load.go:23] Could not load config from "c:\\Dev\\focus-bonus-app\\dataconnect": could not find dataconnect.yaml in `c:\Dev\focus-bonus-app\dataconnect`
 {"metadata":{"emulator":{"name":"dataconnect"},"message":"E0718 15:17:35.465253   17492 load.go:23] Could not load config from \"c:\\\\Dev\\\\focus-bonus-app\\\\dataconnect\": could not find dataconnect.yaml in `c:\\Dev\\focus-bonus-app\\dataconnect`\n"}}
[debug] [2025-07-18T18:17:45.465Z] E0718 15:17:45.465065   17492 load.go:23] Could not load config from "c:\\Dev\\focus-bonus-app\\dataconnect": could not find dataconnect.yaml in `c:\Dev\focus-bonus-app\dataconnect`
 {"metadata":{"emulator":{"name":"dataconnect"},"message":"E0718 15:17:45.465065   17492 load.go:23] Could not load config from \"c:\\\\Dev\\\\focus-bonus-app\\\\dataconnect\": could not find dataconnect.yaml in `c:\\Dev\\focus-bonus-app\\dataconnect`\n"}}
[debug] [2025-07-18T18:17:55.465Z] E0718 15:17:55.465375   17492 load.go:23] Could not load config from "c:\\Dev\\focus-bonus-app\\dataconnect": could not find dataconnect.yaml in `c:\Dev\focus-bonus-app\dataconnect`
 {"metadata":{"emulator":{"name":"dataconnect"},"message":"E0718 15:17:55.465375   17492 load.go:23] Could not load config from \"c:\\\\Dev\\\\focus-bonus-app\\\\dataconnect\": could not find dataconnect.yaml in `c:\\Dev\\focus-bonus-app\\dataconnect`\n"}}
[debug] [2025-07-18T18:18:05.464Z] E0718 15:18:05.464784   17492 load.go:23] Could not load config from "c:\\Dev\\focus-bonus-app\\dataconnect": could not find dataconnect.yaml in `c:\Dev\focus-bonus-app\dataconnect`
 {"metadata":{"emulator":{"name":"dataconnect"},"message":"E0718 15:18:05.464784   17492 load.go:23] Could not load config from \"c:\\\\Dev\\\\focus-bonus-app\\\\dataconnect\": could not find dataconnect.yaml in `c:\\Dev\\focus-bonus-app\\dataconnect`\n"}}
[debug] [2025-07-18T18:18:15.465Z] E0718 15:18:15.465252   17492 load.go:23] Could not load config from "c:\\Dev\\focus-bonus-app\\dataconnect": could not find dataconnect.yaml in `c:\Dev\focus-bonus-app\dataconnect`
 {"metadata":{"emulator":{"name":"dataconnect"},"message":"E0718 15:18:15.465252   17492 load.go:23] Could not load config from \"c:\\\\Dev\\\\focus-bonus-app\\\\dataconnect\": could not find dataconnect.yaml in `c:\\Dev\\focus-bonus-app\\dataconnect`\n"}}
[debug] [2025-07-18T18:18:25.466Z] E0718 15:18:25.465847   17492 load.go:23] Could not load config from "c:\\Dev\\focus-bonus-app\\dataconnect": could not find dataconnect.yaml in `c:\Dev\focus-bonus-app\dataconnect`
 {"metadata":{"emulator":{"name":"dataconnect"},"message":"E0718 15:18:25.465847   17492 load.go:23] Could not load config from \"c:\\\\Dev\\\\focus-bonus-app\\\\dataconnect\": could not find dataconnect.yaml in `c:\\Dev\\focus-bonus-app\\dataconnect`\n"}}
[debug] [2025-07-18T18:18:25.467Z] E0718 15:18:25.467269   17492 watch.go:76] watchAllDir unable to walk dir `c:\Dev\focus-bonus-app\dataconnect`: on path "c:\\Dev\\focus-bonus-app\\dataconnect" (DirEntry: <nil>): CreateFile c:\Dev\focus-bonus-app\dataconnect: The system cannot find the file specified.
 {"metadata":{"emulator":{"name":"dataconnect"},"message":"E0718 15:18:25.467269   17492 watch.go:76] watchAllDir unable to walk dir `c:\\Dev\\focus-bonus-app\\dataconnect`: on path \"c:\\\\Dev\\\\focus-bonus-app\\\\dataconnect\" (DirEntry: <nil>): CreateFile c:\\Dev\\focus-bonus-app\\dataconnect: The system cannot find the file specified.\n"}}
[debug] [2025-07-18T18:18:35.465Z] E0718 15:18:35.464943   17492 load.go:23] Could not load config from "c:\\Dev\\focus-bonus-app\\dataconnect": could not find dataconnect.yaml in `c:\Dev\focus-bonus-app\dataconnect`
 {"metadata":{"emulator":{"name":"dataconnect"},"message":"E0718 15:18:35.464943   17492 load.go:23] Could not load config from \"c:\\\\Dev\\\\focus-bonus-app\\\\dataconnect\": could not find dataconnect.yaml in `c:\\Dev\\focus-bonus-app\\dataconnect`\n"}}
[debug] [2025-07-18T18:18:45.465Z] E0718 15:18:45.464793   17492 load.go:23] Could not load config from "c:\\Dev\\focus-bonus-app\\dataconnect": could not find dataconnect.yaml in `c:\Dev\focus-bonus-app\dataconnect`
 {"metadata":{"emulator":{"name":"dataconnect"},"message":"E0718 15:18:45.464793   17492 load.go:23] Could not load config from \"c:\\\\Dev\\\\focus-bonus-app\\\\dataconnect\": could not find dataconnect.yaml in `c:\\Dev\\focus-bonus-app\\dataconnect`\n"}}
[debug] [2025-07-18T18:18:55.466Z] E0718 15:18:55.465272   17492 load.go:23] Could not load config from "c:\\Dev\\focus-bonus-app\\dataconnect": could not find dataconnect.yaml in `c:\Dev\focus-bonus-app\dataconnect`
 {"metadata":{"emulator":{"name":"dataconnect"},"message":"E0718 15:18:55.465272   17492 load.go:23] Could not load config from \"c:\\\\Dev\\\\focus-bonus-app\\\\dataconnect\": could not find dataconnect.yaml in `c:\\Dev\\focus-bonus-app\\dataconnect`\n"}}
[debug] [2025-07-18T18:19:05.464Z] E0718 15:19:05.464803   17492 load.go:23] Could not load config from "c:\\Dev\\focus-bonus-app\\dataconnect": could not find dataconnect.yaml in `c:\Dev\focus-bonus-app\dataconnect`
 {"metadata":{"emulator":{"name":"dataconnect"},"message":"E0718 15:19:05.464803   17492 load.go:23] Could not load config from \"c:\\\\Dev\\\\focus-bonus-app\\\\dataconnect\": could not find dataconnect.yaml in `c:\\Dev\\focus-bonus-app\\dataconnect`\n"}}
[debug] [2025-07-18T18:19:15.466Z] E0718 15:19:15.465406   17492 load.go:23] Could not load config from "c:\\Dev\\focus-bonus-app\\dataconnect": could not find dataconnect.yaml in `c:\Dev\focus-bonus-app\dataconnect`
 {"metadata":{"emulator":{"name":"dataconnect"},"message":"E0718 15:19:15.465406   17492 load.go:23] Could not load config from \"c:\\\\Dev\\\\focus-bonus-app\\\\dataconnect\": could not find dataconnect.yaml in `c:\\Dev\\focus-bonus-app\\dataconnect`\n"}}
[debug] [2025-07-18T18:19:25.465Z] E0718 15:19:25.464668   17492 load.go:23] Could not load config from "c:\\Dev\\focus-bonus-app\\dataconnect": could not find dataconnect.yaml in `c:\Dev\focus-bonus-app\dataconnect`
 {"metadata":{"emulator":{"name":"dataconnect"},"message":"E0718 15:19:25.464668   17492 load.go:23] Could not load config from \"c:\\\\Dev\\\\focus-bonus-app\\\\dataconnect\": could not find dataconnect.yaml in `c:\\Dev\\focus-bonus-app\\dataconnect`\n"}}
[debug] [2025-07-18T18:19:35.464Z] E0718 15:19:35.464419   17492 load.go:23] Could not load config from "c:\\Dev\\focus-bonus-app\\dataconnect": could not find dataconnect.yaml in `c:\Dev\focus-bonus-app\dataconnect`
 {"metadata":{"emulator":{"name":"dataconnect"},"message":"E0718 15:19:35.464419   17492 load.go:23] Could not load config from \"c:\\\\Dev\\\\focus-bonus-app\\\\dataconnect\": could not find dataconnect.yaml in `c:\\Dev\\focus-bonus-app\\dataconnect`\n"}}
[debug] [2025-07-18T18:19:45.467Z] E0718 15:19:45.468032   17492 load.go:23] Could not load config from "c:\\Dev\\focus-bonus-app\\dataconnect": could not find dataconnect.yaml in `c:\Dev\focus-bonus-app\dataconnect`
 {"metadata":{"emulator":{"name":"dataconnect"},"message":"E0718 15:19:45.468032   17492 load.go:23] Could not load config from \"c:\\\\Dev\\\\focus-bonus-app\\\\dataconnect\": could not find dataconnect.yaml in `c:\\Dev\\focus-bonus-app\\dataconnect`\n"}}
[debug] [2025-07-18T18:19:55.465Z] E0718 15:19:55.465389   17492 load.go:23] Could not load config from "c:\\Dev\\focus-bonus-app\\dataconnect": could not find dataconnect.yaml in `c:\Dev\focus-bonus-app\dataconnect`
 {"metadata":{"emulator":{"name":"dataconnect"},"message":"E0718 15:19:55.465389   17492 load.go:23] Could not load config from \"c:\\\\Dev\\\\focus-bonus-app\\\\dataconnect\": could not find dataconnect.yaml in `c:\\Dev\\focus-bonus-app\\dataconnect`\n"}}
[debug] [2025-07-18T18:20:05.465Z] E0718 15:20:05.464857   17492 load.go:23] Could not load config from "c:\\Dev\\focus-bonus-app\\dataconnect": could not find dataconnect.yaml in `c:\Dev\focus-bonus-app\dataconnect`
 {"metadata":{"emulator":{"name":"dataconnect"},"message":"E0718 15:20:05.464857   17492 load.go:23] Could not load config from \"c:\\\\Dev\\\\focus-bonus-app\\\\dataconnect\": could not find dataconnect.yaml in `c:\\Dev\\focus-bonus-app\\dataconnect`\n"}}
[debug] [2025-07-18T18:20:15.465Z] E0718 15:20:15.464772   17492 load.go:23] Could not load config from "c:\\Dev\\focus-bonus-app\\dataconnect": could not find dataconnect.yaml in `c:\Dev\focus-bonus-app\dataconnect`
 {"metadata":{"emulator":{"name":"dataconnect"},"message":"E0718 15:20:15.464772   17492 load.go:23] Could not load config from \"c:\\\\Dev\\\\focus-bonus-app\\\\dataconnect\": could not find dataconnect.yaml in `c:\\Dev\\focus-bonus-app\\dataconnect`\n"}}
[debug] [2025-07-18T18:20:25.465Z] E0718 15:20:25.464401   17492 load.go:23] Could not load config from "c:\\Dev\\focus-bonus-app\\dataconnect": could not find dataconnect.yaml in `c:\Dev\focus-bonus-app\dataconnect`
 {"metadata":{"emulator":{"name":"dataconnect"},"message":"E0718 15:20:25.464401   17492 load.go:23] Could not load config from \"c:\\\\Dev\\\\focus-bonus-app\\\\dataconnect\": could not find dataconnect.yaml in `c:\\Dev\\focus-bonus-app\\dataconnect`\n"}}
[debug] [2025-07-18T18:20:25.466Z] E0718 15:20:25.466793   17492 watch.go:76] watchAllDir unable to walk dir `c:\Dev\focus-bonus-app\dataconnect`: on path "c:\\Dev\\focus-bonus-app\\dataconnect" (DirEntry: <nil>): CreateFile c:\Dev\focus-bonus-app\dataconnect: The system cannot find the file specified.
 {"metadata":{"emulator":{"name":"dataconnect"},"message":"E0718 15:20:25.466793   17492 watch.go:76] watchAllDir unable to walk dir `c:\\Dev\\focus-bonus-app\\dataconnect`: on path \"c:\\\\Dev\\\\focus-bonus-app\\\\dataconnect\" (DirEntry: <nil>): CreateFile c:\\Dev\\focus-bonus-app\\dataconnect: The system cannot find the file specified.\n"}}
[debug] [2025-07-18T18:20:35.464Z] E0718 15:20:35.464658   17492 load.go:23] Could not load config from "c:\\Dev\\focus-bonus-app\\dataconnect": could not find dataconnect.yaml in `c:\Dev\focus-bonus-app\dataconnect`
 {"metadata":{"emulator":{"name":"dataconnect"},"message":"E0718 15:20:35.464658   17492 load.go:23] Could not load config from \"c:\\\\Dev\\\\focus-bonus-app\\\\dataconnect\": could not find dataconnect.yaml in `c:\\Dev\\focus-bonus-app\\dataconnect`\n"}}
[debug] [2025-07-18T18:20:45.465Z] E0718 15:20:45.464400   17492 load.go:23] Could not load config from "c:\\Dev\\focus-bonus-app\\dataconnect": could not find dataconnect.yaml in `c:\Dev\focus-bonus-app\dataconnect`
 {"metadata":{"emulator":{"name":"dataconnect"},"message":"E0718 15:20:45.464400   17492 load.go:23] Could not load config from \"c:\\\\Dev\\\\focus-bonus-app\\\\dataconnect\": could not find dataconnect.yaml in `c:\\Dev\\focus-bonus-app\\dataconnect`\n"}}
[debug] [2025-07-18T18:20:55.465Z] E0718 15:20:55.464409   17492 load.go:23] Could not load config from "c:\\Dev\\focus-bonus-app\\dataconnect": could not find dataconnect.yaml in `c:\Dev\focus-bonus-app\dataconnect`
 {"metadata":{"emulator":{"name":"dataconnect"},"message":"E0718 15:20:55.464409   17492 load.go:23] Could not load config from \"c:\\\\Dev\\\\focus-bonus-app\\\\dataconnect\": could not find dataconnect.yaml in `c:\\Dev\\focus-bonus-app\\dataconnect`\n"}}
[debug] [2025-07-18T18:21:05.464Z] E0718 15:21:05.464860   17492 load.go:23] Could not load config from "c:\\Dev\\focus-bonus-app\\dataconnect": could not find dataconnect.yaml in `c:\Dev\focus-bonus-app\dataconnect`
 {"metadata":{"emulator":{"name":"dataconnect"},"message":"E0718 15:21:05.464860   17492 load.go:23] Could not load config from \"c:\\\\Dev\\\\focus-bonus-app\\\\dataconnect\": could not find dataconnect.yaml in `c:\\Dev\\focus-bonus-app\\dataconnect`\n"}}
[debug] [2025-07-18T18:21:15.465Z] E0718 15:21:15.464484   17492 load.go:23] Could not load config from "c:\\Dev\\focus-bonus-app\\dataconnect": could not find dataconnect.yaml in `c:\Dev\focus-bonus-app\dataconnect`
 {"metadata":{"emulator":{"name":"dataconnect"},"message":"E0718 15:21:15.464484   17492 load.go:23] Could not load config from \"c:\\\\Dev\\\\focus-bonus-app\\\\dataconnect\": could not find dataconnect.yaml in `c:\\Dev\\focus-bonus-app\\dataconnect`\n"}}
[debug] [2025-07-18T18:21:25.465Z] E0718 15:21:25.464443   17492 load.go:23] Could not load config from "c:\\Dev\\focus-bonus-app\\dataconnect": could not find dataconnect.yaml in `c:\Dev\focus-bonus-app\dataconnect`
 {"metadata":{"emulator":{"name":"dataconnect"},"message":"E0718 15:21:25.464443   17492 load.go:23] Could not load config from \"c:\\\\Dev\\\\focus-bonus-app\\\\dataconnect\": could not find dataconnect.yaml in `c:\\Dev\\focus-bonus-app\\dataconnect`\n"}}
[debug] [2025-07-18T18:21:35.465Z] E0718 15:21:35.465043   17492 load.go:23] Could not load config from "c:\\Dev\\focus-bonus-app\\dataconnect": could not find dataconnect.yaml in `c:\Dev\focus-bonus-app\dataconnect`
 {"metadata":{"emulator":{"name":"dataconnect"},"message":"E0718 15:21:35.465043   17492 load.go:23] Could not load config from \"c:\\\\Dev\\\\focus-bonus-app\\\\dataconnect\": could not find dataconnect.yaml in `c:\\Dev\\focus-bonus-app\\dataconnect`\n"}}
[debug] [2025-07-18T18:21:45.465Z] E0718 15:21:45.464881   17492 load.go:23] Could not load config from "c:\\Dev\\focus-bonus-app\\dataconnect": could not find dataconnect.yaml in `c:\Dev\focus-bonus-app\dataconnect`
 {"metadata":{"emulator":{"name":"dataconnect"},"message":"E0718 15:21:45.464881   17492 load.go:23] Could not load config from \"c:\\\\Dev\\\\focus-bonus-app\\\\dataconnect\": could not find dataconnect.yaml in `c:\\Dev\\focus-bonus-app\\dataconnect`\n"}}
[debug] [2025-07-18T18:21:55.465Z] E0718 15:21:55.464520   17492 load.go:23] Could not load config from "c:\\Dev\\focus-bonus-app\\dataconnect": could not find dataconnect.yaml in `c:\Dev\focus-bonus-app\dataconnect`
 {"metadata":{"emulator":{"name":"dataconnect"},"message":"E0718 15:21:55.464520   17492 load.go:23] Could not load config from \"c:\\\\Dev\\\\focus-bonus-app\\\\dataconnect\": could not find dataconnect.yaml in `c:\\Dev\\focus-bonus-app\\dataconnect`\n"}}
[debug] [2025-07-18T18:22:05.464Z] E0718 15:22:05.464354   17492 load.go:23] Could not load config from "c:\\Dev\\focus-bonus-app\\dataconnect": could not find dataconnect.yaml in `c:\Dev\focus-bonus-app\dataconnect`
 {"metadata":{"emulator":{"name":"dataconnect"},"message":"E0718 15:22:05.464354   17492 load.go:23] Could not load config from \"c:\\\\Dev\\\\focus-bonus-app\\\\dataconnect\": could not find dataconnect.yaml in `c:\\Dev\\focus-bonus-app\\dataconnect`\n"}}
[debug] [2025-07-18T18:22:15.464Z] E0718 15:22:15.464628   17492 load.go:23] Could not load config from "c:\\Dev\\focus-bonus-app\\dataconnect": could not find dataconnect.yaml in `c:\Dev\focus-bonus-app\dataconnect`
 {"metadata":{"emulator":{"name":"dataconnect"},"message":"E0718 15:22:15.464628   17492 load.go:23] Could not load config from \"c:\\\\Dev\\\\focus-bonus-app\\\\dataconnect\": could not find dataconnect.yaml in `c:\\Dev\\focus-bonus-app\\dataconnect`\n"}}
[debug] [2025-07-18T18:22:25.465Z] E0718 15:22:25.464411   17492 load.go:23] Could not load config from "c:\\Dev\\focus-bonus-app\\dataconnect": could not find dataconnect.yaml in `c:\Dev\focus-bonus-app\dataconnect`
 {"metadata":{"emulator":{"name":"dataconnect"},"message":"E0718 15:22:25.464411   17492 load.go:23] Could not load config from \"c:\\\\Dev\\\\focus-bonus-app\\\\dataconnect\": could not find dataconnect.yaml in `c:\\Dev\\focus-bonus-app\\dataconnect`\n"}}
[debug] [2025-07-18T18:22:25.467Z] E0718 15:22:25.466453   17492 watch.go:76] watchAllDir unable to walk dir `c:\Dev\focus-bonus-app\dataconnect`: on path "c:\\Dev\\focus-bonus-app\\dataconnect" (DirEntry: <nil>): CreateFile c:\Dev\focus-bonus-app\dataconnect: The system cannot find the file specified.
 {"metadata":{"emulator":{"name":"dataconnect"},"message":"E0718 15:22:25.466453   17492 watch.go:76] watchAllDir unable to walk dir `c:\\Dev\\focus-bonus-app\\dataconnect`: on path \"c:\\\\Dev\\\\focus-bonus-app\\\\dataconnect\" (DirEntry: <nil>): CreateFile c:\\Dev\\focus-bonus-app\\dataconnect: The system cannot find the file specified.\n"}}
[debug] [2025-07-18T18:22:35.464Z] E0718 15:22:35.464268   17492 load.go:23] Could not load config from "c:\\Dev\\focus-bonus-app\\dataconnect": could not find dataconnect.yaml in `c:\Dev\focus-bonus-app\dataconnect`
 {"metadata":{"emulator":{"name":"dataconnect"},"message":"E0718 15:22:35.464268   17492 load.go:23] Could not load config from \"c:\\\\Dev\\\\focus-bonus-app\\\\dataconnect\": could not find dataconnect.yaml in `c:\\Dev\\focus-bonus-app\\dataconnect`\n"}}
[debug] [2025-07-18T18:22:45.464Z] E0718 15:22:45.464558   17492 load.go:23] Could not load config from "c:\\Dev\\focus-bonus-app\\dataconnect": could not find dataconnect.yaml in `c:\Dev\focus-bonus-app\dataconnect`
 {"metadata":{"emulator":{"name":"dataconnect"},"message":"E0718 15:22:45.464558   17492 load.go:23] Could not load config from \"c:\\\\Dev\\\\focus-bonus-app\\\\dataconnect\": could not find dataconnect.yaml in `c:\\Dev\\focus-bonus-app\\dataconnect`\n"}}
[debug] [2025-07-18T18:22:55.466Z] E0718 15:22:55.465282   17492 load.go:23] Could not load config from "c:\\Dev\\focus-bonus-app\\dataconnect": could not find dataconnect.yaml in `c:\Dev\focus-bonus-app\dataconnect`
 {"metadata":{"emulator":{"name":"dataconnect"},"message":"E0718 15:22:55.465282   17492 load.go:23] Could not load config from \"c:\\\\Dev\\\\focus-bonus-app\\\\dataconnect\": could not find dataconnect.yaml in `c:\\Dev\\focus-bonus-app\\dataconnect`\n"}}
[debug] [2025-07-18T18:23:05.465Z] E0718 15:23:05.464899   17492 load.go:23] Could not load config from "c:\\Dev\\focus-bonus-app\\dataconnect": could not find dataconnect.yaml in `c:\Dev\focus-bonus-app\dataconnect`
 {"metadata":{"emulator":{"name":"dataconnect"},"message":"E0718 15:23:05.464899   17492 load.go:23] Could not load config from \"c:\\\\Dev\\\\focus-bonus-app\\\\dataconnect\": could not find dataconnect.yaml in `c:\\Dev\\focus-bonus-app\\dataconnect`\n"}}
[debug] [2025-07-18T18:23:15.465Z] E0718 15:23:15.464945   17492 load.go:23] Could not load config from "c:\\Dev\\focus-bonus-app\\dataconnect": could not find dataconnect.yaml in `c:\Dev\focus-bonus-app\dataconnect`
 {"metadata":{"emulator":{"name":"dataconnect"},"message":"E0718 15:23:15.464945   17492 load.go:23] Could not load config from \"c:\\\\Dev\\\\focus-bonus-app\\\\dataconnect\": could not find dataconnect.yaml in `c:\\Dev\\focus-bonus-app\\dataconnect`\n"}}
[debug] [2025-07-18T18:23:25.465Z] E0718 15:23:25.464862   17492 load.go:23] Could not load config from "c:\\Dev\\focus-bonus-app\\dataconnect": could not find dataconnect.yaml in `c:\Dev\focus-bonus-app\dataconnect`
 {"metadata":{"emulator":{"name":"dataconnect"},"message":"E0718 15:23:25.464862   17492 load.go:23] Could not load config from \"c:\\\\Dev\\\\focus-bonus-app\\\\dataconnect\": could not find dataconnect.yaml in `c:\\Dev\\focus-bonus-app\\dataconnect`\n"}}
[debug] [2025-07-18T18:23:35.464Z] E0718 15:23:35.464688   17492 load.go:23] Could not load config from "c:\\Dev\\focus-bonus-app\\dataconnect": could not find dataconnect.yaml in `c:\Dev\focus-bonus-app\dataconnect`
 {"metadata":{"emulator":{"name":"dataconnect"},"message":"E0718 15:23:35.464688   17492 load.go:23] Could not load config from \"c:\\\\Dev\\\\focus-bonus-app\\\\dataconnect\": could not find dataconnect.yaml in `c:\\Dev\\focus-bonus-app\\dataconnect`\n"}}
[debug] [2025-07-18T18:23:45.464Z] E0718 15:23:45.464829   17492 load.go:23] Could not load config from "c:\\Dev\\focus-bonus-app\\dataconnect": could not find dataconnect.yaml in `c:\Dev\focus-bonus-app\dataconnect`
 {"metadata":{"emulator":{"name":"dataconnect"},"message":"E0718 15:23:45.464829   17492 load.go:23] Could not load config from \"c:\\\\Dev\\\\focus-bonus-app\\\\dataconnect\": could not find dataconnect.yaml in `c:\\Dev\\focus-bonus-app\\dataconnect`\n"}}
[debug] [2025-07-18T18:23:55.469Z] E0718 15:23:55.469863   17492 load.go:23] Could not load config from "c:\\Dev\\focus-bonus-app\\dataconnect": could not find dataconnect.yaml in `c:\Dev\focus-bonus-app\dataconnect`
 {"metadata":{"emulator":{"name":"dataconnect"},"message":"E0718 15:23:55.469863   17492 load.go:23] Could not load config from \"c:\\\\Dev\\\\focus-bonus-app\\\\dataconnect\": could not find dataconnect.yaml in `c:\\Dev\\focus-bonus-app\\dataconnect`\n"}}
[debug] [2025-07-18T18:24:05.463Z] E0718 15:24:05.464152   17492 load.go:23] Could not load config from "c:\\Dev\\focus-bonus-app\\dataconnect": could not find dataconnect.yaml in `c:\Dev\focus-bonus-app\dataconnect`
 {"metadata":{"emulator":{"name":"dataconnect"},"message":"E0718 15:24:05.464152   17492 load.go:23] Could not load config from \"c:\\\\Dev\\\\focus-bonus-app\\\\dataconnect\": could not find dataconnect.yaml in `c:\\Dev\\focus-bonus-app\\dataconnect`\n"}}
[debug] [2025-07-18T18:24:15.464Z] E0718 15:24:15.464690   17492 load.go:23] Could not load config from "c:\\Dev\\focus-bonus-app\\dataconnect": could not find dataconnect.yaml in `c:\Dev\focus-bonus-app\dataconnect`
 {"metadata":{"emulator":{"name":"dataconnect"},"message":"E0718 15:24:15.464690   17492 load.go:23] Could not load config from \"c:\\\\Dev\\\\focus-bonus-app\\\\dataconnect\": could not find dataconnect.yaml in `c:\\Dev\\focus-bonus-app\\dataconnect`\n"}}
[debug] [2025-07-18T18:24:25.464Z] E0718 15:24:25.464755   17492 load.go:23] Could not load config from "c:\\Dev\\focus-bonus-app\\dataconnect": could not find dataconnect.yaml in `c:\Dev\focus-bonus-app\dataconnect`
E0718 15:24:25.464755   17492 watch.go:76] watchAllDir unable to walk dir `c:\Dev\focus-bonus-app\dataconnect`: on path "c:\\Dev\\focus-bonus-app\\dataconnect" (DirEntry: <nil>): CreateFile c:\Dev\focus-bonus-app\dataconnect: The system cannot find the file specified.
 {"metadata":{"emulator":{"name":"dataconnect"},"message":"E0718 15:24:25.464755   17492 load.go:23] Could not load config from \"c:\\\\Dev\\\\focus-bonus-app\\\\dataconnect\": could not find dataconnect.yaml in `c:\\Dev\\focus-bonus-app\\dataconnect`\nE0718 15:24:25.464755   17492 watch.go:76] watchAllDir unable to walk dir `c:\\Dev\\focus-bonus-app\\dataconnect`: on path \"c:\\\\Dev\\\\focus-bonus-app\\\\dataconnect\" (DirEntry: <nil>): CreateFile c:\\Dev\\focus-bonus-app\\dataconnect: The system cannot find the file specified.\n"}}
[debug] [2025-07-18T18:24:35.464Z] E0718 15:24:35.464629   17492 load.go:23] Could not load config from "c:\\Dev\\focus-bonus-app\\dataconnect": could not find dataconnect.yaml in `c:\Dev\focus-bonus-app\dataconnect`
 {"metadata":{"emulator":{"name":"dataconnect"},"message":"E0718 15:24:35.464629   17492 load.go:23] Could not load config from \"c:\\\\Dev\\\\focus-bonus-app\\\\dataconnect\": could not find dataconnect.yaml in `c:\\Dev\\focus-bonus-app\\dataconnect`\n"}}
[debug] [2025-07-18T18:24:45.464Z] E0718 15:24:45.464428   17492 load.go:23] Could not load config from "c:\\Dev\\focus-bonus-app\\dataconnect": could not find dataconnect.yaml in `c:\Dev\focus-bonus-app\dataconnect`
 {"metadata":{"emulator":{"name":"dataconnect"},"message":"E0718 15:24:45.464428   17492 load.go:23] Could not load config from \"c:\\\\Dev\\\\focus-bonus-app\\\\dataconnect\": could not find dataconnect.yaml in `c:\\Dev\\focus-bonus-app\\dataconnect`\n"}}
[debug] [2025-07-18T18:24:55.465Z] E0718 15:24:55.464697   17492 load.go:23] Could not load config from "c:\\Dev\\focus-bonus-app\\dataconnect": could not find dataconnect.yaml in `c:\Dev\focus-bonus-app\dataconnect`
 {"metadata":{"emulator":{"name":"dataconnect"},"message":"E0718 15:24:55.464697   17492 load.go:23] Could not load config from \"c:\\\\Dev\\\\focus-bonus-app\\\\dataconnect\": could not find dataconnect.yaml in `c:\\Dev\\focus-bonus-app\\dataconnect`\n"}}
[debug] [2025-07-18T18:25:05.465Z] E0718 15:25:05.465152   17492 load.go:23] Could not load config from "c:\\Dev\\focus-bonus-app\\dataconnect": could not find dataconnect.yaml in `c:\Dev\focus-bonus-app\dataconnect`
 {"metadata":{"emulator":{"name":"dataconnect"},"message":"E0718 15:25:05.465152   17492 load.go:23] Could not load config from \"c:\\\\Dev\\\\focus-bonus-app\\\\dataconnect\": could not find dataconnect.yaml in `c:\\Dev\\focus-bonus-app\\dataconnect`\n"}}
[debug] [2025-07-18T18:25:15.465Z] E0718 15:25:15.464889   17492 load.go:23] Could not load config from "c:\\Dev\\focus-bonus-app\\dataconnect": could not find dataconnect.yaml in `c:\Dev\focus-bonus-app\dataconnect`
 {"metadata":{"emulator":{"name":"dataconnect"},"message":"E0718 15:25:15.464889   17492 load.go:23] Could not load config from \"c:\\\\Dev\\\\focus-bonus-app\\\\dataconnect\": could not find dataconnect.yaml in `c:\\Dev\\focus-bonus-app\\dataconnect`\n"}}
[debug] [2025-07-18T18:25:25.465Z] E0718 15:25:25.464711   17492 load.go:23] Could not load config from "c:\\Dev\\focus-bonus-app\\dataconnect": could not find dataconnect.yaml in `c:\Dev\focus-bonus-app\dataconnect`
 {"metadata":{"emulator":{"name":"dataconnect"},"message":"E0718 15:25:25.464711   17492 load.go:23] Could not load config from \"c:\\\\Dev\\\\focus-bonus-app\\\\dataconnect\": could not find dataconnect.yaml in `c:\\Dev\\focus-bonus-app\\dataconnect`\n"}}
[debug] [2025-07-18T18:25:35.464Z] E0718 15:25:35.464716   17492 load.go:23] Could not load config from "c:\\Dev\\focus-bonus-app\\dataconnect": could not find dataconnect.yaml in `c:\Dev\focus-bonus-app\dataconnect`
 {"metadata":{"emulator":{"name":"dataconnect"},"message":"E0718 15:25:35.464716   17492 load.go:23] Could not load config from \"c:\\\\Dev\\\\focus-bonus-app\\\\dataconnect\": could not find dataconnect.yaml in `c:\\Dev\\focus-bonus-app\\dataconnect`\n"}}
[debug] [2025-07-18T18:25:45.464Z] E0718 15:25:45.464835   17492 load.go:23] Could not load config from "c:\\Dev\\focus-bonus-app\\dataconnect": could not find dataconnect.yaml in `c:\Dev\focus-bonus-app\dataconnect`
 {"metadata":{"emulator":{"name":"dataconnect"},"message":"E0718 15:25:45.464835   17492 load.go:23] Could not load config from \"c:\\\\Dev\\\\focus-bonus-app\\\\dataconnect\": could not find dataconnect.yaml in `c:\\Dev\\focus-bonus-app\\dataconnect`\n"}}
[debug] [2025-07-18T18:25:55.466Z] E0718 15:25:55.466528   17492 load.go:23] Could not load config from "c:\\Dev\\focus-bonus-app\\dataconnect": could not find dataconnect.yaml in `c:\Dev\focus-bonus-app\dataconnect`
 {"metadata":{"emulator":{"name":"dataconnect"},"message":"E0718 15:25:55.466528   17492 load.go:23] Could not load config from \"c:\\\\Dev\\\\focus-bonus-app\\\\dataconnect\": could not find dataconnect.yaml in `c:\\Dev\\focus-bonus-app\\dataconnect`\n"}}
[debug] [2025-07-18T18:26:05.466Z] E0718 15:26:05.466595   17492 load.go:23] Could not load config from "c:\\Dev\\focus-bonus-app\\dataconnect": could not find dataconnect.yaml in `c:\Dev\focus-bonus-app\dataconnect`
 {"metadata":{"emulator":{"name":"dataconnect"},"message":"E0718 15:26:05.466595   17492 load.go:23] Could not load config from \"c:\\\\Dev\\\\focus-bonus-app\\\\dataconnect\": could not find dataconnect.yaml in `c:\\Dev\\focus-bonus-app\\dataconnect`\n"}}
[debug] [2025-07-18T18:26:15.464Z] E0718 15:26:15.464636   17492 load.go:23] Could not load config from "c:\\Dev\\focus-bonus-app\\dataconnect": could not find dataconnect.yaml in `c:\Dev\focus-bonus-app\dataconnect`
 {"metadata":{"emulator":{"name":"dataconnect"},"message":"E0718 15:26:15.464636   17492 load.go:23] Could not load config from \"c:\\\\Dev\\\\focus-bonus-app\\\\dataconnect\": could not find dataconnect.yaml in `c:\\Dev\\focus-bonus-app\\dataconnect`\n"}}
[debug] [2025-07-18T18:46:38.928Z] E0718 15:46:38.926601   17492 load.go:23] Could not load config from "c:\\Dev\\focus-bonus-app\\dataconnect": could not find dataconnect.yaml in `c:\Dev\focus-bonus-app\dataconnect`
E0718 15:46:38.928042   17492 watch.go:76] watchAllDir unable to walk dir `c:\Dev\focus-bonus-app\dataconnect`: on path "c:\\Dev\\focus-bonus-app\\dataconnect" (DirEntry: <nil>): CreateFile c:\Dev\focus-bonus-app\dataconnect: The system cannot find the file specified.
 {"metadata":{"emulator":{"name":"dataconnect"},"message":"E0718 15:46:38.926601   17492 load.go:23] Could not load config from \"c:\\\\Dev\\\\focus-bonus-app\\\\dataconnect\": could not find dataconnect.yaml in `c:\\Dev\\focus-bonus-app\\dataconnect`\nE0718 15:46:38.928042   17492 watch.go:76] watchAllDir unable to walk dir `c:\\Dev\\focus-bonus-app\\dataconnect`: on path \"c:\\\\Dev\\\\focus-bonus-app\\\\dataconnect\" (DirEntry: <nil>): CreateFile c:\\Dev\\focus-bonus-app\\dataconnect: The system cannot find the file specified.\n"}}
[debug] [2025-07-18T18:46:45.466Z] E0718 15:46:45.465104   17492 load.go:23] Could not load config from "c:\\Dev\\focus-bonus-app\\dataconnect": could not find dataconnect.yaml in `c:\Dev\focus-bonus-app\dataconnect`
 {"metadata":{"emulator":{"name":"dataconnect"},"message":"E0718 15:46:45.465104   17492 load.go:23] Could not load config from \"c:\\\\Dev\\\\focus-bonus-app\\\\dataconnect\": could not find dataconnect.yaml in `c:\\Dev\\focus-bonus-app\\dataconnect`\n"}}
[debug] [2025-07-18T18:46:55.465Z] E0718 15:46:55.464445   17492 load.go:23] Could not load config from "c:\\Dev\\focus-bonus-app\\dataconnect": could not find dataconnect.yaml in `c:\Dev\focus-bonus-app\dataconnect`
 {"metadata":{"emulator":{"name":"dataconnect"},"message":"E0718 15:46:55.464445   17492 load.go:23] Could not load config from \"c:\\\\Dev\\\\focus-bonus-app\\\\dataconnect\": could not find dataconnect.yaml in `c:\\Dev\\focus-bonus-app\\dataconnect`\n"}}
[debug] [2025-07-18T18:47:05.465Z] E0718 15:47:05.464960   17492 load.go:23] Could not load config from "c:\\Dev\\focus-bonus-app\\dataconnect": could not find dataconnect.yaml in `c:\Dev\focus-bonus-app\dataconnect`
 {"metadata":{"emulator":{"name":"dataconnect"},"message":"E0718 15:47:05.464960   17492 load.go:23] Could not load config from \"c:\\\\Dev\\\\focus-bonus-app\\\\dataconnect\": could not find dataconnect.yaml in `c:\\Dev\\focus-bonus-app\\dataconnect`\n"}}
[debug] [2025-07-18T18:47:15.464Z] E0718 15:47:15.464442   17492 load.go:23] Could not load config from "c:\\Dev\\focus-bonus-app\\dataconnect": could not find dataconnect.yaml in `c:\Dev\focus-bonus-app\dataconnect`
 {"metadata":{"emulator":{"name":"dataconnect"},"message":"E0718 15:47:15.464442   17492 load.go:23] Could not load config from \"c:\\\\Dev\\\\focus-bonus-app\\\\dataconnect\": could not find dataconnect.yaml in `c:\\Dev\\focus-bonus-app\\dataconnect`\n"}}
[debug] [2025-07-18T18:47:25.465Z] E0718 15:47:25.464293   17492 load.go:23] Could not load config from "c:\\Dev\\focus-bonus-app\\dataconnect": could not find dataconnect.yaml in `c:\Dev\focus-bonus-app\dataconnect`
 {"metadata":{"emulator":{"name":"dataconnect"},"message":"E0718 15:47:25.464293   17492 load.go:23] Could not load config from \"c:\\\\Dev\\\\focus-bonus-app\\\\dataconnect\": could not find dataconnect.yaml in `c:\\Dev\\focus-bonus-app\\dataconnect`\n"}}
[debug] [2025-07-18T18:47:35.465Z] E0718 15:47:35.465229   17492 load.go:23] Could not load config from "c:\\Dev\\focus-bonus-app\\dataconnect": could not find dataconnect.yaml in `c:\Dev\focus-bonus-app\dataconnect`
 {"metadata":{"emulator":{"name":"dataconnect"},"message":"E0718 15:47:35.465229   17492 load.go:23] Could not load config from \"c:\\\\Dev\\\\focus-bonus-app\\\\dataconnect\": could not find dataconnect.yaml in `c:\\Dev\\focus-bonus-app\\dataconnect`\n"}}
[debug] [2025-07-18T18:47:45.464Z] E0718 15:47:45.464541   17492 load.go:23] Could not load config from "c:\\Dev\\focus-bonus-app\\dataconnect": could not find dataconnect.yaml in `c:\Dev\focus-bonus-app\dataconnect`
 {"metadata":{"emulator":{"name":"dataconnect"},"message":"E0718 15:47:45.464541   17492 load.go:23] Could not load config from \"c:\\\\Dev\\\\focus-bonus-app\\\\dataconnect\": could not find dataconnect.yaml in `c:\\Dev\\focus-bonus-app\\dataconnect`\n"}}
[debug] [2025-07-18T18:47:55.464Z] E0718 15:47:55.464497   17492 load.go:23] Could not load config from "c:\\Dev\\focus-bonus-app\\dataconnect": could not find dataconnect.yaml in `c:\Dev\focus-bonus-app\dataconnect`
 {"metadata":{"emulator":{"name":"dataconnect"},"message":"E0718 15:47:55.464497   17492 load.go:23] Could not load config from \"c:\\\\Dev\\\\focus-bonus-app\\\\dataconnect\": could not find dataconnect.yaml in `c:\\Dev\\focus-bonus-app\\dataconnect`\n"}}
[debug] [2025-07-18T18:48:05.465Z] E0718 15:48:05.464897   17492 load.go:23] Could not load config from "c:\\Dev\\focus-bonus-app\\dataconnect": could not find dataconnect.yaml in `c:\Dev\focus-bonus-app\dataconnect`
 {"metadata":{"emulator":{"name":"dataconnect"},"message":"E0718 15:48:05.464897   17492 load.go:23] Could not load config from \"c:\\\\Dev\\\\focus-bonus-app\\\\dataconnect\": could not find dataconnect.yaml in `c:\\Dev\\focus-bonus-app\\dataconnect`\n"}}
[debug] [2025-07-18T18:48:15.465Z] E0718 15:48:15.464523   17492 load.go:23] Could not load config from "c:\\Dev\\focus-bonus-app\\dataconnect": could not find dataconnect.yaml in `c:\Dev\focus-bonus-app\dataconnect`
 {"metadata":{"emulator":{"name":"dataconnect"},"message":"E0718 15:48:15.464523   17492 load.go:23] Could not load config from \"c:\\\\Dev\\\\focus-bonus-app\\\\dataconnect\": could not find dataconnect.yaml in `c:\\Dev\\focus-bonus-app\\dataconnect`\n"}}
[debug] [2025-07-18T18:48:25.464Z] E0718 15:48:25.464722   17492 load.go:23] Could not load config from "c:\\Dev\\focus-bonus-app\\dataconnect": could not find dataconnect.yaml in `c:\Dev\focus-bonus-app\dataconnect`
E0718 15:48:25.464722   17492 watch.go:76] watchAllDir unable to walk dir `c:\Dev\focus-bonus-app\dataconnect`: on path "c:\\Dev\\focus-bonus-app\\dataconnect" (DirEntry: <nil>): CreateFile c:\Dev\focus-bonus-app\dataconnect: The system cannot find the file specified.
 {"metadata":{"emulator":{"name":"dataconnect"},"message":"E0718 15:48:25.464722   17492 load.go:23] Could not load config from \"c:\\\\Dev\\\\focus-bonus-app\\\\dataconnect\": could not find dataconnect.yaml in `c:\\Dev\\focus-bonus-app\\dataconnect`\nE0718 15:48:25.464722   17492 watch.go:76] watchAllDir unable to walk dir `c:\\Dev\\focus-bonus-app\\dataconnect`: on path \"c:\\\\Dev\\\\focus-bonus-app\\\\dataconnect\" (DirEntry: <nil>): CreateFile c:\\Dev\\focus-bonus-app\\dataconnect: The system cannot find the file specified.\n"}}
[debug] [2025-07-18T18:48:35.465Z] E0718 15:48:35.464964   17492 load.go:23] Could not load config from "c:\\Dev\\focus-bonus-app\\dataconnect": could not find dataconnect.yaml in `c:\Dev\focus-bonus-app\dataconnect`
 {"metadata":{"emulator":{"name":"dataconnect"},"message":"E0718 15:48:35.464964   17492 load.go:23] Could not load config from \"c:\\\\Dev\\\\focus-bonus-app\\\\dataconnect\": could not find dataconnect.yaml in `c:\\Dev\\focus-bonus-app\\dataconnect`\n"}}
[debug] [2025-07-18T18:48:45.466Z] E0718 15:48:45.465379   17492 load.go:23] Could not load config from "c:\\Dev\\focus-bonus-app\\dataconnect": could not find dataconnect.yaml in `c:\Dev\focus-bonus-app\dataconnect`
 {"metadata":{"emulator":{"name":"dataconnect"},"message":"E0718 15:48:45.465379   17492 load.go:23] Could not load config from \"c:\\\\Dev\\\\focus-bonus-app\\\\dataconnect\": could not find dataconnect.yaml in `c:\\Dev\\focus-bonus-app\\dataconnect`\n"}}
[debug] [2025-07-18T18:48:55.464Z] E0718 15:48:55.464432   17492 load.go:23] Could not load config from "c:\\Dev\\focus-bonus-app\\dataconnect": could not find dataconnect.yaml in `c:\Dev\focus-bonus-app\dataconnect`
 {"metadata":{"emulator":{"name":"dataconnect"},"message":"E0718 15:48:55.464432   17492 load.go:23] Could not load config from \"c:\\\\Dev\\\\focus-bonus-app\\\\dataconnect\": could not find dataconnect.yaml in `c:\\Dev\\focus-bonus-app\\dataconnect`\n"}}
[debug] [2025-07-18T18:49:05.464Z] E0718 15:49:05.464455   17492 load.go:23] Could not load config from "c:\\Dev\\focus-bonus-app\\dataconnect": could not find dataconnect.yaml in `c:\Dev\focus-bonus-app\dataconnect`
 {"metadata":{"emulator":{"name":"dataconnect"},"message":"E0718 15:49:05.464455   17492 load.go:23] Could not load config from \"c:\\\\Dev\\\\focus-bonus-app\\\\dataconnect\": could not find dataconnect.yaml in `c:\\Dev\\focus-bonus-app\\dataconnect`\n"}}
[debug] [2025-07-18T18:49:15.464Z] E0718 15:49:15.464267   17492 load.go:23] Could not load config from "c:\\Dev\\focus-bonus-app\\dataconnect": could not find dataconnect.yaml in `c:\Dev\focus-bonus-app\dataconnect`
 {"metadata":{"emulator":{"name":"dataconnect"},"message":"E0718 15:49:15.464267   17492 load.go:23] Could not load config from \"c:\\\\Dev\\\\focus-bonus-app\\\\dataconnect\": could not find dataconnect.yaml in `c:\\Dev\\focus-bonus-app\\dataconnect`\n"}}
[debug] [2025-07-18T18:49:25.464Z] E0718 15:49:25.464556   17492 load.go:23] Could not load config from "c:\\Dev\\focus-bonus-app\\dataconnect": could not find dataconnect.yaml in `c:\Dev\focus-bonus-app\dataconnect`
 {"metadata":{"emulator":{"name":"dataconnect"},"message":"E0718 15:49:25.464556   17492 load.go:23] Could not load config from \"c:\\\\Dev\\\\focus-bonus-app\\\\dataconnect\": could not find dataconnect.yaml in `c:\\Dev\\focus-bonus-app\\dataconnect`\n"}}
[debug] [2025-07-18T18:49:35.465Z] E0718 15:49:35.464523   17492 load.go:23] Could not load config from "c:\\Dev\\focus-bonus-app\\dataconnect": could not find dataconnect.yaml in `c:\Dev\focus-bonus-app\dataconnect`
 {"metadata":{"emulator":{"name":"dataconnect"},"message":"E0718 15:49:35.464523   17492 load.go:23] Could not load config from \"c:\\\\Dev\\\\focus-bonus-app\\\\dataconnect\": could not find dataconnect.yaml in `c:\\Dev\\focus-bonus-app\\dataconnect`\n"}}
[debug] [2025-07-18T18:49:45.465Z] E0718 15:49:45.464545   17492 load.go:23] Could not load config from "c:\\Dev\\focus-bonus-app\\dataconnect": could not find dataconnect.yaml in `c:\Dev\focus-bonus-app\dataconnect`
 {"metadata":{"emulator":{"name":"dataconnect"},"message":"E0718 15:49:45.464545   17492 load.go:23] Could not load config from \"c:\\\\Dev\\\\focus-bonus-app\\\\dataconnect\": could not find dataconnect.yaml in `c:\\Dev\\focus-bonus-app\\dataconnect`\n"}}
[debug] [2025-07-18T18:49:55.466Z] E0718 15:49:55.466264   17492 load.go:23] Could not load config from "c:\\Dev\\focus-bonus-app\\dataconnect": could not find dataconnect.yaml in `c:\Dev\focus-bonus-app\dataconnect`
 {"metadata":{"emulator":{"name":"dataconnect"},"message":"E0718 15:49:55.466264   17492 load.go:23] Could not load config from \"c:\\\\Dev\\\\focus-bonus-app\\\\dataconnect\": could not find dataconnect.yaml in `c:\\Dev\\focus-bonus-app\\dataconnect`\n"}}
[debug] [2025-07-18T18:50:05.465Z] E0718 15:50:05.464603   17492 load.go:23] Could not load config from "c:\\Dev\\focus-bonus-app\\dataconnect": could not find dataconnect.yaml in `c:\Dev\focus-bonus-app\dataconnect`
 {"metadata":{"emulator":{"name":"dataconnect"},"message":"E0718 15:50:05.464603   17492 load.go:23] Could not load config from \"c:\\\\Dev\\\\focus-bonus-app\\\\dataconnect\": could not find dataconnect.yaml in `c:\\Dev\\focus-bonus-app\\dataconnect`\n"}}
[debug] [2025-07-18T18:50:15.465Z] E0718 15:50:15.464882   17492 load.go:23] Could not load config from "c:\\Dev\\focus-bonus-app\\dataconnect": could not find dataconnect.yaml in `c:\Dev\focus-bonus-app\dataconnect`
 {"metadata":{"emulator":{"name":"dataconnect"},"message":"E0718 15:50:15.464882   17492 load.go:23] Could not load config from \"c:\\\\Dev\\\\focus-bonus-app\\\\dataconnect\": could not find dataconnect.yaml in `c:\\Dev\\focus-bonus-app\\dataconnect`\n"}}
[debug] [2025-07-18T18:50:25.466Z] E0718 15:50:25.465149   17492 load.go:23] Could not load config from "c:\\Dev\\focus-bonus-app\\dataconnect": could not find dataconnect.yaml in `c:\Dev\focus-bonus-app\dataconnect`
E0718 15:50:25.465149   17492 watch.go:76] watchAllDir unable to walk dir `c:\Dev\focus-bonus-app\dataconnect`: on path "c:\\Dev\\focus-bonus-app\\dataconnect" (DirEntry: <nil>): CreateFile c:\Dev\focus-bonus-app\dataconnect: The system cannot find the file specified.
 {"metadata":{"emulator":{"name":"dataconnect"},"message":"E0718 15:50:25.465149   17492 load.go:23] Could not load config from \"c:\\\\Dev\\\\focus-bonus-app\\\\dataconnect\": could not find dataconnect.yaml in `c:\\Dev\\focus-bonus-app\\dataconnect`\nE0718 15:50:25.465149   17492 watch.go:76] watchAllDir unable to walk dir `c:\\Dev\\focus-bonus-app\\dataconnect`: on path \"c:\\\\Dev\\\\focus-bonus-app\\\\dataconnect\" (DirEntry: <nil>): CreateFile c:\\Dev\\focus-bonus-app\\dataconnect: The system cannot find the file specified.\n"}}
[debug] [2025-07-18T18:50:35.465Z] E0718 15:50:35.464566   17492 load.go:23] Could not load config from "c:\\Dev\\focus-bonus-app\\dataconnect": could not find dataconnect.yaml in `c:\Dev\focus-bonus-app\dataconnect`
 {"metadata":{"emulator":{"name":"dataconnect"},"message":"E0718 15:50:35.464566   17492 load.go:23] Could not load config from \"c:\\\\Dev\\\\focus-bonus-app\\\\dataconnect\": could not find dataconnect.yaml in `c:\\Dev\\focus-bonus-app\\dataconnect`\n"}}
[debug] [2025-07-18T18:50:45.465Z] E0718 15:50:45.465399   17492 load.go:23] Could not load config from "c:\\Dev\\focus-bonus-app\\dataconnect": could not find dataconnect.yaml in `c:\Dev\focus-bonus-app\dataconnect`
 {"metadata":{"emulator":{"name":"dataconnect"},"message":"E0718 15:50:45.465399   17492 load.go:23] Could not load config from \"c:\\\\Dev\\\\focus-bonus-app\\\\dataconnect\": could not find dataconnect.yaml in `c:\\Dev\\focus-bonus-app\\dataconnect`\n"}}
[debug] [2025-07-18T18:50:55.465Z] E0718 15:50:55.465647   17492 load.go:23] Could not load config from "c:\\Dev\\focus-bonus-app\\dataconnect": could not find dataconnect.yaml in `c:\Dev\focus-bonus-app\dataconnect`
 {"metadata":{"emulator":{"name":"dataconnect"},"message":"E0718 15:50:55.465647   17492 load.go:23] Could not load config from \"c:\\\\Dev\\\\focus-bonus-app\\\\dataconnect\": could not find dataconnect.yaml in `c:\\Dev\\focus-bonus-app\\dataconnect`\n"}}
[debug] [2025-07-18T18:51:05.464Z] E0718 15:51:05.464476   17492 load.go:23] Could not load config from "c:\\Dev\\focus-bonus-app\\dataconnect": could not find dataconnect.yaml in `c:\Dev\focus-bonus-app\dataconnect`
 {"metadata":{"emulator":{"name":"dataconnect"},"message":"E0718 15:51:05.464476   17492 load.go:23] Could not load config from \"c:\\\\Dev\\\\focus-bonus-app\\\\dataconnect\": could not find dataconnect.yaml in `c:\\Dev\\focus-bonus-app\\dataconnect`\n"}}
[debug] [2025-07-18T18:51:15.464Z] E0718 15:51:15.464864   17492 load.go:23] Could not load config from "c:\\Dev\\focus-bonus-app\\dataconnect": could not find dataconnect.yaml in `c:\Dev\focus-bonus-app\dataconnect`
 {"metadata":{"emulator":{"name":"dataconnect"},"message":"E0718 15:51:15.464864   17492 load.go:23] Could not load config from \"c:\\\\Dev\\\\focus-bonus-app\\\\dataconnect\": could not find dataconnect.yaml in `c:\\Dev\\focus-bonus-app\\dataconnect`\n"}}
[debug] [2025-07-18T18:51:25.465Z] E0718 15:51:25.464739   17492 load.go:23] Could not load config from "c:\\Dev\\focus-bonus-app\\dataconnect": could not find dataconnect.yaml in `c:\Dev\focus-bonus-app\dataconnect`
 {"metadata":{"emulator":{"name":"dataconnect"},"message":"E0718 15:51:25.464739   17492 load.go:23] Could not load config from \"c:\\\\Dev\\\\focus-bonus-app\\\\dataconnect\": could not find dataconnect.yaml in `c:\\Dev\\focus-bonus-app\\dataconnect`\n"}}
[debug] [2025-07-18T18:51:35.464Z] E0718 15:51:35.464507   17492 load.go:23] Could not load config from "c:\\Dev\\focus-bonus-app\\dataconnect": could not find dataconnect.yaml in `c:\Dev\focus-bonus-app\dataconnect`
 {"metadata":{"emulator":{"name":"dataconnect"},"message":"E0718 15:51:35.464507   17492 load.go:23] Could not load config from \"c:\\\\Dev\\\\focus-bonus-app\\\\dataconnect\": could not find dataconnect.yaml in `c:\\Dev\\focus-bonus-app\\dataconnect`\n"}}
[debug] [2025-07-18T18:51:45.464Z] E0718 15:51:45.464507   17492 load.go:23] Could not load config from "c:\\Dev\\focus-bonus-app\\dataconnect": could not find dataconnect.yaml in `c:\Dev\focus-bonus-app\dataconnect`
 {"metadata":{"emulator":{"name":"dataconnect"},"message":"E0718 15:51:45.464507   17492 load.go:23] Could not load config from \"c:\\\\Dev\\\\focus-bonus-app\\\\dataconnect\": could not find dataconnect.yaml in `c:\\Dev\\focus-bonus-app\\dataconnect`\n"}}
[debug] [2025-07-18T18:51:55.465Z] E0718 15:51:55.464673   17492 load.go:23] Could not load config from "c:\\Dev\\focus-bonus-app\\dataconnect": could not find dataconnect.yaml in `c:\Dev\focus-bonus-app\dataconnect`
 {"metadata":{"emulator":{"name":"dataconnect"},"message":"E0718 15:51:55.464673   17492 load.go:23] Could not load config from \"c:\\\\Dev\\\\focus-bonus-app\\\\dataconnect\": could not find dataconnect.yaml in `c:\\Dev\\focus-bonus-app\\dataconnect`\n"}}
[debug] [2025-07-18T18:52:05.465Z] E0718 15:52:05.464625   17492 load.go:23] Could not load config from "c:\\Dev\\focus-bonus-app\\dataconnect": could not find dataconnect.yaml in `c:\Dev\focus-bonus-app\dataconnect`
 {"metadata":{"emulator":{"name":"dataconnect"},"message":"E0718 15:52:05.464625   17492 load.go:23] Could not load config from \"c:\\\\Dev\\\\focus-bonus-app\\\\dataconnect\": could not find dataconnect.yaml in `c:\\Dev\\focus-bonus-app\\dataconnect`\n"}}
[debug] [2025-07-18T18:52:15.464Z] E0718 15:52:15.464523   17492 load.go:23] Could not load config from "c:\\Dev\\focus-bonus-app\\dataconnect": could not find dataconnect.yaml in `c:\Dev\focus-bonus-app\dataconnect`
 {"metadata":{"emulator":{"name":"dataconnect"},"message":"E0718 15:52:15.464523   17492 load.go:23] Could not load config from \"c:\\\\Dev\\\\focus-bonus-app\\\\dataconnect\": could not find dataconnect.yaml in `c:\\Dev\\focus-bonus-app\\dataconnect`\n"}}
[debug] [2025-07-18T18:52:25.465Z] E0718 15:52:25.464816   17492 load.go:23] Could not load config from "c:\\Dev\\focus-bonus-app\\dataconnect": could not find dataconnect.yaml in `c:\Dev\focus-bonus-app\dataconnect`
E0718 15:52:25.464816   17492 watch.go:76] watchAllDir unable to walk dir `c:\Dev\focus-bonus-app\dataconnect`: on path "c:\\Dev\\focus-bonus-app\\dataconnect" (DirEntry: <nil>): CreateFile c:\Dev\focus-bonus-app\dataconnect: The system cannot find the file specified.
 {"metadata":{"emulator":{"name":"dataconnect"},"message":"E0718 15:52:25.464816   17492 load.go:23] Could not load config from \"c:\\\\Dev\\\\focus-bonus-app\\\\dataconnect\": could not find dataconnect.yaml in `c:\\Dev\\focus-bonus-app\\dataconnect`\nE0718 15:52:25.464816   17492 watch.go:76] watchAllDir unable to walk dir `c:\\Dev\\focus-bonus-app\\dataconnect`: on path \"c:\\\\Dev\\\\focus-bonus-app\\\\dataconnect\" (DirEntry: <nil>): CreateFile c:\\Dev\\focus-bonus-app\\dataconnect: The system cannot find the file specified.\n"}}
[debug] [2025-07-18T18:52:35.464Z] E0718 15:52:35.464463   17492 load.go:23] Could not load config from "c:\\Dev\\focus-bonus-app\\dataconnect": could not find dataconnect.yaml in `c:\Dev\focus-bonus-app\dataconnect`
 {"metadata":{"emulator":{"name":"dataconnect"},"message":"E0718 15:52:35.464463   17492 load.go:23] Could not load config from \"c:\\\\Dev\\\\focus-bonus-app\\\\dataconnect\": could not find dataconnect.yaml in `c:\\Dev\\focus-bonus-app\\dataconnect`\n"}}
[debug] [2025-07-18T18:52:45.464Z] E0718 15:52:45.464286   17492 load.go:23] Could not load config from "c:\\Dev\\focus-bonus-app\\dataconnect": could not find dataconnect.yaml in `c:\Dev\focus-bonus-app\dataconnect`
 {"metadata":{"emulator":{"name":"dataconnect"},"message":"E0718 15:52:45.464286   17492 load.go:23] Could not load config from \"c:\\\\Dev\\\\focus-bonus-app\\\\dataconnect\": could not find dataconnect.yaml in `c:\\Dev\\focus-bonus-app\\dataconnect`\n"}}
[debug] [2025-07-18T18:52:55.465Z] E0718 15:52:55.465126   17492 load.go:23] Could not load config from "c:\\Dev\\focus-bonus-app\\dataconnect": could not find dataconnect.yaml in `c:\Dev\focus-bonus-app\dataconnect`
 {"metadata":{"emulator":{"name":"dataconnect"},"message":"E0718 15:52:55.465126   17492 load.go:23] Could not load config from \"c:\\\\Dev\\\\focus-bonus-app\\\\dataconnect\": could not find dataconnect.yaml in `c:\\Dev\\focus-bonus-app\\dataconnect`\n"}}
[debug] [2025-07-18T18:53:05.464Z] E0718 15:53:05.464635   17492 load.go:23] Could not load config from "c:\\Dev\\focus-bonus-app\\dataconnect": could not find dataconnect.yaml in `c:\Dev\focus-bonus-app\dataconnect`
 {"metadata":{"emulator":{"name":"dataconnect"},"message":"E0718 15:53:05.464635   17492 load.go:23] Could not load config from \"c:\\\\Dev\\\\focus-bonus-app\\\\dataconnect\": could not find dataconnect.yaml in `c:\\Dev\\focus-bonus-app\\dataconnect`\n"}}
[debug] [2025-07-18T18:53:15.464Z] E0718 15:53:15.464487   17492 load.go:23] Could not load config from "c:\\Dev\\focus-bonus-app\\dataconnect": could not find dataconnect.yaml in `c:\Dev\focus-bonus-app\dataconnect`
 {"metadata":{"emulator":{"name":"dataconnect"},"message":"E0718 15:53:15.464487   17492 load.go:23] Could not load config from \"c:\\\\Dev\\\\focus-bonus-app\\\\dataconnect\": could not find dataconnect.yaml in `c:\\Dev\\focus-bonus-app\\dataconnect`\n"}}
[debug] [2025-07-18T18:53:25.465Z] E0718 15:53:25.464612   17492 load.go:23] Could not load config from "c:\\Dev\\focus-bonus-app\\dataconnect": could not find dataconnect.yaml in `c:\Dev\focus-bonus-app\dataconnect`
 {"metadata":{"emulator":{"name":"dataconnect"},"message":"E0718 15:53:25.464612   17492 load.go:23] Could not load config from \"c:\\\\Dev\\\\focus-bonus-app\\\\dataconnect\": could not find dataconnect.yaml in `c:\\Dev\\focus-bonus-app\\dataconnect`\n"}}
[debug] [2025-07-18T18:53:35.464Z] E0718 15:53:35.464669   17492 load.go:23] Could not load config from "c:\\Dev\\focus-bonus-app\\dataconnect": could not find dataconnect.yaml in `c:\Dev\focus-bonus-app\dataconnect`
 {"metadata":{"emulator":{"name":"dataconnect"},"message":"E0718 15:53:35.464669   17492 load.go:23] Could not load config from \"c:\\\\Dev\\\\focus-bonus-app\\\\dataconnect\": could not find dataconnect.yaml in `c:\\Dev\\focus-bonus-app\\dataconnect`\n"}}
[debug] [2025-07-18T18:53:45.464Z] E0718 15:53:45.464502   17492 load.go:23] Could not load config from "c:\\Dev\\focus-bonus-app\\dataconnect": could not find dataconnect.yaml in `c:\Dev\focus-bonus-app\dataconnect`
 {"metadata":{"emulator":{"name":"dataconnect"},"message":"E0718 15:53:45.464502   17492 load.go:23] Could not load config from \"c:\\\\Dev\\\\focus-bonus-app\\\\dataconnect\": could not find dataconnect.yaml in `c:\\Dev\\focus-bonus-app\\dataconnect`\n"}}
[debug] [2025-07-18T18:53:55.465Z] E0718 15:53:55.464869   17492 load.go:23] Could not load config from "c:\\Dev\\focus-bonus-app\\dataconnect": could not find dataconnect.yaml in `c:\Dev\focus-bonus-app\dataconnect`
 {"metadata":{"emulator":{"name":"dataconnect"},"message":"E0718 15:53:55.464869   17492 load.go:23] Could not load config from \"c:\\\\Dev\\\\focus-bonus-app\\\\dataconnect\": could not find dataconnect.yaml in `c:\\Dev\\focus-bonus-app\\dataconnect`\n"}}
[debug] [2025-07-18T18:54:05.464Z] E0718 15:54:05.464546   17492 load.go:23] Could not load config from "c:\\Dev\\focus-bonus-app\\dataconnect": could not find dataconnect.yaml in `c:\Dev\focus-bonus-app\dataconnect`
 {"metadata":{"emulator":{"name":"dataconnect"},"message":"E0718 15:54:05.464546   17492 load.go:23] Could not load config from \"c:\\\\Dev\\\\focus-bonus-app\\\\dataconnect\": could not find dataconnect.yaml in `c:\\Dev\\focus-bonus-app\\dataconnect`\n"}}
[debug] [2025-07-18T18:54:15.464Z] E0718 15:54:15.464743   17492 load.go:23] Could not load config from "c:\\Dev\\focus-bonus-app\\dataconnect": could not find dataconnect.yaml in `c:\Dev\focus-bonus-app\dataconnect`
 {"metadata":{"emulator":{"name":"dataconnect"},"message":"E0718 15:54:15.464743   17492 load.go:23] Could not load config from \"c:\\\\Dev\\\\focus-bonus-app\\\\dataconnect\": could not find dataconnect.yaml in `c:\\Dev\\focus-bonus-app\\dataconnect`\n"}}
[debug] [2025-07-18T18:54:25.467Z] E0718 15:54:25.466275   17492 load.go:23] Could not load config from "c:\\Dev\\focus-bonus-app\\dataconnect": could not find dataconnect.yaml in `c:\Dev\focus-bonus-app\dataconnect`
 {"metadata":{"emulator":{"name":"dataconnect"},"message":"E0718 15:54:25.466275   17492 load.go:23] Could not load config from \"c:\\\\Dev\\\\focus-bonus-app\\\\dataconnect\": could not find dataconnect.yaml in `c:\\Dev\\focus-bonus-app\\dataconnect`\n"}}
[debug] [2025-07-18T18:54:25.469Z] E0718 15:54:25.467805   17492 watch.go:76] watchAllDir unable to walk dir `c:\Dev\focus-bonus-app\dataconnect`: on path "c:\\Dev\\focus-bonus-app\\dataconnect" (DirEntry: <nil>): CreateFile c:\Dev\focus-bonus-app\dataconnect: The system cannot find the file specified.
 {"metadata":{"emulator":{"name":"dataconnect"},"message":"E0718 15:54:25.467805   17492 watch.go:76] watchAllDir unable to walk dir `c:\\Dev\\focus-bonus-app\\dataconnect`: on path \"c:\\\\Dev\\\\focus-bonus-app\\\\dataconnect\" (DirEntry: <nil>): CreateFile c:\\Dev\\focus-bonus-app\\dataconnect: The system cannot find the file specified.\n"}}
[debug] [2025-07-18T18:54:35.464Z] E0718 15:54:35.464369   17492 load.go:23] Could not load config from "c:\\Dev\\focus-bonus-app\\dataconnect": could not find dataconnect.yaml in `c:\Dev\focus-bonus-app\dataconnect`
 {"metadata":{"emulator":{"name":"dataconnect"},"message":"E0718 15:54:35.464369   17492 load.go:23] Could not load config from \"c:\\\\Dev\\\\focus-bonus-app\\\\dataconnect\": could not find dataconnect.yaml in `c:\\Dev\\focus-bonus-app\\dataconnect`\n"}}
[debug] [2025-07-18T18:54:45.464Z] E0718 15:54:45.464581   17492 load.go:23] Could not load config from "c:\\Dev\\focus-bonus-app\\dataconnect": could not find dataconnect.yaml in `c:\Dev\focus-bonus-app\dataconnect`
 {"metadata":{"emulator":{"name":"dataconnect"},"message":"E0718 15:54:45.464581   17492 load.go:23] Could not load config from \"c:\\\\Dev\\\\focus-bonus-app\\\\dataconnect\": could not find dataconnect.yaml in `c:\\Dev\\focus-bonus-app\\dataconnect`\n"}}
[debug] [2025-07-18T18:54:55.464Z] E0718 15:54:55.464582   17492 load.go:23] Could not load config from "c:\\Dev\\focus-bonus-app\\dataconnect": could not find dataconnect.yaml in `c:\Dev\focus-bonus-app\dataconnect`
 {"metadata":{"emulator":{"name":"dataconnect"},"message":"E0718 15:54:55.464582   17492 load.go:23] Could not load config from \"c:\\\\Dev\\\\focus-bonus-app\\\\dataconnect\": could not find dataconnect.yaml in `c:\\Dev\\focus-bonus-app\\dataconnect`\n"}}
[debug] [2025-07-18T18:55:05.465Z] E0718 15:55:05.464981   17492 load.go:23] Could not load config from "c:\\Dev\\focus-bonus-app\\dataconnect": could not find dataconnect.yaml in `c:\Dev\focus-bonus-app\dataconnect`
 {"metadata":{"emulator":{"name":"dataconnect"},"message":"E0718 15:55:05.464981   17492 load.go:23] Could not load config from \"c:\\\\Dev\\\\focus-bonus-app\\\\dataconnect\": could not find dataconnect.yaml in `c:\\Dev\\focus-bonus-app\\dataconnect`\n"}}
[debug] [2025-07-18T18:55:15.465Z] E0718 15:55:15.465168   17492 load.go:23] Could not load config from "c:\\Dev\\focus-bonus-app\\dataconnect": could not find dataconnect.yaml in `c:\Dev\focus-bonus-app\dataconnect`
 {"metadata":{"emulator":{"name":"dataconnect"},"message":"E0718 15:55:15.465168   17492 load.go:23] Could not load config from \"c:\\\\Dev\\\\focus-bonus-app\\\\dataconnect\": could not find dataconnect.yaml in `c:\\Dev\\focus-bonus-app\\dataconnect`\n"}}
[debug] [2025-07-18T18:55:25.465Z] E0718 15:55:25.465531   17492 load.go:23] Could not load config from "c:\\Dev\\focus-bonus-app\\dataconnect": could not find dataconnect.yaml in `c:\Dev\focus-bonus-app\dataconnect`
 {"metadata":{"emulator":{"name":"dataconnect"},"message":"E0718 15:55:25.465531   17492 load.go:23] Could not load config from \"c:\\\\Dev\\\\focus-bonus-app\\\\dataconnect\": could not find dataconnect.yaml in `c:\\Dev\\focus-bonus-app\\dataconnect`\n"}}
[debug] [2025-07-18T18:55:35.465Z] E0718 15:55:35.464880   17492 load.go:23] Could not load config from "c:\\Dev\\focus-bonus-app\\dataconnect": could not find dataconnect.yaml in `c:\Dev\focus-bonus-app\dataconnect`
 {"metadata":{"emulator":{"name":"dataconnect"},"message":"E0718 15:55:35.464880   17492 load.go:23] Could not load config from \"c:\\\\Dev\\\\focus-bonus-app\\\\dataconnect\": could not find dataconnect.yaml in `c:\\Dev\\focus-bonus-app\\dataconnect`\n"}}
[debug] [2025-07-18T18:55:45.467Z] E0718 15:55:45.466801   17492 load.go:23] Could not load config from "c:\\Dev\\focus-bonus-app\\dataconnect": could not find dataconnect.yaml in `c:\Dev\focus-bonus-app\dataconnect`
 {"metadata":{"emulator":{"name":"dataconnect"},"message":"E0718 15:55:45.466801   17492 load.go:23] Could not load config from \"c:\\\\Dev\\\\focus-bonus-app\\\\dataconnect\": could not find dataconnect.yaml in `c:\\Dev\\focus-bonus-app\\dataconnect`\n"}}
[debug] [2025-07-18T18:55:55.465Z] E0718 15:55:55.464989   17492 load.go:23] Could not load config from "c:\\Dev\\focus-bonus-app\\dataconnect": could not find dataconnect.yaml in `c:\Dev\focus-bonus-app\dataconnect`
 {"metadata":{"emulator":{"name":"dataconnect"},"message":"E0718 15:55:55.464989   17492 load.go:23] Could not load config from \"c:\\\\Dev\\\\focus-bonus-app\\\\dataconnect\": could not find dataconnect.yaml in `c:\\Dev\\focus-bonus-app\\dataconnect`\n"}}
[debug] [2025-07-18T18:56:05.465Z] E0718 15:56:05.464882   17492 load.go:23] Could not load config from "c:\\Dev\\focus-bonus-app\\dataconnect": could not find dataconnect.yaml in `c:\Dev\focus-bonus-app\dataconnect`
 {"metadata":{"emulator":{"name":"dataconnect"},"message":"E0718 15:56:05.464882   17492 load.go:23] Could not load config from \"c:\\\\Dev\\\\focus-bonus-app\\\\dataconnect\": could not find dataconnect.yaml in `c:\\Dev\\focus-bonus-app\\dataconnect`\n"}}
[debug] [2025-07-18T18:56:15.464Z] E0718 15:56:15.464638   17492 load.go:23] Could not load config from "c:\\Dev\\focus-bonus-app\\dataconnect": could not find dataconnect.yaml in `c:\Dev\focus-bonus-app\dataconnect`
 {"metadata":{"emulator":{"name":"dataconnect"},"message":"E0718 15:56:15.464638   17492 load.go:23] Could not load config from \"c:\\\\Dev\\\\focus-bonus-app\\\\dataconnect\": could not find dataconnect.yaml in `c:\\Dev\\focus-bonus-app\\dataconnect`\n"}}
[debug] [2025-07-18T18:56:25.465Z] E0718 15:56:25.464995   17492 load.go:23] Could not load config from "c:\\Dev\\focus-bonus-app\\dataconnect": could not find dataconnect.yaml in `c:\Dev\focus-bonus-app\dataconnect`
E0718 15:56:25.464995   17492 watch.go:76] watchAllDir unable to walk dir `c:\Dev\focus-bonus-app\dataconnect`: on path "c:\\Dev\\focus-bonus-app\\dataconnect" (DirEntry: <nil>): CreateFile c:\Dev\focus-bonus-app\dataconnect: The system cannot find the file specified.
 {"metadata":{"emulator":{"name":"dataconnect"},"message":"E0718 15:56:25.464995   17492 load.go:23] Could not load config from \"c:\\\\Dev\\\\focus-bonus-app\\\\dataconnect\": could not find dataconnect.yaml in `c:\\Dev\\focus-bonus-app\\dataconnect`\nE0718 15:56:25.464995   17492 watch.go:76] watchAllDir unable to walk dir `c:\\Dev\\focus-bonus-app\\dataconnect`: on path \"c:\\\\Dev\\\\focus-bonus-app\\\\dataconnect\" (DirEntry: <nil>): CreateFile c:\\Dev\\focus-bonus-app\\dataconnect: The system cannot find the file specified.\n"}}
[debug] [2025-07-18T18:56:35.465Z] E0718 15:56:35.464740   17492 load.go:23] Could not load config from "c:\\Dev\\focus-bonus-app\\dataconnect": could not find dataconnect.yaml in `c:\Dev\focus-bonus-app\dataconnect`
 {"metadata":{"emulator":{"name":"dataconnect"},"message":"E0718 15:56:35.464740   17492 load.go:23] Could not load config from \"c:\\\\Dev\\\\focus-bonus-app\\\\dataconnect\": could not find dataconnect.yaml in `c:\\Dev\\focus-bonus-app\\dataconnect`\n"}}
[debug] [2025-07-18T18:56:45.465Z] E0718 15:56:45.465200   17492 load.go:23] Could not load config from "c:\\Dev\\focus-bonus-app\\dataconnect": could not find dataconnect.yaml in `c:\Dev\focus-bonus-app\dataconnect`
 {"metadata":{"emulator":{"name":"dataconnect"},"message":"E0718 15:56:45.465200   17492 load.go:23] Could not load config from \"c:\\\\Dev\\\\focus-bonus-app\\\\dataconnect\": could not find dataconnect.yaml in `c:\\Dev\\focus-bonus-app\\dataconnect`\n"}}
[debug] [2025-07-18T18:56:55.465Z] E0718 15:56:55.465087   17492 load.go:23] Could not load config from "c:\\Dev\\focus-bonus-app\\dataconnect": could not find dataconnect.yaml in `c:\Dev\focus-bonus-app\dataconnect`
 {"metadata":{"emulator":{"name":"dataconnect"},"message":"E0718 15:56:55.465087   17492 load.go:23] Could not load config from \"c:\\\\Dev\\\\focus-bonus-app\\\\dataconnect\": could not find dataconnect.yaml in `c:\\Dev\\focus-bonus-app\\dataconnect`\n"}}
[debug] [2025-07-18T18:57:05.465Z] E0718 15:57:05.464782   17492 load.go:23] Could not load config from "c:\\Dev\\focus-bonus-app\\dataconnect": could not find dataconnect.yaml in `c:\Dev\focus-bonus-app\dataconnect`
 {"metadata":{"emulator":{"name":"dataconnect"},"message":"E0718 15:57:05.464782   17492 load.go:23] Could not load config from \"c:\\\\Dev\\\\focus-bonus-app\\\\dataconnect\": could not find dataconnect.yaml in `c:\\Dev\\focus-bonus-app\\dataconnect`\n"}}
[debug] [2025-07-18T18:57:15.464Z] E0718 15:57:15.464460   17492 load.go:23] Could not load config from "c:\\Dev\\focus-bonus-app\\dataconnect": could not find dataconnect.yaml in `c:\Dev\focus-bonus-app\dataconnect`
 {"metadata":{"emulator":{"name":"dataconnect"},"message":"E0718 15:57:15.464460   17492 load.go:23] Could not load config from \"c:\\\\Dev\\\\focus-bonus-app\\\\dataconnect\": could not find dataconnect.yaml in `c:\\Dev\\focus-bonus-app\\dataconnect`\n"}}
[debug] [2025-07-18T18:57:25.464Z] E0718 15:57:25.464980   17492 load.go:23] Could not load config from "c:\\Dev\\focus-bonus-app\\dataconnect": could not find dataconnect.yaml in `c:\Dev\focus-bonus-app\dataconnect`
 {"metadata":{"emulator":{"name":"dataconnect"},"message":"E0718 15:57:25.464980   17492 load.go:23] Could not load config from \"c:\\\\Dev\\\\focus-bonus-app\\\\dataconnect\": could not find dataconnect.yaml in `c:\\Dev\\focus-bonus-app\\dataconnect`\n"}}
[debug] [2025-07-18T18:57:35.465Z] E0718 15:57:35.464830   17492 load.go:23] Could not load config from "c:\\Dev\\focus-bonus-app\\dataconnect": could not find dataconnect.yaml in `c:\Dev\focus-bonus-app\dataconnect`
 {"metadata":{"emulator":{"name":"dataconnect"},"message":"E0718 15:57:35.464830   17492 load.go:23] Could not load config from \"c:\\\\Dev\\\\focus-bonus-app\\\\dataconnect\": could not find dataconnect.yaml in `c:\\Dev\\focus-bonus-app\\dataconnect`\n"}}
[debug] [2025-07-18T18:57:45.464Z] E0718 15:57:45.464418   17492 load.go:23] Could not load config from "c:\\Dev\\focus-bonus-app\\dataconnect": could not find dataconnect.yaml in `c:\Dev\focus-bonus-app\dataconnect`
 {"metadata":{"emulator":{"name":"dataconnect"},"message":"E0718 15:57:45.464418   17492 load.go:23] Could not load config from \"c:\\\\Dev\\\\focus-bonus-app\\\\dataconnect\": could not find dataconnect.yaml in `c:\\Dev\\focus-bonus-app\\dataconnect`\n"}}
[debug] [2025-07-18T18:57:55.464Z] E0718 15:57:55.464899   17492 load.go:23] Could not load config from "c:\\Dev\\focus-bonus-app\\dataconnect": could not find dataconnect.yaml in `c:\Dev\focus-bonus-app\dataconnect`
 {"metadata":{"emulator":{"name":"dataconnect"},"message":"E0718 15:57:55.464899   17492 load.go:23] Could not load config from \"c:\\\\Dev\\\\focus-bonus-app\\\\dataconnect\": could not find dataconnect.yaml in `c:\\Dev\\focus-bonus-app\\dataconnect`\n"}}
[debug] [2025-07-18T18:58:05.464Z] E0718 15:58:05.464339   17492 load.go:23] Could not load config from "c:\\Dev\\focus-bonus-app\\dataconnect": could not find dataconnect.yaml in `c:\Dev\focus-bonus-app\dataconnect`
 {"metadata":{"emulator":{"name":"dataconnect"},"message":"E0718 15:58:05.464339   17492 load.go:23] Could not load config from \"c:\\\\Dev\\\\focus-bonus-app\\\\dataconnect\": could not find dataconnect.yaml in `c:\\Dev\\focus-bonus-app\\dataconnect`\n"}}
[debug] [2025-07-18T18:58:15.465Z] E0718 15:58:15.464728   17492 load.go:23] Could not load config from "c:\\Dev\\focus-bonus-app\\dataconnect": could not find dataconnect.yaml in `c:\Dev\focus-bonus-app\dataconnect`
 {"metadata":{"emulator":{"name":"dataconnect"},"message":"E0718 15:58:15.464728   17492 load.go:23] Could not load config from \"c:\\\\Dev\\\\focus-bonus-app\\\\dataconnect\": could not find dataconnect.yaml in `c:\\Dev\\focus-bonus-app\\dataconnect`\n"}}
[debug] [2025-07-18T18:58:25.464Z] E0718 15:58:25.464402   17492 load.go:23] Could not load config from "c:\\Dev\\focus-bonus-app\\dataconnect": could not find dataconnect.yaml in `c:\Dev\focus-bonus-app\dataconnect`
E0718 15:58:25.464910   17492 watch.go:76] watchAllDir unable to walk dir `c:\Dev\focus-bonus-app\dataconnect`: on path "c:\\Dev\\focus-bonus-app\\dataconnect" (DirEntry: <nil>): CreateFile c:\Dev\focus-bonus-app\dataconnect: The system cannot find the file specified.
 {"metadata":{"emulator":{"name":"dataconnect"},"message":"E0718 15:58:25.464402   17492 load.go:23] Could not load config from \"c:\\\\Dev\\\\focus-bonus-app\\\\dataconnect\": could not find dataconnect.yaml in `c:\\Dev\\focus-bonus-app\\dataconnect`\nE0718 15:58:25.464910   17492 watch.go:76] watchAllDir unable to walk dir `c:\\Dev\\focus-bonus-app\\dataconnect`: on path \"c:\\\\Dev\\\\focus-bonus-app\\\\dataconnect\" (DirEntry: <nil>): CreateFile c:\\Dev\\focus-bonus-app\\dataconnect: The system cannot find the file specified.\n"}}
[debug] [2025-07-18T18:58:35.464Z] E0718 15:58:35.464398   17492 load.go:23] Could not load config from "c:\\Dev\\focus-bonus-app\\dataconnect": could not find dataconnect.yaml in `c:\Dev\focus-bonus-app\dataconnect`
 {"metadata":{"emulator":{"name":"dataconnect"},"message":"E0718 15:58:35.464398   17492 load.go:23] Could not load config from \"c:\\\\Dev\\\\focus-bonus-app\\\\dataconnect\": could not find dataconnect.yaml in `c:\\Dev\\focus-bonus-app\\dataconnect`\n"}}
[debug] [2025-07-18T18:58:45.465Z] E0718 15:58:45.464550   17492 load.go:23] Could not load config from "c:\\Dev\\focus-bonus-app\\dataconnect": could not find dataconnect.yaml in `c:\Dev\focus-bonus-app\dataconnect`
 {"metadata":{"emulator":{"name":"dataconnect"},"message":"E0718 15:58:45.464550   17492 load.go:23] Could not load config from \"c:\\\\Dev\\\\focus-bonus-app\\\\dataconnect\": could not find dataconnect.yaml in `c:\\Dev\\focus-bonus-app\\dataconnect`\n"}}
[debug] [2025-07-18T18:58:55.465Z] E0718 15:58:55.464749   17492 load.go:23] Could not load config from "c:\\Dev\\focus-bonus-app\\dataconnect": could not find dataconnect.yaml in `c:\Dev\focus-bonus-app\dataconnect`
 {"metadata":{"emulator":{"name":"dataconnect"},"message":"E0718 15:58:55.464749   17492 load.go:23] Could not load config from \"c:\\\\Dev\\\\focus-bonus-app\\\\dataconnect\": could not find dataconnect.yaml in `c:\\Dev\\focus-bonus-app\\dataconnect`\n"}}
[debug] [2025-07-18T18:59:05.465Z] E0718 15:59:05.464719   17492 load.go:23] Could not load config from "c:\\Dev\\focus-bonus-app\\dataconnect": could not find dataconnect.yaml in `c:\Dev\focus-bonus-app\dataconnect`
 {"metadata":{"emulator":{"name":"dataconnect"},"message":"E0718 15:59:05.464719   17492 load.go:23] Could not load config from \"c:\\\\Dev\\\\focus-bonus-app\\\\dataconnect\": could not find dataconnect.yaml in `c:\\Dev\\focus-bonus-app\\dataconnect`\n"}}
[debug] [2025-07-18T18:59:15.465Z] E0718 15:59:15.464671   17492 load.go:23] Could not load config from "c:\\Dev\\focus-bonus-app\\dataconnect": could not find dataconnect.yaml in `c:\Dev\focus-bonus-app\dataconnect`
 {"metadata":{"emulator":{"name":"dataconnect"},"message":"E0718 15:59:15.464671   17492 load.go:23] Could not load config from \"c:\\\\Dev\\\\focus-bonus-app\\\\dataconnect\": could not find dataconnect.yaml in `c:\\Dev\\focus-bonus-app\\dataconnect`\n"}}
[debug] [2025-07-18T18:59:25.464Z] E0718 15:59:25.464895   17492 load.go:23] Could not load config from "c:\\Dev\\focus-bonus-app\\dataconnect": could not find dataconnect.yaml in `c:\Dev\focus-bonus-app\dataconnect`
 {"metadata":{"emulator":{"name":"dataconnect"},"message":"E0718 15:59:25.464895   17492 load.go:23] Could not load config from \"c:\\\\Dev\\\\focus-bonus-app\\\\dataconnect\": could not find dataconnect.yaml in `c:\\Dev\\focus-bonus-app\\dataconnect`\n"}}
[debug] [2025-07-18T18:59:35.464Z] E0718 15:59:35.464572   17492 load.go:23] Could not load config from "c:\\Dev\\focus-bonus-app\\dataconnect": could not find dataconnect.yaml in `c:\Dev\focus-bonus-app\dataconnect`
 {"metadata":{"emulator":{"name":"dataconnect"},"message":"E0718 15:59:35.464572   17492 load.go:23] Could not load config from \"c:\\\\Dev\\\\focus-bonus-app\\\\dataconnect\": could not find dataconnect.yaml in `c:\\Dev\\focus-bonus-app\\dataconnect`\n"}}
[debug] [2025-07-18T18:59:45.464Z] E0718 15:59:45.464366   17492 load.go:23] Could not load config from "c:\\Dev\\focus-bonus-app\\dataconnect": could not find dataconnect.yaml in `c:\Dev\focus-bonus-app\dataconnect`
 {"metadata":{"emulator":{"name":"dataconnect"},"message":"E0718 15:59:45.464366   17492 load.go:23] Could not load config from \"c:\\\\Dev\\\\focus-bonus-app\\\\dataconnect\": could not find dataconnect.yaml in `c:\\Dev\\focus-bonus-app\\dataconnect`\n"}}
[debug] [2025-07-18T18:59:55.464Z] E0718 15:59:55.464659   17492 load.go:23] Could not load config from "c:\\Dev\\focus-bonus-app\\dataconnect": could not find dataconnect.yaml in `c:\Dev\focus-bonus-app\dataconnect`
 {"metadata":{"emulator":{"name":"dataconnect"},"message":"E0718 15:59:55.464659   17492 load.go:23] Could not load config from \"c:\\\\Dev\\\\focus-bonus-app\\\\dataconnect\": could not find dataconnect.yaml in `c:\\Dev\\focus-bonus-app\\dataconnect`\n"}}
[debug] [2025-07-18T19:00:05.464Z] E0718 16:00:05.464527   17492 load.go:23] Could not load config from "c:\\Dev\\focus-bonus-app\\dataconnect": could not find dataconnect.yaml in `c:\Dev\focus-bonus-app\dataconnect`
 {"metadata":{"emulator":{"name":"dataconnect"},"message":"E0718 16:00:05.464527   17492 load.go:23] Could not load config from \"c:\\\\Dev\\\\focus-bonus-app\\\\dataconnect\": could not find dataconnect.yaml in `c:\\Dev\\focus-bonus-app\\dataconnect`\n"}}
[debug] [2025-07-18T19:00:15.465Z] E0718 16:00:15.464669   17492 load.go:23] Could not load config from "c:\\Dev\\focus-bonus-app\\dataconnect": could not find dataconnect.yaml in `c:\Dev\focus-bonus-app\dataconnect`
 {"metadata":{"emulator":{"name":"dataconnect"},"message":"E0718 16:00:15.464669   17492 load.go:23] Could not load config from \"c:\\\\Dev\\\\focus-bonus-app\\\\dataconnect\": could not find dataconnect.yaml in `c:\\Dev\\focus-bonus-app\\dataconnect`\n"}}
[debug] [2025-07-18T19:00:25.465Z] E0718 16:00:25.465076   17492 load.go:23] Could not load config from "c:\\Dev\\focus-bonus-app\\dataconnect": could not find dataconnect.yaml in `c:\Dev\focus-bonus-app\dataconnect`
E0718 16:00:25.465076   17492 watch.go:76] watchAllDir unable to walk dir `c:\Dev\focus-bonus-app\dataconnect`: on path "c:\\Dev\\focus-bonus-app\\dataconnect" (DirEntry: <nil>): CreateFile c:\Dev\focus-bonus-app\dataconnect: The system cannot find the file specified.
 {"metadata":{"emulator":{"name":"dataconnect"},"message":"E0718 16:00:25.465076   17492 load.go:23] Could not load config from \"c:\\\\Dev\\\\focus-bonus-app\\\\dataconnect\": could not find dataconnect.yaml in `c:\\Dev\\focus-bonus-app\\dataconnect`\nE0718 16:00:25.465076   17492 watch.go:76] watchAllDir unable to walk dir `c:\\Dev\\focus-bonus-app\\dataconnect`: on path \"c:\\\\Dev\\\\focus-bonus-app\\\\dataconnect\" (DirEntry: <nil>): CreateFile c:\\Dev\\focus-bonus-app\\dataconnect: The system cannot find the file specified.\n"}}
[debug] [2025-07-18T19:00:35.464Z] E0718 16:00:35.464365   17492 load.go:23] Could not load config from "c:\\Dev\\focus-bonus-app\\dataconnect": could not find dataconnect.yaml in `c:\Dev\focus-bonus-app\dataconnect`
 {"metadata":{"emulator":{"name":"dataconnect"},"message":"E0718 16:00:35.464365   17492 load.go:23] Could not load config from \"c:\\\\Dev\\\\focus-bonus-app\\\\dataconnect\": could not find dataconnect.yaml in `c:\\Dev\\focus-bonus-app\\dataconnect`\n"}}
[debug] [2025-07-18T19:00:45.464Z] E0718 16:00:45.464578   17492 load.go:23] Could not load config from "c:\\Dev\\focus-bonus-app\\dataconnect": could not find dataconnect.yaml in `c:\Dev\focus-bonus-app\dataconnect`
 {"metadata":{"emulator":{"name":"dataconnect"},"message":"E0718 16:00:45.464578   17492 load.go:23] Could not load config from \"c:\\\\Dev\\\\focus-bonus-app\\\\dataconnect\": could not find dataconnect.yaml in `c:\\Dev\\focus-bonus-app\\dataconnect`\n"}}
[debug] [2025-07-18T19:00:55.465Z] E0718 16:00:55.465674   17492 load.go:23] Could not load config from "c:\\Dev\\focus-bonus-app\\dataconnect": could not find dataconnect.yaml in `c:\Dev\focus-bonus-app\dataconnect`
 {"metadata":{"emulator":{"name":"dataconnect"},"message":"E0718 16:00:55.465674   17492 load.go:23] Could not load config from \"c:\\\\Dev\\\\focus-bonus-app\\\\dataconnect\": could not find dataconnect.yaml in `c:\\Dev\\focus-bonus-app\\dataconnect`\n"}}
[debug] [2025-07-18T19:01:05.464Z] E0718 16:01:05.464644   17492 load.go:23] Could not load config from "c:\\Dev\\focus-bonus-app\\dataconnect": could not find dataconnect.yaml in `c:\Dev\focus-bonus-app\dataconnect`
 {"metadata":{"emulator":{"name":"dataconnect"},"message":"E0718 16:01:05.464644   17492 load.go:23] Could not load config from \"c:\\\\Dev\\\\focus-bonus-app\\\\dataconnect\": could not find dataconnect.yaml in `c:\\Dev\\focus-bonus-app\\dataconnect`\n"}}
[debug] [2025-07-18T19:01:15.465Z] E0718 16:01:15.464854   17492 load.go:23] Could not load config from "c:\\Dev\\focus-bonus-app\\dataconnect": could not find dataconnect.yaml in `c:\Dev\focus-bonus-app\dataconnect`
 {"metadata":{"emulator":{"name":"dataconnect"},"message":"E0718 16:01:15.464854   17492 load.go:23] Could not load config from \"c:\\\\Dev\\\\focus-bonus-app\\\\dataconnect\": could not find dataconnect.yaml in `c:\\Dev\\focus-bonus-app\\dataconnect`\n"}}
[debug] [2025-07-18T19:01:25.465Z] E0718 16:01:25.465173   17492 load.go:23] Could not load config from "c:\\Dev\\focus-bonus-app\\dataconnect": could not find dataconnect.yaml in `c:\Dev\focus-bonus-app\dataconnect`
 {"metadata":{"emulator":{"name":"dataconnect"},"message":"E0718 16:01:25.465173   17492 load.go:23] Could not load config from \"c:\\\\Dev\\\\focus-bonus-app\\\\dataconnect\": could not find dataconnect.yaml in `c:\\Dev\\focus-bonus-app\\dataconnect`\n"}}
[debug] [2025-07-18T19:01:35.465Z] E0718 16:01:35.464891   17492 load.go:23] Could not load config from "c:\\Dev\\focus-bonus-app\\dataconnect": could not find dataconnect.yaml in `c:\Dev\focus-bonus-app\dataconnect`
 {"metadata":{"emulator":{"name":"dataconnect"},"message":"E0718 16:01:35.464891   17492 load.go:23] Could not load config from \"c:\\\\Dev\\\\focus-bonus-app\\\\dataconnect\": could not find dataconnect.yaml in `c:\\Dev\\focus-bonus-app\\dataconnect`\n"}}
[debug] [2025-07-18T19:01:45.465Z] E0718 16:01:45.464679   17492 load.go:23] Could not load config from "c:\\Dev\\focus-bonus-app\\dataconnect": could not find dataconnect.yaml in `c:\Dev\focus-bonus-app\dataconnect`
 {"metadata":{"emulator":{"name":"dataconnect"},"message":"E0718 16:01:45.464679   17492 load.go:23] Could not load config from \"c:\\\\Dev\\\\focus-bonus-app\\\\dataconnect\": could not find dataconnect.yaml in `c:\\Dev\\focus-bonus-app\\dataconnect`\n"}}
[debug] [2025-07-18T19:01:55.465Z] E0718 16:01:55.465722   17492 load.go:23] Could not load config from "c:\\Dev\\focus-bonus-app\\dataconnect": could not find dataconnect.yaml in `c:\Dev\focus-bonus-app\dataconnect`
 {"metadata":{"emulator":{"name":"dataconnect"},"message":"E0718 16:01:55.465722   17492 load.go:23] Could not load config from \"c:\\\\Dev\\\\focus-bonus-app\\\\dataconnect\": could not find dataconnect.yaml in `c:\\Dev\\focus-bonus-app\\dataconnect`\n"}}
[debug] [2025-07-18T19:02:05.464Z] E0718 16:02:05.464643   17492 load.go:23] Could not load config from "c:\\Dev\\focus-bonus-app\\dataconnect": could not find dataconnect.yaml in `c:\Dev\focus-bonus-app\dataconnect`
 {"metadata":{"emulator":{"name":"dataconnect"},"message":"E0718 16:02:05.464643   17492 load.go:23] Could not load config from \"c:\\\\Dev\\\\focus-bonus-app\\\\dataconnect\": could not find dataconnect.yaml in `c:\\Dev\\focus-bonus-app\\dataconnect`\n"}}
[debug] [2025-07-18T19:02:15.465Z] E0718 16:02:15.465041   17492 load.go:23] Could not load config from "c:\\Dev\\focus-bonus-app\\dataconnect": could not find dataconnect.yaml in `c:\Dev\focus-bonus-app\dataconnect`
 {"metadata":{"emulator":{"name":"dataconnect"},"message":"E0718 16:02:15.465041   17492 load.go:23] Could not load config from \"c:\\\\Dev\\\\focus-bonus-app\\\\dataconnect\": could not find dataconnect.yaml in `c:\\Dev\\focus-bonus-app\\dataconnect`\n"}}
[debug] [2025-07-18T19:02:25.465Z] E0718 16:02:25.464977   17492 load.go:23] Could not load config from "c:\\Dev\\focus-bonus-app\\dataconnect": could not find dataconnect.yaml in `c:\Dev\focus-bonus-app\dataconnect`
E0718 16:02:25.464977   17492 watch.go:76] watchAllDir unable to walk dir `c:\Dev\focus-bonus-app\dataconnect`: on path "c:\\Dev\\focus-bonus-app\\dataconnect" (DirEntry: <nil>): CreateFile c:\Dev\focus-bonus-app\dataconnect: The system cannot find the file specified.
 {"metadata":{"emulator":{"name":"dataconnect"},"message":"E0718 16:02:25.464977   17492 load.go:23] Could not load config from \"c:\\\\Dev\\\\focus-bonus-app\\\\dataconnect\": could not find dataconnect.yaml in `c:\\Dev\\focus-bonus-app\\dataconnect`\nE0718 16:02:25.464977   17492 watch.go:76] watchAllDir unable to walk dir `c:\\Dev\\focus-bonus-app\\dataconnect`: on path \"c:\\\\Dev\\\\focus-bonus-app\\\\dataconnect\" (DirEntry: <nil>): CreateFile c:\\Dev\\focus-bonus-app\\dataconnect: The system cannot find the file specified.\n"}}
[debug] [2025-07-18T19:02:35.466Z] E0718 16:02:35.465337   17492 load.go:23] Could not load config from "c:\\Dev\\focus-bonus-app\\dataconnect": could not find dataconnect.yaml in `c:\Dev\focus-bonus-app\dataconnect`
 {"metadata":{"emulator":{"name":"dataconnect"},"message":"E0718 16:02:35.465337   17492 load.go:23] Could not load config from \"c:\\\\Dev\\\\focus-bonus-app\\\\dataconnect\": could not find dataconnect.yaml in `c:\\Dev\\focus-bonus-app\\dataconnect`\n"}}
[debug] [2025-07-18T19:02:45.465Z] E0718 16:02:45.464636   17492 load.go:23] Could not load config from "c:\\Dev\\focus-bonus-app\\dataconnect": could not find dataconnect.yaml in `c:\Dev\focus-bonus-app\dataconnect`
 {"metadata":{"emulator":{"name":"dataconnect"},"message":"E0718 16:02:45.464636   17492 load.go:23] Could not load config from \"c:\\\\Dev\\\\focus-bonus-app\\\\dataconnect\": could not find dataconnect.yaml in `c:\\Dev\\focus-bonus-app\\dataconnect`\n"}}
[debug] [2025-07-18T19:02:55.465Z] E0718 16:02:55.464689   17492 load.go:23] Could not load config from "c:\\Dev\\focus-bonus-app\\dataconnect": could not find dataconnect.yaml in `c:\Dev\focus-bonus-app\dataconnect`
 {"metadata":{"emulator":{"name":"dataconnect"},"message":"E0718 16:02:55.464689   17492 load.go:23] Could not load config from \"c:\\\\Dev\\\\focus-bonus-app\\\\dataconnect\": could not find dataconnect.yaml in `c:\\Dev\\focus-bonus-app\\dataconnect`\n"}}
[debug] [2025-07-18T19:03:05.466Z] E0718 16:03:05.465393   17492 load.go:23] Could not load config from "c:\\Dev\\focus-bonus-app\\dataconnect": could not find dataconnect.yaml in `c:\Dev\focus-bonus-app\dataconnect`
 {"metadata":{"emulator":{"name":"dataconnect"},"message":"E0718 16:03:05.465393   17492 load.go:23] Could not load config from \"c:\\\\Dev\\\\focus-bonus-app\\\\dataconnect\": could not find dataconnect.yaml in `c:\\Dev\\focus-bonus-app\\dataconnect`\n"}}
